tile,unit,zone,url
10SGH5592,ca_sierranevada_5_2022_TahoeWest,10,https://prd-tnm.s3.amazonaws.com/StagedProducts/Elevation/OPR/Projects/CA_SierraNevada_B22/CA_SierraNevada_5_2022/TIFF/USGS_OPR_CA_SierraNevada_B22_bh_10SGH5592.tif
10SGH5593,ca_sierranevada_5_2022_TahoeWest,10,https://prd-tnm.s3.amazonaws.com/StagedProducts/Elevation/OPR/Projects/CA_SierraNevada_B22/CA_SierraNevada_5_2022/TIFF/USGS_OPR_CA_SierraNevada_B22_bh_10SGH5593.tif
10SGH5594,ca_sierranevada_5_2022_TahoeWest,10,https://prd-tnm.s3.amazonaws.com/StagedProducts/Elevation/OPR/Projects/CA_SierraNevada_B22/CA_SierraNevada_5_2022/TIFF/USGS_OPR_CA_SierraNevada_B22_bh_10SGH5594.tif
10SGH5595,ca_sierranevada_5_2022_TahoeWest,10,https://prd-tnm.s3.amazonaws.com/StagedProducts/Elevation/OPR/Projects/CA_SierraNevada_B22/CA_SierraNevada_5_2022/TIFF/USGS_OPR_CA_SierraNevada_B22_bh_10SGH5595.tif
10SGH5596,ca_sierranevada_5_2022_TahoeWest,10,https://prd-tnm.s3.amazonaws.com/StagedProducts/Elevation/OPR/Projects/CA_SierraNevada_B22/CA_SierraNevada_5_2022/TIFF/USGS_OPR_CA_SierraNevada_B22_bh_10SGH5596.tif
10SGH5597,ca_sierranevada_5_2022_TahoeWest,10,https://prd-tnm.s3.amazonaws.com/StagedProducts/Elevation/OPR/Projects/CA_SierraNevada_B22/CA_SierraNevada_5_2022/TIFF/USGS_OPR_CA_SierraNevada_B22_bh_10SGH5597.tif
10SGH5598,ca_sierranevada_5_2022_TahoeWest,10,https://prd-tnm.s3.amazonaws.com/StagedProducts/Elevation/OPR/Projects/CA_SierraNevada_B22/CA_SierraNevada_5_2022/TIFF/USGS_OPR_CA_SierraNevada_B22_bh_10SGH5598.tif
10SGH5691,ca_sierranevada_5_2022_TahoeWest,10,https://prd-tnm.s3.amazonaws.com/StagedProducts/Elevation/OPR/Projects/CA_SierraNevada_B22/CA_SierraNevada_5_2022/TIFF/USGS_OPR_CA_SierraNevada_B22_bh_10SGH5691.tif
10SGH5692,ca_sierranevada_5_2022_TahoeWest,10,https://prd-tnm.s3.amazonaws.com/StagedProducts/Elevation/OPR/Projects/CA_SierraNevada_B22/CA_SierraNevada_5_2022/TIFF/USGS_OPR_CA_SierraNevada_B22_bh_10SGH5692.tif
10SGH5693,ca_sierranevada_5_2022_TahoeWest,10,https://prd-tnm.s3.amazonaws.com/StagedProducts/Elevation/OPR/Projects/CA_SierraNevada_B22/CA_SierraNevada_5_2022/TIFF/USGS_OPR_CA_SierraNevada_B22_bh_10SGH5693.tif
10SGH5694,ca_sierranevada_5_2022_TahoeWest,10,https://prd-tnm.s3.amazonaws.com/StagedProducts/Elevation/OPR/Projects/CA_SierraNevada_B22/CA_SierraNevada_5_2022/TIFF/USGS_OPR_CA_SierraNevada_B22_bh_10SGH5694.tif
10SGH5695,ca_sierranevada_5_2022_TahoeWest,10,https://prd-tnm.s3.amazonaws.com/StagedProducts/Elevation/OPR/Projects/CA_SierraNevada_B22/CA_SierraNevada_5_2022/TIFF/USGS_OPR_CA_SierraNevada_B22_bh_10SGH5695.tif
10SGH5696,ca_sierranevada_5_2022_TahoeWest,10,https://prd-tnm.s3.amazonaws.com/StagedProducts/Elevation/OPR/Projects/CA_SierraNevada_B22/CA_SierraNevada_5_2022/TIFF/USGS_OPR_CA_SierraNevada_B22_bh_10SGH5696.tif
10SGH5697,ca_sierranevada_5_2022_TahoeWest,10,https://prd-tnm.s3.amazonaws.com/StagedProducts/Elevation/OPR/Projects/CA_SierraNevada_B22/CA_SierraNevada_5_2022/TIFF/USGS_OPR_CA_SierraNevada_B22_bh_10SGH5697.tif
10SGH5698,ca_sierranevada_5_2022_TahoeWest,10,https://prd-tnm.s3.amazonaws.com/StagedProducts/Elevation/OPR/Projects/CA_SierraNevada_B22/CA_SierraNevada_5_2022/TIFF/USGS_OPR_CA_SierraNevada_B22_bh_10SGH5698.tif
10SGH5699,ca_sierranevada_5_2022_TahoeWest,10,https://prd-tnm.s3.amazonaws.com/StagedProducts/Elevation/OPR/Projects/CA_SierraNevada_B22/CA_SierraNevada_5_2022/TIFF/USGS_OPR_CA_SierraNevada_B22_bh_10SGH5699.tif
10SGH5790,ca_sierranevada_5_2022_TahoeWest,10,https://prd-tnm.s3.amazonaws.com/StagedProducts/Elevation/OPR/Projects/CA_SierraNevada_B22/CA_SierraNevada_5_2022/TIFF/USGS_OPR_CA_SierraNevada_B22_bh_10SGH5790.tif
10SGH5791,ca_sierranevada_5_2022_TahoeWest,10,https://prd-tnm.s3.amazonaws.com/StagedProducts/Elevation/OPR/Projects/CA_SierraNevada_B22/CA_SierraNevada_5_2022/TIFF/USGS_OPR_CA_SierraNevada_B22_bh_10SGH5791.tif
10SGH5792,ca_sierranevada_5_2022_TahoeWest,10,https://prd-tnm.s3.amazonaws.com/StagedProducts/Elevation/OPR/Projects/CA_SierraNevada_B22/CA_SierraNevada_5_2022/TIFF/USGS_OPR_CA_SierraNevada_B22_bh_10SGH5792.tif
10SGH5793,ca_sierranevada_5_2022_TahoeWest,10,https://prd-tnm.s3.amazonaws.com/StagedProducts/Elevation/OPR/Projects/CA_SierraNevada_B22/CA_SierraNevada_5_2022/TIFF/USGS_OPR_CA_SierraNevada_B22_bh_10SGH5793.tif
10SGH5794,ca_sierranevada_5_2022_TahoeWest,10,https://prd-tnm.s3.amazonaws.com/StagedProducts/Elevation/OPR/Projects/CA_SierraNevada_B22/CA_SierraNevada_5_2022/TIFF/USGS_OPR_CA_SierraNevada_B22_bh_10SGH5794.tif
10SGH5795,ca_sierranevada_5_2022_TahoeWest,10,https://prd-tnm.s3.amazonaws.com/StagedProducts/Elevation/OPR/Projects/CA_SierraNevada_B22/CA_SierraNevada_5_2022/TIFF/USGS_OPR_CA_SierraNevada_B22_bh_10SGH5795.tif
10SGH5796,ca_sierranevada_5_2022_TahoeWest,10,https://prd-tnm.s3.amazonaws.com/StagedProducts/Elevation/OPR/Projects/CA_SierraNevada_B22/CA_SierraNevada_5_2022/TIFF/USGS_OPR_CA_SierraNevada_B22_bh_10SGH5796.tif
10SGH5797,ca_sierranevada_5_2022_TahoeWest,10,https://prd-tnm.s3.amazonaws.com/StagedProducts/Elevation/OPR/Projects/CA_SierraNevada_B22/CA_SierraNevada_5_2022/TIFF/USGS_OPR_CA_SierraNevada_B22_bh_10SGH5797.tif
10SGH5798,ca_sierranevada_5_2022_TahoeWest,10,https://prd-tnm.s3.amazonaws.com/StagedProducts/Elevation/OPR/Projects/CA_SierraNevada_B22/CA_SierraNevada_5_2022/TIFF/USGS_OPR_CA_SierraNevada_B22_bh_10SGH5798.tif
10SGH5799,ca_sierranevada_5_2022_TahoeWest,10,https://prd-tnm.s3.amazonaws.com/StagedProducts/Elevation/OPR/Projects/CA_SierraNevada_B22/CA_SierraNevada_5_2022/TIFF/USGS_OPR_CA_SierraNevada_B22_bh_10SGH5799.tif
10SGH5888,ca_sierranevada_5_2022_TahoeWest,10,https://prd-tnm.s3.amazonaws.com/StagedProducts/Elevation/OPR/Projects/CA_SierraNevada_B22/CA_SierraNevada_5_2022/TIFF/USGS_OPR_CA_SierraNevada_B22_bh_10SGH5888.tif
10SGH5889,ca_sierranevada_5_2022_TahoeWest,10,https://prd-tnm.s3.amazonaws.com/StagedProducts/Elevation/OPR/Projects/CA_SierraNevada_B22/CA_SierraNevada_5_2022/TIFF/USGS_OPR_CA_SierraNevada_B22_bh_10SGH5889.tif
10SGH5890,ca_sierranevada_5_2022_TahoeWest,10,https://prd-tnm.s3.amazonaws.com/StagedProducts/Elevation/OPR/Projects/CA_SierraNevada_B22/CA_SierraNevada_5_2022/TIFF/USGS_OPR_CA_SierraNevada_B22_bh_10SGH5890.tif
10SGH5891,ca_sierranevada_5_2022_TahoeWest,10,https://prd-tnm.s3.amazonaws.com/StagedProducts/Elevation/OPR/Projects/CA_SierraNevada_B22/CA_SierraNevada_5_2022/TIFF/USGS_OPR_CA_SierraNevada_B22_bh_10SGH5891.tif
10SGH5892,ca_sierranevada_5_2022_TahoeWest,10,https://prd-tnm.s3.amazonaws.com/StagedProducts/Elevation/OPR/Projects/CA_SierraNevada_B22/CA_SierraNevada_5_2022/TIFF/USGS_OPR_CA_SierraNevada_B22_bh_10SGH5892.tif
10SGH5893,ca_sierranevada_5_2022_TahoeWest,10,https://prd-tnm.s3.amazonaws.com/StagedProducts/Elevation/OPR/Projects/CA_SierraNevada_B22/CA_SierraNevada_5_2022/TIFF/USGS_OPR_CA_SierraNevada_B22_bh_10SGH5893.tif
10SGH5894,ca_sierranevada_5_2022_TahoeWest,10,https://prd-tnm.s3.amazonaws.com/StagedProducts/Elevation/OPR/Projects/CA_SierraNevada_B22/CA_SierraNevada_5_2022/TIFF/USGS_OPR_CA_SierraNevada_B22_bh_10SGH5894.tif
10SGH5895,ca_sierranevada_5_2022_TahoeWest,10,https://prd-tnm.s3.amazonaws.com/StagedProducts/Elevation/OPR/Projects/CA_SierraNevada_B22/CA_SierraNevada_5_2022/TIFF/USGS_OPR_CA_SierraNevada_B22_bh_10SGH5895.tif
10SGH5896,ca_sierranevada_5_2022_TahoeWest,10,https://prd-tnm.s3.amazonaws.com/StagedProducts/Elevation/OPR/Projects/CA_SierraNevada_B22/CA_SierraNevada_5_2022/TIFF/USGS_OPR_CA_SierraNevada_B22_bh_10SGH5896.tif
10SGH5897,ca_sierranevada_5_2022_TahoeWest,10,https://prd-tnm.s3.amazonaws.com/StagedProducts/Elevation/OPR/Projects/CA_SierraNevada_B22/CA_SierraNevada_5_2022/TIFF/USGS_OPR_CA_SierraNevada_B22_bh_10SGH5897.tif
10SGH5898,ca_sierranevada_5_2022_TahoeWest,10,https://prd-tnm.s3.amazonaws.com/StagedProducts/Elevation/OPR/Projects/CA_SierraNevada_B22/CA_SierraNevada_5_2022/TIFF/USGS_OPR_CA_SierraNevada_B22_bh_10SGH5898.tif
10SGH5899,ca_sierranevada_5_2022_TahoeWest,10,https://prd-tnm.s3.amazonaws.com/StagedProducts/Elevation/OPR/Projects/CA_SierraNevada_B22/CA_SierraNevada_5_2022/TIFF/USGS_OPR_CA_SierraNevada_B22_bh_10SGH5899.tif
10SGH5988,ca_sierranevada_5_2022_TahoeWest,10,https://prd-tnm.s3.amazonaws.com/StagedProducts/Elevation/OPR/Projects/CA_SierraNevada_B22/CA_SierraNevada_5_2022/TIFF/USGS_OPR_CA_SierraNevada_B22_bh_10SGH5988.tif
10SGH5989,ca_sierranevada_5_2022_TahoeWest,10,https://prd-tnm.s3.amazonaws.com/StagedProducts/Elevation/OPR/Projects/CA_SierraNevada_B22/CA_SierraNevada_5_2022/TIFF/USGS_OPR_CA_SierraNevada_B22_bh_10SGH5989.tif
10SGH5990,ca_sierranevada_5_2022_TahoeWest,10,https://prd-tnm.s3.amazonaws.com/StagedProducts/Elevation/OPR/Projects/CA_SierraNevada_B22/CA_SierraNevada_5_2022/TIFF/USGS_OPR_CA_SierraNevada_B22_bh_10SGH5990.tif
10SGH5991,ca_sierranevada_5_2022_TahoeWest,10,https://prd-tnm.s3.amazonaws.com/StagedProducts/Elevation/OPR/Projects/CA_SierraNevada_B22/CA_SierraNevada_5_2022/TIFF/USGS_OPR_CA_SierraNevada_B22_bh_10SGH5991.tif
10SGH5992,ca_sierranevada_5_2022_TahoeWest,10,https://prd-tnm.s3.amazonaws.com/StagedProducts/Elevation/OPR/Projects/CA_SierraNevada_B22/CA_SierraNevada_5_2022/TIFF/USGS_OPR_CA_SierraNevada_B22_bh_10SGH5992.tif
10SGH5993,ca_sierranevada_5_2022_TahoeWest,10,https://prd-tnm.s3.amazonaws.com/StagedProducts/Elevation/OPR/Projects/CA_SierraNevada_B22/CA_SierraNevada_5_2022/TIFF/USGS_OPR_CA_SierraNevada_B22_bh_10SGH5993.tif
10SGH5994,ca_sierranevada_5_2022_TahoeWest,10,https://prd-tnm.s3.amazonaws.com/StagedProducts/Elevation/OPR/Projects/CA_SierraNevada_B22/CA_SierraNevada_5_2022/TIFF/USGS_OPR_CA_SierraNevada_B22_bh_10SGH5994.tif
10SGH5995,ca_sierranevada_5_2022_TahoeWest,10,https://prd-tnm.s3.amazonaws.com/StagedProducts/Elevation/OPR/Projects/CA_SierraNevada_B22/CA_SierraNevada_5_2022/TIFF/USGS_OPR_CA_SierraNevada_B22_bh_10SGH5995.tif
10SGH5996,ca_sierranevada_5_2022_TahoeWest,10,https://prd-tnm.s3.amazonaws.com/StagedProducts/Elevation/OPR/Projects/CA_SierraNevada_B22/CA_SierraNevada_5_2022/TIFF/USGS_OPR_CA_SierraNevada_B22_bh_10SGH5996.tif
10SGH5997,ca_sierranevada_5_2022_TahoeWest,10,https://prd-tnm.s3.amazonaws.com/StagedProducts/Elevation/OPR/Projects/CA_SierraNevada_B22/CA_SierraNevada_5_2022/TIFF/USGS_OPR_CA_SierraNevada_B22_bh_10SGH5997.tif
10SGH5998,ca_sierranevada_5_2022_TahoeWest,10,https://prd-tnm.s3.amazonaws.com/StagedProducts/Elevation/OPR/Projects/CA_SierraNevada_B22/CA_SierraNevada_5_2022/TIFF/USGS_OPR_CA_SierraNevada_B22_bh_10SGH5998.tif
10SGH5999,ca_sierranevada_5_2022_TahoeWest,10,https://prd-tnm.s3.amazonaws.com/StagedProducts/Elevation/OPR/Projects/CA_SierraNevada_B22/CA_SierraNevada_5_2022/TIFF/USGS_OPR_CA_SierraNevada_B22_bh_10SGH5999.tif
10SGH6087,ca_sierranevada_5_2022_TahoeWest,10,https://prd-tnm.s3.amazonaws.com/StagedProducts/Elevation/OPR/Projects/CA_SierraNevada_B22/CA_SierraNevada_5_2022/TIFF/USGS_OPR_CA_SierraNevada_B22_bh_10SGH6087.tif
10SGH6088,ca_sierranevada_5_2022_TahoeWest,10,https://prd-tnm.s3.amazonaws.com/StagedProducts/Elevation/OPR/Projects/CA_SierraNevada_B22/CA_SierraNevada_5_2022/TIFF/USGS_OPR_CA_SierraNevada_B22_bh_10SGH6088.tif
10SGH6089,ca_sierranevada_5_2022_TahoeWest,10,https://prd-tnm.s3.amazonaws.com/StagedProducts/Elevation/OPR/Projects/CA_SierraNevada_B22/CA_SierraNevada_5_2022/TIFF/USGS_OPR_CA_SierraNevada_B22_bh_10SGH6089.tif
10SGH6090,ca_sierranevada_5_2022_TahoeWest,10,https://prd-tnm.s3.amazonaws.com/StagedProducts/Elevation/OPR/Projects/CA_SierraNevada_B22/CA_SierraNevada_5_2022/TIFF/USGS_OPR_CA_SierraNevada_B22_bh_10SGH6090.tif
10SGH6091,ca_sierranevada_5_2022_TahoeWest,10,https://prd-tnm.s3.amazonaws.com/StagedProducts/Elevation/OPR/Projects/CA_SierraNevada_B22/CA_SierraNevada_5_2022/TIFF/USGS_OPR_CA_SierraNevada_B22_bh_10SGH6091.tif
10SGH6092,ca_sierranevada_5_2022_TahoeWest,10,https://prd-tnm.s3.amazonaws.com/StagedProducts/Elevation/OPR/Projects/CA_SierraNevada_B22/CA_SierraNevada_5_2022/TIFF/USGS_OPR_CA_SierraNevada_B22_bh_10SGH6092.tif
10SGH6093,ca_sierranevada_5_2022_TahoeWest,10,https://prd-tnm.s3.amazonaws.com/StagedProducts/Elevation/OPR/Projects/CA_SierraNevada_B22/CA_SierraNevada_5_2022/TIFF/USGS_OPR_CA_SierraNevada_B22_bh_10SGH6093.tif
10SGH6094,ca_sierranevada_5_2022_TahoeWest,10,https://prd-tnm.s3.amazonaws.com/StagedProducts/Elevation/OPR/Projects/CA_SierraNevada_B22/CA_SierraNevada_5_2022/TIFF/USGS_OPR_CA_SierraNevada_B22_bh_10SGH6094.tif
10SGH6095,ca_sierranevada_5_2022_TahoeWest,10,https://prd-tnm.s3.amazonaws.com/StagedProducts/Elevation/OPR/Projects/CA_SierraNevada_B22/CA_SierraNevada_5_2022/TIFF/USGS_OPR_CA_SierraNevada_B22_bh_10SGH6095.tif
10SGH6096,ca_sierranevada_5_2022_TahoeWest,10,https://prd-tnm.s3.amazonaws.com/StagedProducts/Elevation/OPR/Projects/CA_SierraNevada_B22/CA_SierraNevada_5_2022/TIFF/USGS_OPR_CA_SierraNevada_B22_bh_10SGH6096.tif
10SGH6097,ca_sierranevada_5_2022_TahoeWest,10,https://prd-tnm.s3.amazonaws.com/StagedProducts/Elevation/OPR/Projects/CA_SierraNevada_B22/CA_SierraNevada_5_2022/TIFF/USGS_OPR_CA_SierraNevada_B22_bh_10SGH6097.tif
10SGH6098,ca_sierranevada_5_2022_TahoeWest,10,https://prd-tnm.s3.amazonaws.com/StagedProducts/Elevation/OPR/Projects/CA_SierraNevada_B22/CA_SierraNevada_5_2022/TIFF/USGS_OPR_CA_SierraNevada_B22_bh_10SGH6098.tif
10SGH6099,ca_sierranevada_5_2022_TahoeWest,10,https://prd-tnm.s3.amazonaws.com/StagedProducts/Elevation/OPR/Projects/CA_SierraNevada_B22/CA_SierraNevada_5_2022/TIFF/USGS_OPR_CA_SierraNevada_B22_bh_10SGH6099.tif
10SGJ3729,ca_sierranevada_5_2022_TahoeWest,10,https://prd-tnm.s3.amazonaws.com/StagedProducts/Elevation/OPR/Projects/CA_SierraNevada_B22/CA_SierraNevada_5_2022/TIFF/USGS_OPR_CA_SierraNevada_B22_bh_10SGJ3729.tif
10SGJ3730,ca_sierranevada_5_2022_TahoeWest,10,https://prd-tnm.s3.amazonaws.com/StagedProducts/Elevation/OPR/Projects/CA_SierraNevada_B22/CA_SierraNevada_5_2022/TIFF/USGS_OPR_CA_SierraNevada_B22_bh_10SGJ3730.tif
10SGJ3731,ca_sierranevada_5_2022_TahoeWest,10,https://prd-tnm.s3.amazonaws.com/StagedProducts/Elevation/OPR/Projects/CA_SierraNevada_B22/CA_SierraNevada_5_2022/TIFF/USGS_OPR_CA_SierraNevada_B22_bh_10SGJ3731.tif
10SGJ3733,ca_sierranevada_5_2022_TahoeWest,10,https://prd-tnm.s3.amazonaws.com/StagedProducts/Elevation/OPR/Projects/CA_SierraNevada_B22/CA_SierraNevada_5_2022/TIFF/USGS_OPR_CA_SierraNevada_B22_bh_10SGJ3733.tif
10SGJ3734,ca_sierranevada_5_2022_TahoeWest,10,https://prd-tnm.s3.amazonaws.com/StagedProducts/Elevation/OPR/Projects/CA_SierraNevada_B22/CA_SierraNevada_5_2022/TIFF/USGS_OPR_CA_SierraNevada_B22_bh_10SGJ3734.tif
10SGJ3735,ca_sierranevada_5_2022_TahoeWest,10,https://prd-tnm.s3.amazonaws.com/StagedProducts/Elevation/OPR/Projects/CA_SierraNevada_B22/CA_SierraNevada_5_2022/TIFF/USGS_OPR_CA_SierraNevada_B22_bh_10SGJ3735.tif
10SGJ3736,ca_sierranevada_5_2022_TahoeWest,10,https://prd-tnm.s3.amazonaws.com/StagedProducts/Elevation/OPR/Projects/CA_SierraNevada_B22/CA_SierraNevada_5_2022/TIFF/USGS_OPR_CA_SierraNevada_B22_bh_10SGJ3736.tif
10SGJ3737,ca_sierranevada_5_2022_TahoeWest,10,https://prd-tnm.s3.amazonaws.com/StagedProducts/Elevation/OPR/Projects/CA_SierraNevada_B22/CA_SierraNevada_5_2022/TIFF/USGS_OPR_CA_SierraNevada_B22_bh_10SGJ3737.tif
10SGJ3828,ca_sierranevada_5_2022_TahoeWest,10,https://prd-tnm.s3.amazonaws.com/StagedProducts/Elevation/OPR/Projects/CA_SierraNevada_B22/CA_SierraNevada_5_2022/TIFF/USGS_OPR_CA_SierraNevada_B22_bh_10SGJ3828.tif
10SGJ3829,ca_sierranevada_5_2022_TahoeWest,10,https://prd-tnm.s3.amazonaws.com/StagedProducts/Elevation/OPR/Projects/CA_SierraNevada_B22/CA_SierraNevada_5_2022/TIFF/USGS_OPR_CA_SierraNevada_B22_bh_10SGJ3829.tif
10SGJ3830,ca_sierranevada_5_2022_TahoeWest,10,https://prd-tnm.s3.amazonaws.com/StagedProducts/Elevation/OPR/Projects/CA_SierraNevada_B22/CA_SierraNevada_5_2022/TIFF/USGS_OPR_CA_SierraNevada_B22_bh_10SGJ3830.tif
10SGJ3831,ca_sierranevada_5_2022_TahoeWest,10,https://prd-tnm.s3.amazonaws.com/StagedProducts/Elevation/OPR/Projects/CA_SierraNevada_B22/CA_SierraNevada_5_2022/TIFF/USGS_OPR_CA_SierraNevada_B22_bh_10SGJ3831.tif
10SGJ3832,ca_sierranevada_5_2022_TahoeWest,10,https://prd-tnm.s3.amazonaws.com/StagedProducts/Elevation/OPR/Projects/CA_SierraNevada_B22/CA_SierraNevada_5_2022/TIFF/USGS_OPR_CA_SierraNevada_B22_bh_10SGJ3832.tif
10SGJ3833,ca_sierranevada_5_2022_TahoeWest,10,https://prd-tnm.s3.amazonaws.com/StagedProducts/Elevation/OPR/Projects/CA_SierraNevada_B22/CA_SierraNevada_5_2022/TIFF/USGS_OPR_CA_SierraNevada_B22_bh_10SGJ3833.tif
10SGJ3834,ca_sierranevada_5_2022_TahoeWest,10,https://prd-tnm.s3.amazonaws.com/StagedProducts/Elevation/OPR/Projects/CA_SierraNevada_B22/CA_SierraNevada_5_2022/TIFF/USGS_OPR_CA_SierraNevada_B22_bh_10SGJ3834.tif
10SGJ3835,ca_sierranevada_5_2022_TahoeWest,10,https://prd-tnm.s3.amazonaws.com/StagedProducts/Elevation/OPR/Projects/CA_SierraNevada_B22/CA_SierraNevada_5_2022/TIFF/USGS_OPR_CA_SierraNevada_B22_bh_10SGJ3835.tif
10SGJ3836,ca_sierranevada_5_2022_TahoeWest,10,https://prd-tnm.s3.amazonaws.com/StagedProducts/Elevation/OPR/Projects/CA_SierraNevada_B22/CA_SierraNevada_5_2022/TIFF/USGS_OPR_CA_SierraNevada_B22_bh_10SGJ3836.tif
10SGJ3837,ca_sierranevada_5_2022_TahoeWest,10,https://prd-tnm.s3.amazonaws.com/StagedProducts/Elevation/OPR/Projects/CA_SierraNevada_B22/CA_SierraNevada_5_2022/TIFF/USGS_OPR_CA_SierraNevada_B22_bh_10SGJ3837.tif
10SGJ3927,ca_sierranevada_5_2022_TahoeWest,10,https://prd-tnm.s3.amazonaws.com/StagedProducts/Elevation/OPR/Projects/CA_SierraNevada_B22/CA_SierraNevada_5_2022/TIFF/USGS_OPR_CA_SierraNevada_B22_bh_10SGJ3927.tif
10SGJ3928,ca_sierranevada_5_2022_TahoeWest,10,https://prd-tnm.s3.amazonaws.com/StagedProducts/Elevation/OPR/Projects/CA_SierraNevada_B22/CA_SierraNevada_5_2022/TIFF/USGS_OPR_CA_SierraNevada_B22_bh_10SGJ3928.tif
10SGJ3929,ca_sierranevada_5_2022_TahoeWest,10,https://prd-tnm.s3.amazonaws.com/StagedProducts/Elevation/OPR/Projects/CA_SierraNevada_B22/CA_SierraNevada_5_2022/TIFF/USGS_OPR_CA_SierraNevada_B22_bh_10SGJ3929.tif
10SGJ3930,ca_sierranevada_5_2022_TahoeWest,10,https://prd-tnm.s3.amazonaws.com/StagedProducts/Elevation/OPR/Projects/CA_SierraNevada_B22/CA_SierraNevada_5_2022/TIFF/USGS_OPR_CA_SierraNevada_B22_bh_10SGJ3930.tif
10SGJ3931,ca_sierranevada_5_2022_TahoeWest,10,https://prd-tnm.s3.amazonaws.com/StagedProducts/Elevation/OPR/Projects/CA_SierraNevada_B22/CA_SierraNevada_5_2022/TIFF/USGS_OPR_CA_SierraNevada_B22_bh_10SGJ3931.tif
10SGJ3932,ca_sierranevada_5_2022_TahoeWest,10,https://prd-tnm.s3.amazonaws.com/StagedProducts/Elevation/OPR/Projects/CA_SierraNevada_B22/CA_SierraNevada_5_2022/TIFF/USGS_OPR_CA_SierraNevada_B22_bh_10SGJ3932.tif
10SGJ3933,ca_sierranevada_5_2022_TahoeWest,10,https://prd-tnm.s3.amazonaws.com/StagedProducts/Elevation/OPR/Projects/CA_SierraNevada_B22/CA_SierraNevada_5_2022/TIFF/USGS_OPR_CA_SierraNevada_B22_bh_10SGJ3933.tif
10SGJ3934,ca_sierranevada_5_2022_TahoeWest,10,https://prd-tnm.s3.amazonaws.com/StagedProducts/Elevation/OPR/Projects/CA_SierraNevada_B22/CA_SierraNevada_5_2022/TIFF/USGS_OPR_CA_SierraNevada_B22_bh_10SGJ3934.tif
10SGJ3935,ca_sierranevada_5_2022_TahoeWest,10,https://prd-tnm.s3.amazonaws.com/StagedProducts/Elevation/OPR/Projects/CA_SierraNevada_B22/CA_SierraNevada_5_2022/TIFF/USGS_OPR_CA_SierraNevada_B22_bh_10SGJ3935.tif
10SGJ3936,ca_sierranevada_5_2022_TahoeWest,10,https://prd-tnm.s3.amazonaws.com/StagedProducts/Elevation/OPR/Projects/CA_SierraNevada_B22/CA_SierraNevada_5_2022/TIFF/USGS_OPR_CA_SierraNevada_B22_bh_10SGJ3936.tif
10SGJ3937,ca_sierranevada_5_2022_TahoeWest,10,https://prd-tnm.s3.amazonaws.com/StagedProducts/Elevation/OPR/Projects/CA_SierraNevada_B22/CA_SierraNevada_5_2022/TIFF/USGS_OPR_CA_SierraNevada_B22_bh_10SGJ3937.tif
10SGJ3938,ca_sierranevada_5_2022_TahoeWest,10,https://prd-tnm.s3.amazonaws.com/StagedProducts/Elevation/OPR/Projects/CA_SierraNevada_B22/CA_SierraNevada_5_2022/TIFF/USGS_OPR_CA_SierraNevada_B22_bh_10SGJ3938.tif
10SGJ4027,ca_sierranevada_5_2022_TahoeWest,10,https://prd-tnm.s3.amazonaws.com/StagedProducts/Elevation/OPR/Projects/CA_SierraNevada_B22/CA_SierraNevada_5_2022/TIFF/USGS_OPR_CA_SierraNevada_B22_bh_10SGJ4027.tif
10SGJ4028,ca_sierranevada_5_2022_TahoeWest,10,https://prd-tnm.s3.amazonaws.com/StagedProducts/Elevation/OPR/Projects/CA_SierraNevada_B22/CA_SierraNevada_5_2022/TIFF/USGS_OPR_CA_SierraNevada_B22_bh_10SGJ4028.tif
10SGJ4029,ca_sierranevada_5_2022_TahoeWest,10,https://prd-tnm.s3.amazonaws.com/StagedProducts/Elevation/OPR/Projects/CA_SierraNevada_B22/CA_SierraNevada_5_2022/TIFF/USGS_OPR_CA_SierraNevada_B22_bh_10SGJ4029.tif
10SGJ4030,ca_sierranevada_5_2022_TahoeWest,10,https://prd-tnm.s3.amazonaws.com/StagedProducts/Elevation/OPR/Projects/CA_SierraNevada_B22/CA_SierraNevada_5_2022/TIFF/USGS_OPR_CA_SierraNevada_B22_bh_10SGJ4030.tif
10SGJ4031,ca_sierranevada_5_2022_TahoeWest,10,https://prd-tnm.s3.amazonaws.com/StagedProducts/Elevation/OPR/Projects/CA_SierraNevada_B22/CA_SierraNevada_5_2022/TIFF/USGS_OPR_CA_SierraNevada_B22_bh_10SGJ4031.tif
10SGJ4032,ca_sierranevada_5_2022_TahoeWest,10,https://prd-tnm.s3.amazonaws.com/StagedProducts/Elevation/OPR/Projects/CA_SierraNevada_B22/CA_SierraNevada_5_2022/TIFF/USGS_OPR_CA_SierraNevada_B22_bh_10SGJ4032.tif
10SGJ4033,ca_sierranevada_5_2022_TahoeWest,10,https://prd-tnm.s3.amazonaws.com/StagedProducts/Elevation/OPR/Projects/CA_SierraNevada_B22/CA_SierraNevada_5_2022/TIFF/USGS_OPR_CA_SierraNevada_B22_bh_10SGJ4033.tif
10SGJ4034,ca_sierranevada_5_2022_TahoeWest,10,https://prd-tnm.s3.amazonaws.com/StagedProducts/Elevation/OPR/Projects/CA_SierraNevada_B22/CA_SierraNevada_5_2022/TIFF/USGS_OPR_CA_SierraNevada_B22_bh_10SGJ4034.tif
10SGJ4035,ca_sierranevada_5_2022_TahoeWest,10,https://prd-tnm.s3.amazonaws.com/StagedProducts/Elevation/OPR/Projects/CA_SierraNevada_B22/CA_SierraNevada_5_2022/TIFF/USGS_OPR_CA_SierraNevada_B22_bh_10SGJ4035.tif
10SGJ4036,ca_sierranevada_5_2022_TahoeWest,10,https://prd-tnm.s3.amazonaws.com/StagedProducts/Elevation/OPR/Projects/CA_SierraNevada_B22/CA_SierraNevada_5_2022/TIFF/USGS_OPR_CA_SierraNevada_B22_bh_10SGJ4036.tif
10SGJ4037,ca_sierranevada_5_2022_TahoeWest,10,https://prd-tnm.s3.amazonaws.com/StagedProducts/Elevation/OPR/Projects/CA_SierraNevada_B22/CA_SierraNevada_5_2022/TIFF/USGS_OPR_CA_SierraNevada_B22_bh_10SGJ4037.tif
10SGJ4038,ca_sierranevada_5_2022_TahoeWest,10,https://prd-tnm.s3.amazonaws.com/StagedProducts/Elevation/OPR/Projects/CA_SierraNevada_B22/CA_SierraNevada_5_2022/TIFF/USGS_OPR_CA_SierraNevada_B22_bh_10SGJ4038.tif
10SGJ4039,ca_sierranevada_5_2022_TahoeWest,10,https://prd-tnm.s3.amazonaws.com/StagedProducts/Elevation/OPR/Projects/CA_SierraNevada_B22/CA_SierraNevada_5_2022/TIFF/USGS_OPR_CA_SierraNevada_B22_bh_10SGJ4039.tif
10SGJ4040,ca_sierranevada_5_2022_TahoeWest,10,https://prd-tnm.s3.amazonaws.com/StagedProducts/Elevation/OPR/Projects/CA_SierraNevada_B22/CA_SierraNevada_5_2022/TIFF/USGS_OPR_CA_SierraNevada_B22_bh_10SGJ4040.tif
10SGJ4041,ca_sierranevada_5_2022_TahoeWest,10,https://prd-tnm.s3.amazonaws.com/StagedProducts/Elevation/OPR/Projects/CA_SierraNevada_B22/CA_SierraNevada_5_2022/TIFF/USGS_OPR_CA_SierraNevada_B22_bh_10SGJ4041.tif
10SGJ4121,ca_sierranevada_5_2022_TahoeWest,10,https://prd-tnm.s3.amazonaws.com/StagedProducts/Elevation/OPR/Projects/CA_SierraNevada_B22/CA_SierraNevada_5_2022/TIFF/USGS_OPR_CA_SierraNevada_B22_bh_10SGJ4121.tif
10SGJ4122,ca_sierranevada_5_2022_TahoeWest,10,https://prd-tnm.s3.amazonaws.com/StagedProducts/Elevation/OPR/Projects/CA_SierraNevada_B22/CA_SierraNevada_5_2022/TIFF/USGS_OPR_CA_SierraNevada_B22_bh_10SGJ4122.tif
10SGJ4123,ca_sierranevada_5_2022_TahoeWest,10,https://prd-tnm.s3.amazonaws.com/StagedProducts/Elevation/OPR/Projects/CA_SierraNevada_B22/CA_SierraNevada_5_2022/TIFF/USGS_OPR_CA_SierraNevada_B22_bh_10SGJ4123.tif
10SGJ4126,ca_sierranevada_5_2022_TahoeWest,10,https://prd-tnm.s3.amazonaws.com/StagedProducts/Elevation/OPR/Projects/CA_SierraNevada_B22/CA_SierraNevada_5_2022/TIFF/USGS_OPR_CA_SierraNevada_B22_bh_10SGJ4126.tif
10SGJ4127,ca_sierranevada_5_2022_TahoeWest,10,https://prd-tnm.s3.amazonaws.com/StagedProducts/Elevation/OPR/Projects/CA_SierraNevada_B22/CA_SierraNevada_5_2022/TIFF/USGS_OPR_CA_SierraNevada_B22_bh_10SGJ4127.tif
10SGJ4128,ca_sierranevada_5_2022_TahoeWest,10,https://prd-tnm.s3.amazonaws.com/StagedProducts/Elevation/OPR/Projects/CA_SierraNevada_B22/CA_SierraNevada_5_2022/TIFF/USGS_OPR_CA_SierraNevada_B22_bh_10SGJ4128.tif
10SGJ4129,ca_sierranevada_5_2022_TahoeWest,10,https://prd-tnm.s3.amazonaws.com/StagedProducts/Elevation/OPR/Projects/CA_SierraNevada_B22/CA_SierraNevada_5_2022/TIFF/USGS_OPR_CA_SierraNevada_B22_bh_10SGJ4129.tif
10SGJ4130,ca_sierranevada_5_2022_TahoeWest,10,https://prd-tnm.s3.amazonaws.com/StagedProducts/Elevation/OPR/Projects/CA_SierraNevada_B22/CA_SierraNevada_5_2022/TIFF/USGS_OPR_CA_SierraNevada_B22_bh_10SGJ4130.tif
10SGJ4131,ca_sierranevada_5_2022_TahoeWest,10,https://prd-tnm.s3.amazonaws.com/StagedProducts/Elevation/OPR/Projects/CA_SierraNevada_B22/CA_SierraNevada_5_2022/TIFF/USGS_OPR_CA_SierraNevada_B22_bh_10SGJ4131.tif
10SGJ4132,ca_sierranevada_5_2022_TahoeWest,10,https://prd-tnm.s3.amazonaws.com/StagedProducts/Elevation/OPR/Projects/CA_SierraNevada_B22/CA_SierraNevada_5_2022/TIFF/USGS_OPR_CA_SierraNevada_B22_bh_10SGJ4132.tif
10SGJ4133,ca_sierranevada_5_2022_TahoeWest,10,https://prd-tnm.s3.amazonaws.com/StagedProducts/Elevation/OPR/Projects/CA_SierraNevada_B22/CA_SierraNevada_5_2022/TIFF/USGS_OPR_CA_SierraNevada_B22_bh_10SGJ4133.tif
10SGJ4134,ca_sierranevada_5_2022_TahoeWest,10,https://prd-tnm.s3.amazonaws.com/StagedProducts/Elevation/OPR/Projects/CA_SierraNevada_B22/CA_SierraNevada_5_2022/TIFF/USGS_OPR_CA_SierraNevada_B22_bh_10SGJ4134.tif
10SGJ4135,ca_sierranevada_5_2022_TahoeWest,10,https://prd-tnm.s3.amazonaws.com/StagedProducts/Elevation/OPR/Projects/CA_SierraNevada_B22/CA_SierraNevada_5_2022/TIFF/USGS_OPR_CA_SierraNevada_B22_bh_10SGJ4135.tif
10SGJ4136,ca_sierranevada_5_2022_TahoeWest,10,https://prd-tnm.s3.amazonaws.com/StagedProducts/Elevation/OPR/Projects/CA_SierraNevada_B22/CA_SierraNevada_5_2022/TIFF/USGS_OPR_CA_SierraNevada_B22_bh_10SGJ4136.tif
10SGJ4137,ca_sierranevada_5_2022_TahoeWest,10,https://prd-tnm.s3.amazonaws.com/StagedProducts/Elevation/OPR/Projects/CA_SierraNevada_B22/CA_SierraNevada_5_2022/TIFF/USGS_OPR_CA_SierraNevada_B22_bh_10SGJ4137.tif
10SGJ4138,ca_sierranevada_5_2022_TahoeWest,10,https://prd-tnm.s3.amazonaws.com/StagedProducts/Elevation/OPR/Projects/CA_SierraNevada_B22/CA_SierraNevada_5_2022/TIFF/USGS_OPR_CA_SierraNevada_B22_bh_10SGJ4138.tif
10SGJ4139,ca_sierranevada_5_2022_TahoeWest,10,https://prd-tnm.s3.amazonaws.com/StagedProducts/Elevation/OPR/Projects/CA_SierraNevada_B22/CA_SierraNevada_5_2022/TIFF/USGS_OPR_CA_SierraNevada_B22_bh_10SGJ4139.tif
10SGJ4140,ca_sierranevada_5_2022_TahoeWest,10,https://prd-tnm.s3.amazonaws.com/StagedProducts/Elevation/OPR/Projects/CA_SierraNevada_B22/CA_SierraNevada_5_2022/TIFF/USGS_OPR_CA_SierraNevada_B22_bh_10SGJ4140.tif
10SGJ4141,ca_sierranevada_5_2022_TahoeWest,10,https://prd-tnm.s3.amazonaws.com/StagedProducts/Elevation/OPR/Projects/CA_SierraNevada_B22/CA_SierraNevada_5_2022/TIFF/USGS_OPR_CA_SierraNevada_B22_bh_10SGJ4141.tif
10SGJ4219,ca_sierranevada_5_2022_TahoeWest,10,https://prd-tnm.s3.amazonaws.com/StagedProducts/Elevation/OPR/Projects/CA_SierraNevada_B22/CA_SierraNevada_5_2022/TIFF/USGS_OPR_CA_SierraNevada_B22_bh_10SGJ4219.tif
10SGJ4220,ca_sierranevada_5_2022_TahoeWest,10,https://prd-tnm.s3.amazonaws.com/StagedProducts/Elevation/OPR/Projects/CA_SierraNevada_B22/CA_SierraNevada_5_2022/TIFF/USGS_OPR_CA_SierraNevada_B22_bh_10SGJ4220.tif
10SGJ4221,ca_sierranevada_5_2022_TahoeWest,10,https://prd-tnm.s3.amazonaws.com/StagedProducts/Elevation/OPR/Projects/CA_SierraNevada_B22/CA_SierraNevada_5_2022/TIFF/USGS_OPR_CA_SierraNevada_B22_bh_10SGJ4221.tif
10SGJ4222,ca_sierranevada_5_2022_TahoeWest,10,https://prd-tnm.s3.amazonaws.com/StagedProducts/Elevation/OPR/Projects/CA_SierraNevada_B22/CA_SierraNevada_5_2022/TIFF/USGS_OPR_CA_SierraNevada_B22_bh_10SGJ4222.tif
10SGJ4223,ca_sierranevada_5_2022_TahoeWest,10,https://prd-tnm.s3.amazonaws.com/StagedProducts/Elevation/OPR/Projects/CA_SierraNevada_B22/CA_SierraNevada_5_2022/TIFF/USGS_OPR_CA_SierraNevada_B22_bh_10SGJ4223.tif
10SGJ4224,ca_sierranevada_5_2022_TahoeWest,10,https://prd-tnm.s3.amazonaws.com/StagedProducts/Elevation/OPR/Projects/CA_SierraNevada_B22/CA_SierraNevada_5_2022/TIFF/USGS_OPR_CA_SierraNevada_B22_bh_10SGJ4224.tif
10SGJ4225,ca_sierranevada_5_2022_TahoeWest,10,https://prd-tnm.s3.amazonaws.com/StagedProducts/Elevation/OPR/Projects/CA_SierraNevada_B22/CA_SierraNevada_5_2022/TIFF/USGS_OPR_CA_SierraNevada_B22_bh_10SGJ4225.tif
10SGJ4226,ca_sierranevada_5_2022_TahoeWest,10,https://prd-tnm.s3.amazonaws.com/StagedProducts/Elevation/OPR/Projects/CA_SierraNevada_B22/CA_SierraNevada_5_2022/TIFF/USGS_OPR_CA_SierraNevada_B22_bh_10SGJ4226.tif
10SGJ4227,ca_sierranevada_5_2022_TahoeWest,10,https://prd-tnm.s3.amazonaws.com/StagedProducts/Elevation/OPR/Projects/CA_SierraNevada_B22/CA_SierraNevada_5_2022/TIFF/USGS_OPR_CA_SierraNevada_B22_bh_10SGJ4227.tif
10SGJ4228,ca_sierranevada_5_2022_TahoeWest,10,https://prd-tnm.s3.amazonaws.com/StagedProducts/Elevation/OPR/Projects/CA_SierraNevada_B22/CA_SierraNevada_5_2022/TIFF/USGS_OPR_CA_SierraNevada_B22_bh_10SGJ4228.tif
10SGJ4229,ca_sierranevada_5_2022_TahoeWest,10,https://prd-tnm.s3.amazonaws.com/StagedProducts/Elevation/OPR/Projects/CA_SierraNevada_B22/CA_SierraNevada_5_2022/TIFF/USGS_OPR_CA_SierraNevada_B22_bh_10SGJ4229.tif
10SGJ4230,ca_sierranevada_5_2022_TahoeWest,10,https://prd-tnm.s3.amazonaws.com/StagedProducts/Elevation/OPR/Projects/CA_SierraNevada_B22/CA_SierraNevada_5_2022/TIFF/USGS_OPR_CA_SierraNevada_B22_bh_10SGJ4230.tif
10SGJ4231,ca_sierranevada_5_2022_TahoeWest,10,https://prd-tnm.s3.amazonaws.com/StagedProducts/Elevation/OPR/Projects/CA_SierraNevada_B22/CA_SierraNevada_5_2022/TIFF/USGS_OPR_CA_SierraNevada_B22_bh_10SGJ4231.tif
10SGJ4232,ca_sierranevada_5_2022_TahoeWest,10,https://prd-tnm.s3.amazonaws.com/StagedProducts/Elevation/OPR/Projects/CA_SierraNevada_B22/CA_SierraNevada_5_2022/TIFF/USGS_OPR_CA_SierraNevada_B22_bh_10SGJ4232.tif
10SGJ4233,ca_sierranevada_5_2022_TahoeWest,10,https://prd-tnm.s3.amazonaws.com/StagedProducts/Elevation/OPR/Projects/CA_SierraNevada_B22/CA_SierraNevada_5_2022/TIFF/USGS_OPR_CA_SierraNevada_B22_bh_10SGJ4233.tif
10SGJ4234,ca_sierranevada_5_2022_TahoeWest,10,https://prd-tnm.s3.amazonaws.com/StagedProducts/Elevation/OPR/Projects/CA_SierraNevada_B22/CA_SierraNevada_5_2022/TIFF/USGS_OPR_CA_SierraNevada_B22_bh_10SGJ4234.tif
10SGJ4235,ca_sierranevada_5_2022_TahoeWest,10,https://prd-tnm.s3.amazonaws.com/StagedProducts/Elevation/OPR/Projects/CA_SierraNevada_B22/CA_SierraNevada_5_2022/TIFF/USGS_OPR_CA_SierraNevada_B22_bh_10SGJ4235.tif
10SGJ4236,ca_sierranevada_5_2022_TahoeWest,10,https://prd-tnm.s3.amazonaws.com/StagedProducts/Elevation/OPR/Projects/CA_SierraNevada_B22/CA_SierraNevada_5_2022/TIFF/USGS_OPR_CA_SierraNevada_B22_bh_10SGJ4236.tif
10SGJ4237,ca_sierranevada_5_2022_TahoeWest,10,https://prd-tnm.s3.amazonaws.com/StagedProducts/Elevation/OPR/Projects/CA_SierraNevada_B22/CA_SierraNevada_5_2022/TIFF/USGS_OPR_CA_SierraNevada_B22_bh_10SGJ4237.tif
10SGJ4238,ca_sierranevada_5_2022_TahoeWest,10,https://prd-tnm.s3.amazonaws.com/StagedProducts/Elevation/OPR/Projects/CA_SierraNevada_B22/CA_SierraNevada_5_2022/TIFF/USGS_OPR_CA_SierraNevada_B22_bh_10SGJ4238.tif
10SGJ4239,ca_sierranevada_5_2022_TahoeWest,10,https://prd-tnm.s3.amazonaws.com/StagedProducts/Elevation/OPR/Projects/CA_SierraNevada_B22/CA_SierraNevada_5_2022/TIFF/USGS_OPR_CA_SierraNevada_B22_bh_10SGJ4239.tif
10SGJ4240,ca_sierranevada_5_2022_TahoeWest,10,https://prd-tnm.s3.amazonaws.com/StagedProducts/Elevation/OPR/Projects/CA_SierraNevada_B22/CA_SierraNevada_5_2022/TIFF/USGS_OPR_CA_SierraNevada_B22_bh_10SGJ4240.tif
10SGJ4241,ca_sierranevada_5_2022_TahoeWest,10,https://prd-tnm.s3.amazonaws.com/StagedProducts/Elevation/OPR/Projects/CA_SierraNevada_B22/CA_SierraNevada_5_2022/TIFF/USGS_OPR_CA_SierraNevada_B22_bh_10SGJ4241.tif
10SGJ4318,ca_sierranevada_5_2022_TahoeWest,10,https://prd-tnm.s3.amazonaws.com/StagedProducts/Elevation/OPR/Projects/CA_SierraNevada_B22/CA_SierraNevada_5_2022/TIFF/USGS_OPR_CA_SierraNevada_B22_bh_10SGJ4318.tif
10SGJ4319,ca_sierranevada_5_2022_TahoeWest,10,https://prd-tnm.s3.amazonaws.com/StagedProducts/Elevation/OPR/Projects/CA_SierraNevada_B22/CA_SierraNevada_5_2022/TIFF/USGS_OPR_CA_SierraNevada_B22_bh_10SGJ4319.tif
10SGJ4320,ca_sierranevada_5_2022_TahoeWest,10,https://prd-tnm.s3.amazonaws.com/StagedProducts/Elevation/OPR/Projects/CA_SierraNevada_B22/CA_SierraNevada_5_2022/TIFF/USGS_OPR_CA_SierraNevada_B22_bh_10SGJ4320.tif
10SGJ4321,ca_sierranevada_5_2022_TahoeWest,10,https://prd-tnm.s3.amazonaws.com/StagedProducts/Elevation/OPR/Projects/CA_SierraNevada_B22/CA_SierraNevada_5_2022/TIFF/USGS_OPR_CA_SierraNevada_B22_bh_10SGJ4321.tif
10SGJ4322,ca_sierranevada_5_2022_TahoeWest,10,https://prd-tnm.s3.amazonaws.com/StagedProducts/Elevation/OPR/Projects/CA_SierraNevada_B22/CA_SierraNevada_5_2022/TIFF/USGS_OPR_CA_SierraNevada_B22_bh_10SGJ4322.tif
10SGJ4323,ca_sierranevada_5_2022_TahoeWest,10,https://prd-tnm.s3.amazonaws.com/StagedProducts/Elevation/OPR/Projects/CA_SierraNevada_B22/CA_SierraNevada_5_2022/TIFF/USGS_OPR_CA_SierraNevada_B22_bh_10SGJ4323.tif
10SGJ4324,ca_sierranevada_5_2022_TahoeWest,10,https://prd-tnm.s3.amazonaws.com/StagedProducts/Elevation/OPR/Projects/CA_SierraNevada_B22/CA_SierraNevada_5_2022/TIFF/USGS_OPR_CA_SierraNevada_B22_bh_10SGJ4324.tif
10SGJ4325,ca_sierranevada_5_2022_TahoeWest,10,https://prd-tnm.s3.amazonaws.com/StagedProducts/Elevation/OPR/Projects/CA_SierraNevada_B22/CA_SierraNevada_5_2022/TIFF/USGS_OPR_CA_SierraNevada_B22_bh_10SGJ4325.tif
10SGJ4326,ca_sierranevada_5_2022_TahoeWest,10,https://prd-tnm.s3.amazonaws.com/StagedProducts/Elevation/OPR/Projects/CA_SierraNevada_B22/CA_SierraNevada_5_2022/TIFF/USGS_OPR_CA_SierraNevada_B22_bh_10SGJ4326.tif
10SGJ4327,ca_sierranevada_5_2022_TahoeWest,10,https://prd-tnm.s3.amazonaws.com/StagedProducts/Elevation/OPR/Projects/CA_SierraNevada_B22/CA_SierraNevada_5_2022/TIFF/USGS_OPR_CA_SierraNevada_B22_bh_10SGJ4327.tif
10SGJ4328,ca_sierranevada_5_2022_TahoeWest,10,https://prd-tnm.s3.amazonaws.com/StagedProducts/Elevation/OPR/Projects/CA_SierraNevada_B22/CA_SierraNevada_5_2022/TIFF/USGS_OPR_CA_SierraNevada_B22_bh_10SGJ4328.tif
10SGJ4329,ca_sierranevada_5_2022_TahoeWest,10,https://prd-tnm.s3.amazonaws.com/StagedProducts/Elevation/OPR/Projects/CA_SierraNevada_B22/CA_SierraNevada_5_2022/TIFF/USGS_OPR_CA_SierraNevada_B22_bh_10SGJ4329.tif
10SGJ4330,ca_sierranevada_5_2022_TahoeWest,10,https://prd-tnm.s3.amazonaws.com/StagedProducts/Elevation/OPR/Projects/CA_SierraNevada_B22/CA_SierraNevada_5_2022/TIFF/USGS_OPR_CA_SierraNevada_B22_bh_10SGJ4330.tif
10SGJ4331,ca_sierranevada_5_2022_TahoeWest,10,https://prd-tnm.s3.amazonaws.com/StagedProducts/Elevation/OPR/Projects/CA_SierraNevada_B22/CA_SierraNevada_5_2022/TIFF/USGS_OPR_CA_SierraNevada_B22_bh_10SGJ4331.tif
10SGJ4332,ca_sierranevada_5_2022_TahoeWest,10,https://prd-tnm.s3.amazonaws.com/StagedProducts/Elevation/OPR/Projects/CA_SierraNevada_B22/CA_SierraNevada_5_2022/TIFF/USGS_OPR_CA_SierraNevada_B22_bh_10SGJ4332.tif
10SGJ4333,ca_sierranevada_5_2022_TahoeWest,10,https://prd-tnm.s3.amazonaws.com/StagedProducts/Elevation/OPR/Projects/CA_SierraNevada_B22/CA_SierraNevada_5_2022/TIFF/USGS_OPR_CA_SierraNevada_B22_bh_10SGJ4333.tif
10SGJ4334,ca_sierranevada_5_2022_TahoeWest,10,https://prd-tnm.s3.amazonaws.com/StagedProducts/Elevation/OPR/Projects/CA_SierraNevada_B22/CA_SierraNevada_5_2022/TIFF/USGS_OPR_CA_SierraNevada_B22_bh_10SGJ4334.tif
10SGJ4335,ca_sierranevada_5_2022_TahoeWest,10,https://prd-tnm.s3.amazonaws.com/StagedProducts/Elevation/OPR/Projects/CA_SierraNevada_B22/CA_SierraNevada_5_2022/TIFF/USGS_OPR_CA_SierraNevada_B22_bh_10SGJ4335.tif
10SGJ4336,ca_sierranevada_5_2022_TahoeWest,10,https://prd-tnm.s3.amazonaws.com/StagedProducts/Elevation/OPR/Projects/CA_SierraNevada_B22/CA_SierraNevada_5_2022/TIFF/USGS_OPR_CA_SierraNevada_B22_bh_10SGJ4336.tif
10SGJ4337,ca_sierranevada_5_2022_TahoeWest,10,https://prd-tnm.s3.amazonaws.com/StagedProducts/Elevation/OPR/Projects/CA_SierraNevada_B22/CA_SierraNevada_5_2022/TIFF/USGS_OPR_CA_SierraNevada_B22_bh_10SGJ4337.tif
10SGJ4338,ca_sierranevada_5_2022_TahoeWest,10,https://prd-tnm.s3.amazonaws.com/StagedProducts/Elevation/OPR/Projects/CA_SierraNevada_B22/CA_SierraNevada_5_2022/TIFF/USGS_OPR_CA_SierraNevada_B22_bh_10SGJ4338.tif
10SGJ4339,ca_sierranevada_5_2022_TahoeWest,10,https://prd-tnm.s3.amazonaws.com/StagedProducts/Elevation/OPR/Projects/CA_SierraNevada_B22/CA_SierraNevada_5_2022/TIFF/USGS_OPR_CA_SierraNevada_B22_bh_10SGJ4339.tif
10SGJ4340,ca_sierranevada_5_2022_TahoeWest,10,https://prd-tnm.s3.amazonaws.com/StagedProducts/Elevation/OPR/Projects/CA_SierraNevada_B22/CA_SierraNevada_5_2022/TIFF/USGS_OPR_CA_SierraNevada_B22_bh_10SGJ4340.tif
10SGJ4341,ca_sierranevada_5_2022_TahoeWest,10,https://prd-tnm.s3.amazonaws.com/StagedProducts/Elevation/OPR/Projects/CA_SierraNevada_B22/CA_SierraNevada_5_2022/TIFF/USGS_OPR_CA_SierraNevada_B22_bh_10SGJ4341.tif
10SGJ4342,ca_sierranevada_5_2022_TahoeWest,10,https://prd-tnm.s3.amazonaws.com/StagedProducts/Elevation/OPR/Projects/CA_SierraNevada_B22/CA_SierraNevada_5_2022/TIFF/USGS_OPR_CA_SierraNevada_B22_bh_10SGJ4342.tif
10SGJ4343,ca_sierranevada_5_2022_TahoeWest,10,https://prd-tnm.s3.amazonaws.com/StagedProducts/Elevation/OPR/Projects/CA_SierraNevada_B22/CA_SierraNevada_5_2022/TIFF/USGS_OPR_CA_SierraNevada_B22_bh_10SGJ4343.tif
10SGJ4344,ca_sierranevada_5_2022_TahoeWest,10,https://prd-tnm.s3.amazonaws.com/StagedProducts/Elevation/OPR/Projects/CA_SierraNevada_B22/CA_SierraNevada_5_2022/TIFF/USGS_OPR_CA_SierraNevada_B22_bh_10SGJ4344.tif
10SGJ4417,ca_sierranevada_5_2022_TahoeWest,10,https://prd-tnm.s3.amazonaws.com/StagedProducts/Elevation/OPR/Projects/CA_SierraNevada_B22/CA_SierraNevada_5_2022/TIFF/USGS_OPR_CA_SierraNevada_B22_bh_10SGJ4417.tif
10SGJ4418,ca_sierranevada_5_2022_TahoeWest,10,https://prd-tnm.s3.amazonaws.com/StagedProducts/Elevation/OPR/Projects/CA_SierraNevada_B22/CA_SierraNevada_5_2022/TIFF/USGS_OPR_CA_SierraNevada_B22_bh_10SGJ4418.tif
10SGJ4419,ca_sierranevada_5_2022_TahoeWest,10,https://prd-tnm.s3.amazonaws.com/StagedProducts/Elevation/OPR/Projects/CA_SierraNevada_B22/CA_SierraNevada_5_2022/TIFF/USGS_OPR_CA_SierraNevada_B22_bh_10SGJ4419.tif
10SGJ4420,ca_sierranevada_5_2022_TahoeWest,10,https://prd-tnm.s3.amazonaws.com/StagedProducts/Elevation/OPR/Projects/CA_SierraNevada_B22/CA_SierraNevada_5_2022/TIFF/USGS_OPR_CA_SierraNevada_B22_bh_10SGJ4420.tif
10SGJ4421,ca_sierranevada_5_2022_TahoeWest,10,https://prd-tnm.s3.amazonaws.com/StagedProducts/Elevation/OPR/Projects/CA_SierraNevada_B22/CA_SierraNevada_5_2022/TIFF/USGS_OPR_CA_SierraNevada_B22_bh_10SGJ4421.tif
10SGJ4422,ca_sierranevada_5_2022_TahoeWest,10,https://prd-tnm.s3.amazonaws.com/StagedProducts/Elevation/OPR/Projects/CA_SierraNevada_B22/CA_SierraNevada_5_2022/TIFF/USGS_OPR_CA_SierraNevada_B22_bh_10SGJ4422.tif
10SGJ4423,ca_sierranevada_5_2022_TahoeWest,10,https://prd-tnm.s3.amazonaws.com/StagedProducts/Elevation/OPR/Projects/CA_SierraNevada_B22/CA_SierraNevada_5_2022/TIFF/USGS_OPR_CA_SierraNevada_B22_bh_10SGJ4423.tif
10SGJ4424,ca_sierranevada_5_2022_TahoeWest,10,https://prd-tnm.s3.amazonaws.com/StagedProducts/Elevation/OPR/Projects/CA_SierraNevada_B22/CA_SierraNevada_5_2022/TIFF/USGS_OPR_CA_SierraNevada_B22_bh_10SGJ4424.tif
10SGJ4425,ca_sierranevada_5_2022_TahoeWest,10,https://prd-tnm.s3.amazonaws.com/StagedProducts/Elevation/OPR/Projects/CA_SierraNevada_B22/CA_SierraNevada_5_2022/TIFF/USGS_OPR_CA_SierraNevada_B22_bh_10SGJ4425.tif
10SGJ4426,ca_sierranevada_5_2022_TahoeWest,10,https://prd-tnm.s3.amazonaws.com/StagedProducts/Elevation/OPR/Projects/CA_SierraNevada_B22/CA_SierraNevada_5_2022/TIFF/USGS_OPR_CA_SierraNevada_B22_bh_10SGJ4426.tif
10SGJ4427,ca_sierranevada_5_2022_TahoeWest,10,https://prd-tnm.s3.amazonaws.com/StagedProducts/Elevation/OPR/Projects/CA_SierraNevada_B22/CA_SierraNevada_5_2022/TIFF/USGS_OPR_CA_SierraNevada_B22_bh_10SGJ4427.tif
10SGJ4428,ca_sierranevada_5_2022_TahoeWest,10,https://prd-tnm.s3.amazonaws.com/StagedProducts/Elevation/OPR/Projects/CA_SierraNevada_B22/CA_SierraNevada_5_2022/TIFF/USGS_OPR_CA_SierraNevada_B22_bh_10SGJ4428.tif
10SGJ4429,ca_sierranevada_5_2022_TahoeWest,10,https://prd-tnm.s3.amazonaws.com/StagedProducts/Elevation/OPR/Projects/CA_SierraNevada_B22/CA_SierraNevada_5_2022/TIFF/USGS_OPR_CA_SierraNevada_B22_bh_10SGJ4429.tif
10SGJ4430,ca_sierranevada_5_2022_TahoeWest,10,https://prd-tnm.s3.amazonaws.com/StagedProducts/Elevation/OPR/Projects/CA_SierraNevada_B22/CA_SierraNevada_5_2022/TIFF/USGS_OPR_CA_SierraNevada_B22_bh_10SGJ4430.tif
10SGJ4431,ca_sierranevada_5_2022_TahoeWest,10,https://prd-tnm.s3.amazonaws.com/StagedProducts/Elevation/OPR/Projects/CA_SierraNevada_B22/CA_SierraNevada_5_2022/TIFF/USGS_OPR_CA_SierraNevada_B22_bh_10SGJ4431.tif
10SGJ4432,ca_sierranevada_5_2022_TahoeWest,10,https://prd-tnm.s3.amazonaws.com/StagedProducts/Elevation/OPR/Projects/CA_SierraNevada_B22/CA_SierraNevada_5_2022/TIFF/USGS_OPR_CA_SierraNevada_B22_bh_10SGJ4432.tif
10SGJ4433,ca_sierranevada_5_2022_TahoeWest,10,https://prd-tnm.s3.amazonaws.com/StagedProducts/Elevation/OPR/Projects/CA_SierraNevada_B22/CA_SierraNevada_5_2022/TIFF/USGS_OPR_CA_SierraNevada_B22_bh_10SGJ4433.tif
10SGJ4434,ca_sierranevada_5_2022_TahoeWest,10,https://prd-tnm.s3.amazonaws.com/StagedProducts/Elevation/OPR/Projects/CA_SierraNevada_B22/CA_SierraNevada_5_2022/TIFF/USGS_OPR_CA_SierraNevada_B22_bh_10SGJ4434.tif
10SGJ4435,ca_sierranevada_5_2022_TahoeWest,10,https://prd-tnm.s3.amazonaws.com/StagedProducts/Elevation/OPR/Projects/CA_SierraNevada_B22/CA_SierraNevada_5_2022/TIFF/USGS_OPR_CA_SierraNevada_B22_bh_10SGJ4435.tif
10SGJ4436,ca_sierranevada_5_2022_TahoeWest,10,https://prd-tnm.s3.amazonaws.com/StagedProducts/Elevation/OPR/Projects/CA_SierraNevada_B22/CA_SierraNevada_5_2022/TIFF/USGS_OPR_CA_SierraNevada_B22_bh_10SGJ4436.tif
10SGJ4437,ca_sierranevada_5_2022_TahoeWest,10,https://prd-tnm.s3.amazonaws.com/StagedProducts/Elevation/OPR/Projects/CA_SierraNevada_B22/CA_SierraNevada_5_2022/TIFF/USGS_OPR_CA_SierraNevada_B22_bh_10SGJ4437.tif
10SGJ4438,ca_sierranevada_5_2022_TahoeWest,10,https://prd-tnm.s3.amazonaws.com/StagedProducts/Elevation/OPR/Projects/CA_SierraNevada_B22/CA_SierraNevada_5_2022/TIFF/USGS_OPR_CA_SierraNevada_B22_bh_10SGJ4438.tif
10SGJ4439,ca_sierranevada_5_2022_TahoeWest,10,https://prd-tnm.s3.amazonaws.com/StagedProducts/Elevation/OPR/Projects/CA_SierraNevada_B22/CA_SierraNevada_5_2022/TIFF/USGS_OPR_CA_SierraNevada_B22_bh_10SGJ4439.tif
10SGJ4440,ca_sierranevada_5_2022_TahoeWest,10,https://prd-tnm.s3.amazonaws.com/StagedProducts/Elevation/OPR/Projects/CA_SierraNevada_B22/CA_SierraNevada_5_2022/TIFF/USGS_OPR_CA_SierraNevada_B22_bh_10SGJ4440.tif
10SGJ4441,ca_sierranevada_5_2022_TahoeWest,10,https://prd-tnm.s3.amazonaws.com/StagedProducts/Elevation/OPR/Projects/CA_SierraNevada_B22/CA_SierraNevada_5_2022/TIFF/USGS_OPR_CA_SierraNevada_B22_bh_10SGJ4441.tif
10SGJ4442,ca_sierranevada_5_2022_TahoeWest,10,https://prd-tnm.s3.amazonaws.com/StagedProducts/Elevation/OPR/Projects/CA_SierraNevada_B22/CA_SierraNevada_5_2022/TIFF/USGS_OPR_CA_SierraNevada_B22_bh_10SGJ4442.tif
10SGJ4443,ca_sierranevada_5_2022_TahoeWest,10,https://prd-tnm.s3.amazonaws.com/StagedProducts/Elevation/OPR/Projects/CA_SierraNevada_B22/CA_SierraNevada_5_2022/TIFF/USGS_OPR_CA_SierraNevada_B22_bh_10SGJ4443.tif
10SGJ4444,ca_sierranevada_5_2022_TahoeWest,10,https://prd-tnm.s3.amazonaws.com/StagedProducts/Elevation/OPR/Projects/CA_SierraNevada_B22/CA_SierraNevada_5_2022/TIFF/USGS_OPR_CA_SierraNevada_B22_bh_10SGJ4444.tif
10SGJ4510,ca_sierranevada_5_2022_TahoeWest,10,https://prd-tnm.s3.amazonaws.com/StagedProducts/Elevation/OPR/Projects/CA_SierraNevada_B22/CA_SierraNevada_5_2022/TIFF/USGS_OPR_CA_SierraNevada_B22_bh_10SGJ4510.tif
10SGJ4511,ca_sierranevada_5_2022_TahoeWest,10,https://prd-tnm.s3.amazonaws.com/StagedProducts/Elevation/OPR/Projects/CA_SierraNevada_B22/CA_SierraNevada_5_2022/TIFF/USGS_OPR_CA_SierraNevada_B22_bh_10SGJ4511.tif
10SGJ4512,ca_sierranevada_5_2022_TahoeWest,10,https://prd-tnm.s3.amazonaws.com/StagedProducts/Elevation/OPR/Projects/CA_SierraNevada_B22/CA_SierraNevada_5_2022/TIFF/USGS_OPR_CA_SierraNevada_B22_bh_10SGJ4512.tif
10SGJ4517,ca_sierranevada_5_2022_TahoeWest,10,https://prd-tnm.s3.amazonaws.com/StagedProducts/Elevation/OPR/Projects/CA_SierraNevada_B22/CA_SierraNevada_5_2022/TIFF/USGS_OPR_CA_SierraNevada_B22_bh_10SGJ4517.tif
10SGJ4518,ca_sierranevada_5_2022_TahoeWest,10,https://prd-tnm.s3.amazonaws.com/StagedProducts/Elevation/OPR/Projects/CA_SierraNevada_B22/CA_SierraNevada_5_2022/TIFF/USGS_OPR_CA_SierraNevada_B22_bh_10SGJ4518.tif
10SGJ4519,ca_sierranevada_5_2022_TahoeWest,10,https://prd-tnm.s3.amazonaws.com/StagedProducts/Elevation/OPR/Projects/CA_SierraNevada_B22/CA_SierraNevada_5_2022/TIFF/USGS_OPR_CA_SierraNevada_B22_bh_10SGJ4519.tif
10SGJ4520,ca_sierranevada_5_2022_TahoeWest,10,https://prd-tnm.s3.amazonaws.com/StagedProducts/Elevation/OPR/Projects/CA_SierraNevada_B22/CA_SierraNevada_5_2022/TIFF/USGS_OPR_CA_SierraNevada_B22_bh_10SGJ4520.tif
10SGJ4521,ca_sierranevada_5_2022_TahoeWest,10,https://prd-tnm.s3.amazonaws.com/StagedProducts/Elevation/OPR/Projects/CA_SierraNevada_B22/CA_SierraNevada_5_2022/TIFF/USGS_OPR_CA_SierraNevada_B22_bh_10SGJ4521.tif
10SGJ4522,ca_sierranevada_5_2022_TahoeWest,10,https://prd-tnm.s3.amazonaws.com/StagedProducts/Elevation/OPR/Projects/CA_SierraNevada_B22/CA_SierraNevada_5_2022/TIFF/USGS_OPR_CA_SierraNevada_B22_bh_10SGJ4522.tif
10SGJ4523,ca_sierranevada_5_2022_TahoeWest,10,https://prd-tnm.s3.amazonaws.com/StagedProducts/Elevation/OPR/Projects/CA_SierraNevada_B22/CA_SierraNevada_5_2022/TIFF/USGS_OPR_CA_SierraNevada_B22_bh_10SGJ4523.tif
10SGJ4524,ca_sierranevada_5_2022_TahoeWest,10,https://prd-tnm.s3.amazonaws.com/StagedProducts/Elevation/OPR/Projects/CA_SierraNevada_B22/CA_SierraNevada_5_2022/TIFF/USGS_OPR_CA_SierraNevada_B22_bh_10SGJ4524.tif
10SGJ4525,ca_sierranevada_5_2022_TahoeWest,10,https://prd-tnm.s3.amazonaws.com/StagedProducts/Elevation/OPR/Projects/CA_SierraNevada_B22/CA_SierraNevada_5_2022/TIFF/USGS_OPR_CA_SierraNevada_B22_bh_10SGJ4525.tif
10SGJ4526,ca_sierranevada_5_2022_TahoeWest,10,https://prd-tnm.s3.amazonaws.com/StagedProducts/Elevation/OPR/Projects/CA_SierraNevada_B22/CA_SierraNevada_5_2022/TIFF/USGS_OPR_CA_SierraNevada_B22_bh_10SGJ4526.tif
10SGJ4527,ca_sierranevada_5_2022_TahoeWest,10,https://prd-tnm.s3.amazonaws.com/StagedProducts/Elevation/OPR/Projects/CA_SierraNevada_B22/CA_SierraNevada_5_2022/TIFF/USGS_OPR_CA_SierraNevada_B22_bh_10SGJ4527.tif
10SGJ4528,ca_sierranevada_5_2022_TahoeWest,10,https://prd-tnm.s3.amazonaws.com/StagedProducts/Elevation/OPR/Projects/CA_SierraNevada_B22/CA_SierraNevada_5_2022/TIFF/USGS_OPR_CA_SierraNevada_B22_bh_10SGJ4528.tif
10SGJ4529,ca_sierranevada_5_2022_TahoeWest,10,https://prd-tnm.s3.amazonaws.com/StagedProducts/Elevation/OPR/Projects/CA_SierraNevada_B22/CA_SierraNevada_5_2022/TIFF/USGS_OPR_CA_SierraNevada_B22_bh_10SGJ4529.tif
10SGJ4530,ca_sierranevada_5_2022_TahoeWest,10,https://prd-tnm.s3.amazonaws.com/StagedProducts/Elevation/OPR/Projects/CA_SierraNevada_B22/CA_SierraNevada_5_2022/TIFF/USGS_OPR_CA_SierraNevada_B22_bh_10SGJ4530.tif
10SGJ4531,ca_sierranevada_5_2022_TahoeWest,10,https://prd-tnm.s3.amazonaws.com/StagedProducts/Elevation/OPR/Projects/CA_SierraNevada_B22/CA_SierraNevada_5_2022/TIFF/USGS_OPR_CA_SierraNevada_B22_bh_10SGJ4531.tif
10SGJ4532,ca_sierranevada_5_2022_TahoeWest,10,https://prd-tnm.s3.amazonaws.com/StagedProducts/Elevation/OPR/Projects/CA_SierraNevada_B22/CA_SierraNevada_5_2022/TIFF/USGS_OPR_CA_SierraNevada_B22_bh_10SGJ4532.tif
10SGJ4533,ca_sierranevada_5_2022_TahoeWest,10,https://prd-tnm.s3.amazonaws.com/StagedProducts/Elevation/OPR/Projects/CA_SierraNevada_B22/CA_SierraNevada_5_2022/TIFF/USGS_OPR_CA_SierraNevada_B22_bh_10SGJ4533.tif
10SGJ4534,ca_sierranevada_5_2022_TahoeWest,10,https://prd-tnm.s3.amazonaws.com/StagedProducts/Elevation/OPR/Projects/CA_SierraNevada_B22/CA_SierraNevada_5_2022/TIFF/USGS_OPR_CA_SierraNevada_B22_bh_10SGJ4534.tif
10SGJ4535,ca_sierranevada_5_2022_TahoeWest,10,https://prd-tnm.s3.amazonaws.com/StagedProducts/Elevation/OPR/Projects/CA_SierraNevada_B22/CA_SierraNevada_5_2022/TIFF/USGS_OPR_CA_SierraNevada_B22_bh_10SGJ4535.tif
10SGJ4536,ca_sierranevada_5_2022_TahoeWest,10,https://prd-tnm.s3.amazonaws.com/StagedProducts/Elevation/OPR/Projects/CA_SierraNevada_B22/CA_SierraNevada_5_2022/TIFF/USGS_OPR_CA_SierraNevada_B22_bh_10SGJ4536.tif
10SGJ4537,ca_sierranevada_5_2022_TahoeWest,10,https://prd-tnm.s3.amazonaws.com/StagedProducts/Elevation/OPR/Projects/CA_SierraNevada_B22/CA_SierraNevada_5_2022/TIFF/USGS_OPR_CA_SierraNevada_B22_bh_10SGJ4537.tif
10SGJ4538,ca_sierranevada_5_2022_TahoeWest,10,https://prd-tnm.s3.amazonaws.com/StagedProducts/Elevation/OPR/Projects/CA_SierraNevada_B22/CA_SierraNevada_5_2022/TIFF/USGS_OPR_CA_SierraNevada_B22_bh_10SGJ4538.tif
10SGJ4539,ca_sierranevada_5_2022_TahoeWest,10,https://prd-tnm.s3.amazonaws.com/StagedProducts/Elevation/OPR/Projects/CA_SierraNevada_B22/CA_SierraNevada_5_2022/TIFF/USGS_OPR_CA_SierraNevada_B22_bh_10SGJ4539.tif
10SGJ4540,ca_sierranevada_5_2022_TahoeWest,10,https://prd-tnm.s3.amazonaws.com/StagedProducts/Elevation/OPR/Projects/CA_SierraNevada_B22/CA_SierraNevada_5_2022/TIFF/USGS_OPR_CA_SierraNevada_B22_bh_10SGJ4540.tif
10SGJ4541,ca_sierranevada_5_2022_TahoeWest,10,https://prd-tnm.s3.amazonaws.com/StagedProducts/Elevation/OPR/Projects/CA_SierraNevada_B22/CA_SierraNevada_5_2022/TIFF/USGS_OPR_CA_SierraNevada_B22_bh_10SGJ4541.tif
10SGJ4542,ca_sierranevada_5_2022_TahoeWest,10,https://prd-tnm.s3.amazonaws.com/StagedProducts/Elevation/OPR/Projects/CA_SierraNevada_B22/CA_SierraNevada_5_2022/TIFF/USGS_OPR_CA_SierraNevada_B22_bh_10SGJ4542.tif
10SGJ4543,ca_sierranevada_5_2022_TahoeWest,10,https://prd-tnm.s3.amazonaws.com/StagedProducts/Elevation/OPR/Projects/CA_SierraNevada_B22/CA_SierraNevada_5_2022/TIFF/USGS_OPR_CA_SierraNevada_B22_bh_10SGJ4543.tif
10SGJ4544,ca_sierranevada_5_2022_TahoeWest,10,https://prd-tnm.s3.amazonaws.com/StagedProducts/Elevation/OPR/Projects/CA_SierraNevada_B22/CA_SierraNevada_5_2022/TIFF/USGS_OPR_CA_SierraNevada_B22_bh_10SGJ4544.tif
10SGJ4607,ca_sierranevada_5_2022_TahoeWest,10,https://prd-tnm.s3.amazonaws.com/StagedProducts/Elevation/OPR/Projects/CA_SierraNevada_B22/CA_SierraNevada_5_2022/TIFF/USGS_OPR_CA_SierraNevada_B22_bh_10SGJ4607.tif
10SGJ4608,ca_sierranevada_5_2022_TahoeWest,10,https://prd-tnm.s3.amazonaws.com/StagedProducts/Elevation/OPR/Projects/CA_SierraNevada_B22/CA_SierraNevada_5_2022/TIFF/USGS_OPR_CA_SierraNevada_B22_bh_10SGJ4608.tif
10SGJ4609,ca_sierranevada_5_2022_TahoeWest,10,https://prd-tnm.s3.amazonaws.com/StagedProducts/Elevation/OPR/Projects/CA_SierraNevada_B22/CA_SierraNevada_5_2022/TIFF/USGS_OPR_CA_SierraNevada_B22_bh_10SGJ4609.tif
10SGJ4610,ca_sierranevada_5_2022_TahoeWest,10,https://prd-tnm.s3.amazonaws.com/StagedProducts/Elevation/OPR/Projects/CA_SierraNevada_B22/CA_SierraNevada_5_2022/TIFF/USGS_OPR_CA_SierraNevada_B22_bh_10SGJ4610.tif
10SGJ4611,ca_sierranevada_5_2022_TahoeWest,10,https://prd-tnm.s3.amazonaws.com/StagedProducts/Elevation/OPR/Projects/CA_SierraNevada_B22/CA_SierraNevada_5_2022/TIFF/USGS_OPR_CA_SierraNevada_B22_bh_10SGJ4611.tif
10SGJ4612,ca_sierranevada_5_2022_TahoeWest,10,https://prd-tnm.s3.amazonaws.com/StagedProducts/Elevation/OPR/Projects/CA_SierraNevada_B22/CA_SierraNevada_5_2022/TIFF/USGS_OPR_CA_SierraNevada_B22_bh_10SGJ4612.tif
10SGJ4613,ca_sierranevada_5_2022_TahoeWest,10,https://prd-tnm.s3.amazonaws.com/StagedProducts/Elevation/OPR/Projects/CA_SierraNevada_B22/CA_SierraNevada_5_2022/TIFF/USGS_OPR_CA_SierraNevada_B22_bh_10SGJ4613.tif
10SGJ4614,ca_sierranevada_5_2022_TahoeWest,10,https://prd-tnm.s3.amazonaws.com/StagedProducts/Elevation/OPR/Projects/CA_SierraNevada_B22/CA_SierraNevada_5_2022/TIFF/USGS_OPR_CA_SierraNevada_B22_bh_10SGJ4614.tif
10SGJ4615,ca_sierranevada_5_2022_TahoeWest,10,https://prd-tnm.s3.amazonaws.com/StagedProducts/Elevation/OPR/Projects/CA_SierraNevada_B22/CA_SierraNevada_5_2022/TIFF/USGS_OPR_CA_SierraNevada_B22_bh_10SGJ4615.tif
10SGJ4617,ca_sierranevada_5_2022_TahoeWest,10,https://prd-tnm.s3.amazonaws.com/StagedProducts/Elevation/OPR/Projects/CA_SierraNevada_B22/CA_SierraNevada_5_2022/TIFF/USGS_OPR_CA_SierraNevada_B22_bh_10SGJ4617.tif
10SGJ4618,ca_sierranevada_5_2022_TahoeWest,10,https://prd-tnm.s3.amazonaws.com/StagedProducts/Elevation/OPR/Projects/CA_SierraNevada_B22/CA_SierraNevada_5_2022/TIFF/USGS_OPR_CA_SierraNevada_B22_bh_10SGJ4618.tif
10SGJ4619,ca_sierranevada_5_2022_TahoeWest,10,https://prd-tnm.s3.amazonaws.com/StagedProducts/Elevation/OPR/Projects/CA_SierraNevada_B22/CA_SierraNevada_5_2022/TIFF/USGS_OPR_CA_SierraNevada_B22_bh_10SGJ4619.tif
10SGJ4620,ca_sierranevada_5_2022_TahoeWest,10,https://prd-tnm.s3.amazonaws.com/StagedProducts/Elevation/OPR/Projects/CA_SierraNevada_B22/CA_SierraNevada_5_2022/TIFF/USGS_OPR_CA_SierraNevada_B22_bh_10SGJ4620.tif
10SGJ4621,ca_sierranevada_5_2022_TahoeWest,10,https://prd-tnm.s3.amazonaws.com/StagedProducts/Elevation/OPR/Projects/CA_SierraNevada_B22/CA_SierraNevada_5_2022/TIFF/USGS_OPR_CA_SierraNevada_B22_bh_10SGJ4621.tif
10SGJ4622,ca_sierranevada_5_2022_TahoeWest,10,https://prd-tnm.s3.amazonaws.com/StagedProducts/Elevation/OPR/Projects/CA_SierraNevada_B22/CA_SierraNevada_5_2022/TIFF/USGS_OPR_CA_SierraNevada_B22_bh_10SGJ4622.tif
10SGJ4623,ca_sierranevada_5_2022_TahoeWest,10,https://prd-tnm.s3.amazonaws.com/StagedProducts/Elevation/OPR/Projects/CA_SierraNevada_B22/CA_SierraNevada_5_2022/TIFF/USGS_OPR_CA_SierraNevada_B22_bh_10SGJ4623.tif
10SGJ4624,ca_sierranevada_5_2022_TahoeWest,10,https://prd-tnm.s3.amazonaws.com/StagedProducts/Elevation/OPR/Projects/CA_SierraNevada_B22/CA_SierraNevada_5_2022/TIFF/USGS_OPR_CA_SierraNevada_B22_bh_10SGJ4624.tif
10SGJ4625,ca_sierranevada_5_2022_TahoeWest,10,https://prd-tnm.s3.amazonaws.com/StagedProducts/Elevation/OPR/Projects/CA_SierraNevada_B22/CA_SierraNevada_5_2022/TIFF/USGS_OPR_CA_SierraNevada_B22_bh_10SGJ4625.tif
10SGJ4626,ca_sierranevada_5_2022_TahoeWest,10,https://prd-tnm.s3.amazonaws.com/StagedProducts/Elevation/OPR/Projects/CA_SierraNevada_B22/CA_SierraNevada_5_2022/TIFF/USGS_OPR_CA_SierraNevada_B22_bh_10SGJ4626.tif
10SGJ4627,ca_sierranevada_5_2022_TahoeWest,10,https://prd-tnm.s3.amazonaws.com/StagedProducts/Elevation/OPR/Projects/CA_SierraNevada_B22/CA_SierraNevada_5_2022/TIFF/USGS_OPR_CA_SierraNevada_B22_bh_10SGJ4627.tif
10SGJ4628,ca_sierranevada_5_2022_TahoeWest,10,https://prd-tnm.s3.amazonaws.com/StagedProducts/Elevation/OPR/Projects/CA_SierraNevada_B22/CA_SierraNevada_5_2022/TIFF/USGS_OPR_CA_SierraNevada_B22_bh_10SGJ4628.tif
10SGJ4629,ca_sierranevada_5_2022_TahoeWest,10,https://prd-tnm.s3.amazonaws.com/StagedProducts/Elevation/OPR/Projects/CA_SierraNevada_B22/CA_SierraNevada_5_2022/TIFF/USGS_OPR_CA_SierraNevada_B22_bh_10SGJ4629.tif
10SGJ4630,ca_sierranevada_5_2022_TahoeWest,10,https://prd-tnm.s3.amazonaws.com/StagedProducts/Elevation/OPR/Projects/CA_SierraNevada_B22/CA_SierraNevada_5_2022/TIFF/USGS_OPR_CA_SierraNevada_B22_bh_10SGJ4630.tif
10SGJ4631,ca_sierranevada_5_2022_TahoeWest,10,https://prd-tnm.s3.amazonaws.com/StagedProducts/Elevation/OPR/Projects/CA_SierraNevada_B22/CA_SierraNevada_5_2022/TIFF/USGS_OPR_CA_SierraNevada_B22_bh_10SGJ4631.tif
10SGJ4632,ca_sierranevada_5_2022_TahoeWest,10,https://prd-tnm.s3.amazonaws.com/StagedProducts/Elevation/OPR/Projects/CA_SierraNevada_B22/CA_SierraNevada_5_2022/TIFF/USGS_OPR_CA_SierraNevada_B22_bh_10SGJ4632.tif
10SGJ4633,ca_sierranevada_5_2022_TahoeWest,10,https://prd-tnm.s3.amazonaws.com/StagedProducts/Elevation/OPR/Projects/CA_SierraNevada_B22/CA_SierraNevada_5_2022/TIFF/USGS_OPR_CA_SierraNevada_B22_bh_10SGJ4633.tif
10SGJ4634,ca_sierranevada_5_2022_TahoeWest,10,https://prd-tnm.s3.amazonaws.com/StagedProducts/Elevation/OPR/Projects/CA_SierraNevada_B22/CA_SierraNevada_5_2022/TIFF/USGS_OPR_CA_SierraNevada_B22_bh_10SGJ4634.tif
10SGJ4635,ca_sierranevada_5_2022_TahoeWest,10,https://prd-tnm.s3.amazonaws.com/StagedProducts/Elevation/OPR/Projects/CA_SierraNevada_B22/CA_SierraNevada_5_2022/TIFF/USGS_OPR_CA_SierraNevada_B22_bh_10SGJ4635.tif
10SGJ4636,ca_sierranevada_5_2022_TahoeWest,10,https://prd-tnm.s3.amazonaws.com/StagedProducts/Elevation/OPR/Projects/CA_SierraNevada_B22/CA_SierraNevada_5_2022/TIFF/USGS_OPR_CA_SierraNevada_B22_bh_10SGJ4636.tif
10SGJ4637,ca_sierranevada_5_2022_TahoeWest,10,https://prd-tnm.s3.amazonaws.com/StagedProducts/Elevation/OPR/Projects/CA_SierraNevada_B22/CA_SierraNevada_5_2022/TIFF/USGS_OPR_CA_SierraNevada_B22_bh_10SGJ4637.tif
10SGJ4638,ca_sierranevada_5_2022_TahoeWest,10,https://prd-tnm.s3.amazonaws.com/StagedProducts/Elevation/OPR/Projects/CA_SierraNevada_B22/CA_SierraNevada_5_2022/TIFF/USGS_OPR_CA_SierraNevada_B22_bh_10SGJ4638.tif
10SGJ4639,ca_sierranevada_5_2022_TahoeWest,10,https://prd-tnm.s3.amazonaws.com/StagedProducts/Elevation/OPR/Projects/CA_SierraNevada_B22/CA_SierraNevada_5_2022/TIFF/USGS_OPR_CA_SierraNevada_B22_bh_10SGJ4639.tif
10SGJ4640,ca_sierranevada_5_2022_TahoeWest,10,https://prd-tnm.s3.amazonaws.com/StagedProducts/Elevation/OPR/Projects/CA_SierraNevada_B22/CA_SierraNevada_5_2022/TIFF/USGS_OPR_CA_SierraNevada_B22_bh_10SGJ4640.tif
10SGJ4641,ca_sierranevada_5_2022_TahoeWest,10,https://prd-tnm.s3.amazonaws.com/StagedProducts/Elevation/OPR/Projects/CA_SierraNevada_B22/CA_SierraNevada_5_2022/TIFF/USGS_OPR_CA_SierraNevada_B22_bh_10SGJ4641.tif
10SGJ4642,ca_sierranevada_5_2022_TahoeWest,10,https://prd-tnm.s3.amazonaws.com/StagedProducts/Elevation/OPR/Projects/CA_SierraNevada_B22/CA_SierraNevada_5_2022/TIFF/USGS_OPR_CA_SierraNevada_B22_bh_10SGJ4642.tif
10SGJ4643,ca_sierranevada_5_2022_TahoeWest,10,https://prd-tnm.s3.amazonaws.com/StagedProducts/Elevation/OPR/Projects/CA_SierraNevada_B22/CA_SierraNevada_5_2022/TIFF/USGS_OPR_CA_SierraNevada_B22_bh_10SGJ4643.tif
10SGJ4644,ca_sierranevada_5_2022_TahoeWest,10,https://prd-tnm.s3.amazonaws.com/StagedProducts/Elevation/OPR/Projects/CA_SierraNevada_B22/CA_SierraNevada_5_2022/TIFF/USGS_OPR_CA_SierraNevada_B22_bh_10SGJ4644.tif
10SGJ4645,ca_sierranevada_5_2022_TahoeWest,10,https://prd-tnm.s3.amazonaws.com/StagedProducts/Elevation/OPR/Projects/CA_SierraNevada_B22/CA_SierraNevada_5_2022/TIFF/USGS_OPR_CA_SierraNevada_B22_bh_10SGJ4645.tif
10SGJ4706,ca_sierranevada_5_2022_TahoeWest,10,https://prd-tnm.s3.amazonaws.com/StagedProducts/Elevation/OPR/Projects/CA_SierraNevada_B22/CA_SierraNevada_5_2022/TIFF/USGS_OPR_CA_SierraNevada_B22_bh_10SGJ4706.tif
10SGJ4707,ca_sierranevada_5_2022_TahoeWest,10,https://prd-tnm.s3.amazonaws.com/StagedProducts/Elevation/OPR/Projects/CA_SierraNevada_B22/CA_SierraNevada_5_2022/TIFF/USGS_OPR_CA_SierraNevada_B22_bh_10SGJ4707.tif
10SGJ4708,ca_sierranevada_5_2022_TahoeWest,10,https://prd-tnm.s3.amazonaws.com/StagedProducts/Elevation/OPR/Projects/CA_SierraNevada_B22/CA_SierraNevada_5_2022/TIFF/USGS_OPR_CA_SierraNevada_B22_bh_10SGJ4708.tif
10SGJ4709,ca_sierranevada_5_2022_TahoeWest,10,https://prd-tnm.s3.amazonaws.com/StagedProducts/Elevation/OPR/Projects/CA_SierraNevada_B22/CA_SierraNevada_5_2022/TIFF/USGS_OPR_CA_SierraNevada_B22_bh_10SGJ4709.tif
10SGJ4710,ca_sierranevada_5_2022_TahoeWest,10,https://prd-tnm.s3.amazonaws.com/StagedProducts/Elevation/OPR/Projects/CA_SierraNevada_B22/CA_SierraNevada_5_2022/TIFF/USGS_OPR_CA_SierraNevada_B22_bh_10SGJ4710.tif
10SGJ4711,ca_sierranevada_5_2022_TahoeWest,10,https://prd-tnm.s3.amazonaws.com/StagedProducts/Elevation/OPR/Projects/CA_SierraNevada_B22/CA_SierraNevada_5_2022/TIFF/USGS_OPR_CA_SierraNevada_B22_bh_10SGJ4711.tif
10SGJ4712,ca_sierranevada_5_2022_TahoeWest,10,https://prd-tnm.s3.amazonaws.com/StagedProducts/Elevation/OPR/Projects/CA_SierraNevada_B22/CA_SierraNevada_5_2022/TIFF/USGS_OPR_CA_SierraNevada_B22_bh_10SGJ4712.tif
10SGJ4713,ca_sierranevada_5_2022_TahoeWest,10,https://prd-tnm.s3.amazonaws.com/StagedProducts/Elevation/OPR/Projects/CA_SierraNevada_B22/CA_SierraNevada_5_2022/TIFF/USGS_OPR_CA_SierraNevada_B22_bh_10SGJ4713.tif
10SGJ4714,ca_sierranevada_5_2022_TahoeWest,10,https://prd-tnm.s3.amazonaws.com/StagedProducts/Elevation/OPR/Projects/CA_SierraNevada_B22/CA_SierraNevada_5_2022/TIFF/USGS_OPR_CA_SierraNevada_B22_bh_10SGJ4714.tif
10SGJ4715,ca_sierranevada_5_2022_TahoeWest,10,https://prd-tnm.s3.amazonaws.com/StagedProducts/Elevation/OPR/Projects/CA_SierraNevada_B22/CA_SierraNevada_5_2022/TIFF/USGS_OPR_CA_SierraNevada_B22_bh_10SGJ4715.tif
10SGJ4716,ca_sierranevada_5_2022_TahoeWest,10,https://prd-tnm.s3.amazonaws.com/StagedProducts/Elevation/OPR/Projects/CA_SierraNevada_B22/CA_SierraNevada_5_2022/TIFF/USGS_OPR_CA_SierraNevada_B22_bh_10SGJ4716.tif
10SGJ4717,ca_sierranevada_5_2022_TahoeWest,10,https://prd-tnm.s3.amazonaws.com/StagedProducts/Elevation/OPR/Projects/CA_SierraNevada_B22/CA_SierraNevada_5_2022/TIFF/USGS_OPR_CA_SierraNevada_B22_bh_10SGJ4717.tif
10SGJ4718,ca_sierranevada_5_2022_TahoeWest,10,https://prd-tnm.s3.amazonaws.com/StagedProducts/Elevation/OPR/Projects/CA_SierraNevada_B22/CA_SierraNevada_5_2022/TIFF/USGS_OPR_CA_SierraNevada_B22_bh_10SGJ4718.tif
10SGJ4719,ca_sierranevada_5_2022_TahoeWest,10,https://prd-tnm.s3.amazonaws.com/StagedProducts/Elevation/OPR/Projects/CA_SierraNevada_B22/CA_SierraNevada_5_2022/TIFF/USGS_OPR_CA_SierraNevada_B22_bh_10SGJ4719.tif
10SGJ4720,ca_sierranevada_5_2022_TahoeWest,10,https://prd-tnm.s3.amazonaws.com/StagedProducts/Elevation/OPR/Projects/CA_SierraNevada_B22/CA_SierraNevada_5_2022/TIFF/USGS_OPR_CA_SierraNevada_B22_bh_10SGJ4720.tif
10SGJ4721,ca_sierranevada_5_2022_TahoeWest,10,https://prd-tnm.s3.amazonaws.com/StagedProducts/Elevation/OPR/Projects/CA_SierraNevada_B22/CA_SierraNevada_5_2022/TIFF/USGS_OPR_CA_SierraNevada_B22_bh_10SGJ4721.tif
10SGJ4722,ca_sierranevada_5_2022_TahoeWest,10,https://prd-tnm.s3.amazonaws.com/StagedProducts/Elevation/OPR/Projects/CA_SierraNevada_B22/CA_SierraNevada_5_2022/TIFF/USGS_OPR_CA_SierraNevada_B22_bh_10SGJ4722.tif
10SGJ4723,ca_sierranevada_5_2022_TahoeWest,10,https://prd-tnm.s3.amazonaws.com/StagedProducts/Elevation/OPR/Projects/CA_SierraNevada_B22/CA_SierraNevada_5_2022/TIFF/USGS_OPR_CA_SierraNevada_B22_bh_10SGJ4723.tif
10SGJ4724,ca_sierranevada_5_2022_TahoeWest,10,https://prd-tnm.s3.amazonaws.com/StagedProducts/Elevation/OPR/Projects/CA_SierraNevada_B22/CA_SierraNevada_5_2022/TIFF/USGS_OPR_CA_SierraNevada_B22_bh_10SGJ4724.tif
10SGJ4725,ca_sierranevada_5_2022_TahoeWest,10,https://prd-tnm.s3.amazonaws.com/StagedProducts/Elevation/OPR/Projects/CA_SierraNevada_B22/CA_SierraNevada_5_2022/TIFF/USGS_OPR_CA_SierraNevada_B22_bh_10SGJ4725.tif
10SGJ4726,ca_sierranevada_5_2022_TahoeWest,10,https://prd-tnm.s3.amazonaws.com/StagedProducts/Elevation/OPR/Projects/CA_SierraNevada_B22/CA_SierraNevada_5_2022/TIFF/USGS_OPR_CA_SierraNevada_B22_bh_10SGJ4726.tif
10SGJ4727,ca_sierranevada_5_2022_TahoeWest,10,https://prd-tnm.s3.amazonaws.com/StagedProducts/Elevation/OPR/Projects/CA_SierraNevada_B22/CA_SierraNevada_5_2022/TIFF/USGS_OPR_CA_SierraNevada_B22_bh_10SGJ4727.tif
10SGJ4728,ca_sierranevada_5_2022_TahoeWest,10,https://prd-tnm.s3.amazonaws.com/StagedProducts/Elevation/OPR/Projects/CA_SierraNevada_B22/CA_SierraNevada_5_2022/TIFF/USGS_OPR_CA_SierraNevada_B22_bh_10SGJ4728.tif
10SGJ4729,ca_sierranevada_5_2022_TahoeWest,10,https://prd-tnm.s3.amazonaws.com/StagedProducts/Elevation/OPR/Projects/CA_SierraNevada_B22/CA_SierraNevada_5_2022/TIFF/USGS_OPR_CA_SierraNevada_B22_bh_10SGJ4729.tif
10SGJ4730,ca_sierranevada_5_2022_TahoeWest,10,https://prd-tnm.s3.amazonaws.com/StagedProducts/Elevation/OPR/Projects/CA_SierraNevada_B22/CA_SierraNevada_5_2022/TIFF/USGS_OPR_CA_SierraNevada_B22_bh_10SGJ4730.tif
10SGJ4731,ca_sierranevada_5_2022_TahoeWest,10,https://prd-tnm.s3.amazonaws.com/StagedProducts/Elevation/OPR/Projects/CA_SierraNevada_B22/CA_SierraNevada_5_2022/TIFF/USGS_OPR_CA_SierraNevada_B22_bh_10SGJ4731.tif
10SGJ4732,ca_sierranevada_5_2022_TahoeWest,10,https://prd-tnm.s3.amazonaws.com/StagedProducts/Elevation/OPR/Projects/CA_SierraNevada_B22/CA_SierraNevada_5_2022/TIFF/USGS_OPR_CA_SierraNevada_B22_bh_10SGJ4732.tif
10SGJ4733,ca_sierranevada_5_2022_TahoeWest,10,https://prd-tnm.s3.amazonaws.com/StagedProducts/Elevation/OPR/Projects/CA_SierraNevada_B22/CA_SierraNevada_5_2022/TIFF/USGS_OPR_CA_SierraNevada_B22_bh_10SGJ4733.tif
10SGJ4734,ca_sierranevada_5_2022_TahoeWest,10,https://prd-tnm.s3.amazonaws.com/StagedProducts/Elevation/OPR/Projects/CA_SierraNevada_B22/CA_SierraNevada_5_2022/TIFF/USGS_OPR_CA_SierraNevada_B22_bh_10SGJ4734.tif
10SGJ4735,ca_sierranevada_5_2022_TahoeWest,10,https://prd-tnm.s3.amazonaws.com/StagedProducts/Elevation/OPR/Projects/CA_SierraNevada_B22/CA_SierraNevada_5_2022/TIFF/USGS_OPR_CA_SierraNevada_B22_bh_10SGJ4735.tif
10SGJ4736,ca_sierranevada_5_2022_TahoeWest,10,https://prd-tnm.s3.amazonaws.com/StagedProducts/Elevation/OPR/Projects/CA_SierraNevada_B22/CA_SierraNevada_5_2022/TIFF/USGS_OPR_CA_SierraNevada_B22_bh_10SGJ4736.tif
10SGJ4737,ca_sierranevada_5_2022_TahoeWest,10,https://prd-tnm.s3.amazonaws.com/StagedProducts/Elevation/OPR/Projects/CA_SierraNevada_B22/CA_SierraNevada_5_2022/TIFF/USGS_OPR_CA_SierraNevada_B22_bh_10SGJ4737.tif
10SGJ4738,ca_sierranevada_5_2022_TahoeWest,10,https://prd-tnm.s3.amazonaws.com/StagedProducts/Elevation/OPR/Projects/CA_SierraNevada_B22/CA_SierraNevada_5_2022/TIFF/USGS_OPR_CA_SierraNevada_B22_bh_10SGJ4738.tif
10SGJ4739,ca_sierranevada_5_2022_TahoeWest,10,https://prd-tnm.s3.amazonaws.com/StagedProducts/Elevation/OPR/Projects/CA_SierraNevada_B22/CA_SierraNevada_5_2022/TIFF/USGS_OPR_CA_SierraNevada_B22_bh_10SGJ4739.tif
10SGJ4740,ca_sierranevada_5_2022_TahoeWest,10,https://prd-tnm.s3.amazonaws.com/StagedProducts/Elevation/OPR/Projects/CA_SierraNevada_B22/CA_SierraNevada_5_2022/TIFF/USGS_OPR_CA_SierraNevada_B22_bh_10SGJ4740.tif
10SGJ4741,ca_sierranevada_5_2022_TahoeWest,10,https://prd-tnm.s3.amazonaws.com/StagedProducts/Elevation/OPR/Projects/CA_SierraNevada_B22/CA_SierraNevada_5_2022/TIFF/USGS_OPR_CA_SierraNevada_B22_bh_10SGJ4741.tif
10SGJ4742,ca_sierranevada_5_2022_TahoeWest,10,https://prd-tnm.s3.amazonaws.com/StagedProducts/Elevation/OPR/Projects/CA_SierraNevada_B22/CA_SierraNevada_5_2022/TIFF/USGS_OPR_CA_SierraNevada_B22_bh_10SGJ4742.tif
10SGJ4743,ca_sierranevada_5_2022_TahoeWest,10,https://prd-tnm.s3.amazonaws.com/StagedProducts/Elevation/OPR/Projects/CA_SierraNevada_B22/CA_SierraNevada_5_2022/TIFF/USGS_OPR_CA_SierraNevada_B22_bh_10SGJ4743.tif
10SGJ4744,ca_sierranevada_5_2022_TahoeWest,10,https://prd-tnm.s3.amazonaws.com/StagedProducts/Elevation/OPR/Projects/CA_SierraNevada_B22/CA_SierraNevada_5_2022/TIFF/USGS_OPR_CA_SierraNevada_B22_bh_10SGJ4744.tif
10SGJ4745,ca_sierranevada_5_2022_TahoeWest,10,https://prd-tnm.s3.amazonaws.com/StagedProducts/Elevation/OPR/Projects/CA_SierraNevada_B22/CA_SierraNevada_5_2022/TIFF/USGS_OPR_CA_SierraNevada_B22_bh_10SGJ4745.tif
10SGJ4746,ca_sierranevada_5_2022_TahoeWest,10,https://prd-tnm.s3.amazonaws.com/StagedProducts/Elevation/OPR/Projects/CA_SierraNevada_B22/CA_SierraNevada_5_2022/TIFF/USGS_OPR_CA_SierraNevada_B22_bh_10SGJ4746.tif
10SGJ4805,ca_sierranevada_5_2022_TahoeWest,10,https://prd-tnm.s3.amazonaws.com/StagedProducts/Elevation/OPR/Projects/CA_SierraNevada_B22/CA_SierraNevada_5_2022/TIFF/USGS_OPR_CA_SierraNevada_B22_bh_10SGJ4805.tif
10SGJ4806,ca_sierranevada_5_2022_TahoeWest,10,https://prd-tnm.s3.amazonaws.com/StagedProducts/Elevation/OPR/Projects/CA_SierraNevada_B22/CA_SierraNevada_5_2022/TIFF/USGS_OPR_CA_SierraNevada_B22_bh_10SGJ4806.tif
10SGJ4807,ca_sierranevada_5_2022_TahoeWest,10,https://prd-tnm.s3.amazonaws.com/StagedProducts/Elevation/OPR/Projects/CA_SierraNevada_B22/CA_SierraNevada_5_2022/TIFF/USGS_OPR_CA_SierraNevada_B22_bh_10SGJ4807.tif
10SGJ4808,ca_sierranevada_5_2022_TahoeWest,10,https://prd-tnm.s3.amazonaws.com/StagedProducts/Elevation/OPR/Projects/CA_SierraNevada_B22/CA_SierraNevada_5_2022/TIFF/USGS_OPR_CA_SierraNevada_B22_bh_10SGJ4808.tif
10SGJ4809,ca_sierranevada_5_2022_TahoeWest,10,https://prd-tnm.s3.amazonaws.com/StagedProducts/Elevation/OPR/Projects/CA_SierraNevada_B22/CA_SierraNevada_5_2022/TIFF/USGS_OPR_CA_SierraNevada_B22_bh_10SGJ4809.tif
10SGJ4810,ca_sierranevada_5_2022_TahoeWest,10,https://prd-tnm.s3.amazonaws.com/StagedProducts/Elevation/OPR/Projects/CA_SierraNevada_B22/CA_SierraNevada_5_2022/TIFF/USGS_OPR_CA_SierraNevada_B22_bh_10SGJ4810.tif
10SGJ4811,ca_sierranevada_5_2022_TahoeWest,10,https://prd-tnm.s3.amazonaws.com/StagedProducts/Elevation/OPR/Projects/CA_SierraNevada_B22/CA_SierraNevada_5_2022/TIFF/USGS_OPR_CA_SierraNevada_B22_bh_10SGJ4811.tif
10SGJ4812,ca_sierranevada_5_2022_TahoeWest,10,https://prd-tnm.s3.amazonaws.com/StagedProducts/Elevation/OPR/Projects/CA_SierraNevada_B22/CA_SierraNevada_5_2022/TIFF/USGS_OPR_CA_SierraNevada_B22_bh_10SGJ4812.tif
10SGJ4813,ca_sierranevada_5_2022_TahoeWest,10,https://prd-tnm.s3.amazonaws.com/StagedProducts/Elevation/OPR/Projects/CA_SierraNevada_B22/CA_SierraNevada_5_2022/TIFF/USGS_OPR_CA_SierraNevada_B22_bh_10SGJ4813.tif
10SGJ4814,ca_sierranevada_5_2022_TahoeWest,10,https://prd-tnm.s3.amazonaws.com/StagedProducts/Elevation/OPR/Projects/CA_SierraNevada_B22/CA_SierraNevada_5_2022/TIFF/USGS_OPR_CA_SierraNevada_B22_bh_10SGJ4814.tif
10SGJ4815,ca_sierranevada_5_2022_TahoeWest,10,https://prd-tnm.s3.amazonaws.com/StagedProducts/Elevation/OPR/Projects/CA_SierraNevada_B22/CA_SierraNevada_5_2022/TIFF/USGS_OPR_CA_SierraNevada_B22_bh_10SGJ4815.tif
10SGJ4816,ca_sierranevada_5_2022_TahoeWest,10,https://prd-tnm.s3.amazonaws.com/StagedProducts/Elevation/OPR/Projects/CA_SierraNevada_B22/CA_SierraNevada_5_2022/TIFF/USGS_OPR_CA_SierraNevada_B22_bh_10SGJ4816.tif
10SGJ4817,ca_sierranevada_5_2022_TahoeWest,10,https://prd-tnm.s3.amazonaws.com/StagedProducts/Elevation/OPR/Projects/CA_SierraNevada_B22/CA_SierraNevada_5_2022/TIFF/USGS_OPR_CA_SierraNevada_B22_bh_10SGJ4817.tif
10SGJ4818,ca_sierranevada_5_2022_TahoeWest,10,https://prd-tnm.s3.amazonaws.com/StagedProducts/Elevation/OPR/Projects/CA_SierraNevada_B22/CA_SierraNevada_5_2022/TIFF/USGS_OPR_CA_SierraNevada_B22_bh_10SGJ4818.tif
10SGJ4819,ca_sierranevada_5_2022_TahoeWest,10,https://prd-tnm.s3.amazonaws.com/StagedProducts/Elevation/OPR/Projects/CA_SierraNevada_B22/CA_SierraNevada_5_2022/TIFF/USGS_OPR_CA_SierraNevada_B22_bh_10SGJ4819.tif
10SGJ4820,ca_sierranevada_5_2022_TahoeWest,10,https://prd-tnm.s3.amazonaws.com/StagedProducts/Elevation/OPR/Projects/CA_SierraNevada_B22/CA_SierraNevada_5_2022/TIFF/USGS_OPR_CA_SierraNevada_B22_bh_10SGJ4820.tif
10SGJ4821,ca_sierranevada_5_2022_TahoeWest,10,https://prd-tnm.s3.amazonaws.com/StagedProducts/Elevation/OPR/Projects/CA_SierraNevada_B22/CA_SierraNevada_5_2022/TIFF/USGS_OPR_CA_SierraNevada_B22_bh_10SGJ4821.tif
10SGJ4822,ca_sierranevada_5_2022_TahoeWest,10,https://prd-tnm.s3.amazonaws.com/StagedProducts/Elevation/OPR/Projects/CA_SierraNevada_B22/CA_SierraNevada_5_2022/TIFF/USGS_OPR_CA_SierraNevada_B22_bh_10SGJ4822.tif
10SGJ4823,ca_sierranevada_5_2022_TahoeWest,10,https://prd-tnm.s3.amazonaws.com/StagedProducts/Elevation/OPR/Projects/CA_SierraNevada_B22/CA_SierraNevada_5_2022/TIFF/USGS_OPR_CA_SierraNevada_B22_bh_10SGJ4823.tif
10SGJ4824,ca_sierranevada_5_2022_TahoeWest,10,https://prd-tnm.s3.amazonaws.com/StagedProducts/Elevation/OPR/Projects/CA_SierraNevada_B22/CA_SierraNevada_5_2022/TIFF/USGS_OPR_CA_SierraNevada_B22_bh_10SGJ4824.tif
10SGJ4825,ca_sierranevada_5_2022_TahoeWest,10,https://prd-tnm.s3.amazonaws.com/StagedProducts/Elevation/OPR/Projects/CA_SierraNevada_B22/CA_SierraNevada_5_2022/TIFF/USGS_OPR_CA_SierraNevada_B22_bh_10SGJ4825.tif
10SGJ4826,ca_sierranevada_5_2022_TahoeWest,10,https://prd-tnm.s3.amazonaws.com/StagedProducts/Elevation/OPR/Projects/CA_SierraNevada_B22/CA_SierraNevada_5_2022/TIFF/USGS_OPR_CA_SierraNevada_B22_bh_10SGJ4826.tif
10SGJ4827,ca_sierranevada_5_2022_TahoeWest,10,https://prd-tnm.s3.amazonaws.com/StagedProducts/Elevation/OPR/Projects/CA_SierraNevada_B22/CA_SierraNevada_5_2022/TIFF/USGS_OPR_CA_SierraNevada_B22_bh_10SGJ4827.tif
10SGJ4828,ca_sierranevada_5_2022_TahoeWest,10,https://prd-tnm.s3.amazonaws.com/StagedProducts/Elevation/OPR/Projects/CA_SierraNevada_B22/CA_SierraNevada_5_2022/TIFF/USGS_OPR_CA_SierraNevada_B22_bh_10SGJ4828.tif
10SGJ4829,ca_sierranevada_5_2022_TahoeWest,10,https://prd-tnm.s3.amazonaws.com/StagedProducts/Elevation/OPR/Projects/CA_SierraNevada_B22/CA_SierraNevada_5_2022/TIFF/USGS_OPR_CA_SierraNevada_B22_bh_10SGJ4829.tif
10SGJ4830,ca_sierranevada_5_2022_TahoeWest,10,https://prd-tnm.s3.amazonaws.com/StagedProducts/Elevation/OPR/Projects/CA_SierraNevada_B22/CA_SierraNevada_5_2022/TIFF/USGS_OPR_CA_SierraNevada_B22_bh_10SGJ4830.tif
10SGJ4831,ca_sierranevada_5_2022_TahoeWest,10,https://prd-tnm.s3.amazonaws.com/StagedProducts/Elevation/OPR/Projects/CA_SierraNevada_B22/CA_SierraNevada_5_2022/TIFF/USGS_OPR_CA_SierraNevada_B22_bh_10SGJ4831.tif
10SGJ4832,ca_sierranevada_5_2022_TahoeWest,10,https://prd-tnm.s3.amazonaws.com/StagedProducts/Elevation/OPR/Projects/CA_SierraNevada_B22/CA_SierraNevada_5_2022/TIFF/USGS_OPR_CA_SierraNevada_B22_bh_10SGJ4832.tif
10SGJ4833,ca_sierranevada_5_2022_TahoeWest,10,https://prd-tnm.s3.amazonaws.com/StagedProducts/Elevation/OPR/Projects/CA_SierraNevada_B22/CA_SierraNevada_5_2022/TIFF/USGS_OPR_CA_SierraNevada_B22_bh_10SGJ4833.tif
10SGJ4834,ca_sierranevada_5_2022_TahoeWest,10,https://prd-tnm.s3.amazonaws.com/StagedProducts/Elevation/OPR/Projects/CA_SierraNevada_B22/CA_SierraNevada_5_2022/TIFF/USGS_OPR_CA_SierraNevada_B22_bh_10SGJ4834.tif
10SGJ4835,ca_sierranevada_5_2022_TahoeWest,10,https://prd-tnm.s3.amazonaws.com/StagedProducts/Elevation/OPR/Projects/CA_SierraNevada_B22/CA_SierraNevada_5_2022/TIFF/USGS_OPR_CA_SierraNevada_B22_bh_10SGJ4835.tif
10SGJ4836,ca_sierranevada_5_2022_TahoeWest,10,https://prd-tnm.s3.amazonaws.com/StagedProducts/Elevation/OPR/Projects/CA_SierraNevada_B22/CA_SierraNevada_5_2022/TIFF/USGS_OPR_CA_SierraNevada_B22_bh_10SGJ4836.tif
10SGJ4837,ca_sierranevada_5_2022_TahoeWest,10,https://prd-tnm.s3.amazonaws.com/StagedProducts/Elevation/OPR/Projects/CA_SierraNevada_B22/CA_SierraNevada_5_2022/TIFF/USGS_OPR_CA_SierraNevada_B22_bh_10SGJ4837.tif
10SGJ4838,ca_sierranevada_5_2022_TahoeWest,10,https://prd-tnm.s3.amazonaws.com/StagedProducts/Elevation/OPR/Projects/CA_SierraNevada_B22/CA_SierraNevada_5_2022/TIFF/USGS_OPR_CA_SierraNevada_B22_bh_10SGJ4838.tif
10SGJ4839,ca_sierranevada_5_2022_TahoeWest,10,https://prd-tnm.s3.amazonaws.com/StagedProducts/Elevation/OPR/Projects/CA_SierraNevada_B22/CA_SierraNevada_5_2022/TIFF/USGS_OPR_CA_SierraNevada_B22_bh_10SGJ4839.tif
10SGJ4840,ca_sierranevada_5_2022_TahoeWest,10,https://prd-tnm.s3.amazonaws.com/StagedProducts/Elevation/OPR/Projects/CA_SierraNevada_B22/CA_SierraNevada_5_2022/TIFF/USGS_OPR_CA_SierraNevada_B22_bh_10SGJ4840.tif
10SGJ4841,ca_sierranevada_5_2022_TahoeWest,10,https://prd-tnm.s3.amazonaws.com/StagedProducts/Elevation/OPR/Projects/CA_SierraNevada_B22/CA_SierraNevada_5_2022/TIFF/USGS_OPR_CA_SierraNevada_B22_bh_10SGJ4841.tif
10SGJ4842,ca_sierranevada_5_2022_TahoeWest,10,https://prd-tnm.s3.amazonaws.com/StagedProducts/Elevation/OPR/Projects/CA_SierraNevada_B22/CA_SierraNevada_5_2022/TIFF/USGS_OPR_CA_SierraNevada_B22_bh_10SGJ4842.tif
10SGJ4843,ca_sierranevada_5_2022_TahoeWest,10,https://prd-tnm.s3.amazonaws.com/StagedProducts/Elevation/OPR/Projects/CA_SierraNevada_B22/CA_SierraNevada_5_2022/TIFF/USGS_OPR_CA_SierraNevada_B22_bh_10SGJ4843.tif
10SGJ4844,ca_sierranevada_5_2022_TahoeWest,10,https://prd-tnm.s3.amazonaws.com/StagedProducts/Elevation/OPR/Projects/CA_SierraNevada_B22/CA_SierraNevada_5_2022/TIFF/USGS_OPR_CA_SierraNevada_B22_bh_10SGJ4844.tif
10SGJ4845,ca_sierranevada_5_2022_TahoeWest,10,https://prd-tnm.s3.amazonaws.com/StagedProducts/Elevation/OPR/Projects/CA_SierraNevada_B22/CA_SierraNevada_5_2022/TIFF/USGS_OPR_CA_SierraNevada_B22_bh_10SGJ4845.tif
10SGJ4846,ca_sierranevada_5_2022_TahoeWest,10,https://prd-tnm.s3.amazonaws.com/StagedProducts/Elevation/OPR/Projects/CA_SierraNevada_B22/CA_SierraNevada_5_2022/TIFF/USGS_OPR_CA_SierraNevada_B22_bh_10SGJ4846.tif
10SGJ4904,ca_sierranevada_5_2022_TahoeWest,10,https://prd-tnm.s3.amazonaws.com/StagedProducts/Elevation/OPR/Projects/CA_SierraNevada_B22/CA_SierraNevada_5_2022/TIFF/USGS_OPR_CA_SierraNevada_B22_bh_10SGJ4904.tif
10SGJ4905,ca_sierranevada_5_2022_TahoeWest,10,https://prd-tnm.s3.amazonaws.com/StagedProducts/Elevation/OPR/Projects/CA_SierraNevada_B22/CA_SierraNevada_5_2022/TIFF/USGS_OPR_CA_SierraNevada_B22_bh_10SGJ4905.tif
10SGJ4906,ca_sierranevada_5_2022_TahoeWest,10,https://prd-tnm.s3.amazonaws.com/StagedProducts/Elevation/OPR/Projects/CA_SierraNevada_B22/CA_SierraNevada_5_2022/TIFF/USGS_OPR_CA_SierraNevada_B22_bh_10SGJ4906.tif
10SGJ4907,ca_sierranevada_5_2022_TahoeWest,10,https://prd-tnm.s3.amazonaws.com/StagedProducts/Elevation/OPR/Projects/CA_SierraNevada_B22/CA_SierraNevada_5_2022/TIFF/USGS_OPR_CA_SierraNevada_B22_bh_10SGJ4907.tif
10SGJ4908,ca_sierranevada_5_2022_TahoeWest,10,https://prd-tnm.s3.amazonaws.com/StagedProducts/Elevation/OPR/Projects/CA_SierraNevada_B22/CA_SierraNevada_5_2022/TIFF/USGS_OPR_CA_SierraNevada_B22_bh_10SGJ4908.tif
10SGJ4909,ca_sierranevada_5_2022_TahoeWest,10,https://prd-tnm.s3.amazonaws.com/StagedProducts/Elevation/OPR/Projects/CA_SierraNevada_B22/CA_SierraNevada_5_2022/TIFF/USGS_OPR_CA_SierraNevada_B22_bh_10SGJ4909.tif
10SGJ4910,ca_sierranevada_5_2022_TahoeWest,10,https://prd-tnm.s3.amazonaws.com/StagedProducts/Elevation/OPR/Projects/CA_SierraNevada_B22/CA_SierraNevada_5_2022/TIFF/USGS_OPR_CA_SierraNevada_B22_bh_10SGJ4910.tif
10SGJ4911,ca_sierranevada_5_2022_TahoeWest,10,https://prd-tnm.s3.amazonaws.com/StagedProducts/Elevation/OPR/Projects/CA_SierraNevada_B22/CA_SierraNevada_5_2022/TIFF/USGS_OPR_CA_SierraNevada_B22_bh_10SGJ4911.tif
10SGJ4912,ca_sierranevada_5_2022_TahoeWest,10,https://prd-tnm.s3.amazonaws.com/StagedProducts/Elevation/OPR/Projects/CA_SierraNevada_B22/CA_SierraNevada_5_2022/TIFF/USGS_OPR_CA_SierraNevada_B22_bh_10SGJ4912.tif
10SGJ4913,ca_sierranevada_5_2022_TahoeWest,10,https://prd-tnm.s3.amazonaws.com/StagedProducts/Elevation/OPR/Projects/CA_SierraNevada_B22/CA_SierraNevada_5_2022/TIFF/USGS_OPR_CA_SierraNevada_B22_bh_10SGJ4913.tif
10SGJ4914,ca_sierranevada_5_2022_TahoeWest,10,https://prd-tnm.s3.amazonaws.com/StagedProducts/Elevation/OPR/Projects/CA_SierraNevada_B22/CA_SierraNevada_5_2022/TIFF/USGS_OPR_CA_SierraNevada_B22_bh_10SGJ4914.tif
10SGJ4915,ca_sierranevada_5_2022_TahoeWest,10,https://prd-tnm.s3.amazonaws.com/StagedProducts/Elevation/OPR/Projects/CA_SierraNevada_B22/CA_SierraNevada_5_2022/TIFF/USGS_OPR_CA_SierraNevada_B22_bh_10SGJ4915.tif
10SGJ4916,ca_sierranevada_5_2022_TahoeWest,10,https://prd-tnm.s3.amazonaws.com/StagedProducts/Elevation/OPR/Projects/CA_SierraNevada_B22/CA_SierraNevada_5_2022/TIFF/USGS_OPR_CA_SierraNevada_B22_bh_10SGJ4916.tif
10SGJ4917,ca_sierranevada_5_2022_TahoeWest,10,https://prd-tnm.s3.amazonaws.com/StagedProducts/Elevation/OPR/Projects/CA_SierraNevada_B22/CA_SierraNevada_5_2022/TIFF/USGS_OPR_CA_SierraNevada_B22_bh_10SGJ4917.tif
10SGJ4918,ca_sierranevada_5_2022_TahoeWest,10,https://prd-tnm.s3.amazonaws.com/StagedProducts/Elevation/OPR/Projects/CA_SierraNevada_B22/CA_SierraNevada_5_2022/TIFF/USGS_OPR_CA_SierraNevada_B22_bh_10SGJ4918.tif
10SGJ4919,ca_sierranevada_5_2022_TahoeWest,10,https://prd-tnm.s3.amazonaws.com/StagedProducts/Elevation/OPR/Projects/CA_SierraNevada_B22/CA_SierraNevada_5_2022/TIFF/USGS_OPR_CA_SierraNevada_B22_bh_10SGJ4919.tif
10SGJ4920,ca_sierranevada_5_2022_TahoeWest,10,https://prd-tnm.s3.amazonaws.com/StagedProducts/Elevation/OPR/Projects/CA_SierraNevada_B22/CA_SierraNevada_5_2022/TIFF/USGS_OPR_CA_SierraNevada_B22_bh_10SGJ4920.tif
10SGJ4921,ca_sierranevada_5_2022_TahoeWest,10,https://prd-tnm.s3.amazonaws.com/StagedProducts/Elevation/OPR/Projects/CA_SierraNevada_B22/CA_SierraNevada_5_2022/TIFF/USGS_OPR_CA_SierraNevada_B22_bh_10SGJ4921.tif
10SGJ4922,ca_sierranevada_5_2022_TahoeWest,10,https://prd-tnm.s3.amazonaws.com/StagedProducts/Elevation/OPR/Projects/CA_SierraNevada_B22/CA_SierraNevada_5_2022/TIFF/USGS_OPR_CA_SierraNevada_B22_bh_10SGJ4922.tif
10SGJ4923,ca_sierranevada_5_2022_TahoeWest,10,https://prd-tnm.s3.amazonaws.com/StagedProducts/Elevation/OPR/Projects/CA_SierraNevada_B22/CA_SierraNevada_5_2022/TIFF/USGS_OPR_CA_SierraNevada_B22_bh_10SGJ4923.tif
10SGJ4924,ca_sierranevada_5_2022_TahoeWest,10,https://prd-tnm.s3.amazonaws.com/StagedProducts/Elevation/OPR/Projects/CA_SierraNevada_B22/CA_SierraNevada_5_2022/TIFF/USGS_OPR_CA_SierraNevada_B22_bh_10SGJ4924.tif
10SGJ4925,ca_sierranevada_5_2022_TahoeWest,10,https://prd-tnm.s3.amazonaws.com/StagedProducts/Elevation/OPR/Projects/CA_SierraNevada_B22/CA_SierraNevada_5_2022/TIFF/USGS_OPR_CA_SierraNevada_B22_bh_10SGJ4925.tif
10SGJ4926,ca_sierranevada_5_2022_TahoeWest,10,https://prd-tnm.s3.amazonaws.com/StagedProducts/Elevation/OPR/Projects/CA_SierraNevada_B22/CA_SierraNevada_5_2022/TIFF/USGS_OPR_CA_SierraNevada_B22_bh_10SGJ4926.tif
10SGJ4927,ca_sierranevada_5_2022_TahoeWest,10,https://prd-tnm.s3.amazonaws.com/StagedProducts/Elevation/OPR/Projects/CA_SierraNevada_B22/CA_SierraNevada_5_2022/TIFF/USGS_OPR_CA_SierraNevada_B22_bh_10SGJ4927.tif
10SGJ4928,ca_sierranevada_5_2022_TahoeWest,10,https://prd-tnm.s3.amazonaws.com/StagedProducts/Elevation/OPR/Projects/CA_SierraNevada_B22/CA_SierraNevada_5_2022/TIFF/USGS_OPR_CA_SierraNevada_B22_bh_10SGJ4928.tif
10SGJ4929,ca_sierranevada_5_2022_TahoeWest,10,https://prd-tnm.s3.amazonaws.com/StagedProducts/Elevation/OPR/Projects/CA_SierraNevada_B22/CA_SierraNevada_5_2022/TIFF/USGS_OPR_CA_SierraNevada_B22_bh_10SGJ4929.tif
10SGJ4930,ca_sierranevada_5_2022_TahoeWest,10,https://prd-tnm.s3.amazonaws.com/StagedProducts/Elevation/OPR/Projects/CA_SierraNevada_B22/CA_SierraNevada_5_2022/TIFF/USGS_OPR_CA_SierraNevada_B22_bh_10SGJ4930.tif
10SGJ4931,ca_sierranevada_5_2022_TahoeWest,10,https://prd-tnm.s3.amazonaws.com/StagedProducts/Elevation/OPR/Projects/CA_SierraNevada_B22/CA_SierraNevada_5_2022/TIFF/USGS_OPR_CA_SierraNevada_B22_bh_10SGJ4931.tif
10SGJ4932,ca_sierranevada_5_2022_TahoeWest,10,https://prd-tnm.s3.amazonaws.com/StagedProducts/Elevation/OPR/Projects/CA_SierraNevada_B22/CA_SierraNevada_5_2022/TIFF/USGS_OPR_CA_SierraNevada_B22_bh_10SGJ4932.tif
10SGJ4933,ca_sierranevada_5_2022_TahoeWest,10,https://prd-tnm.s3.amazonaws.com/StagedProducts/Elevation/OPR/Projects/CA_SierraNevada_B22/CA_SierraNevada_5_2022/TIFF/USGS_OPR_CA_SierraNevada_B22_bh_10SGJ4933.tif
10SGJ4934,ca_sierranevada_5_2022_TahoeWest,10,https://prd-tnm.s3.amazonaws.com/StagedProducts/Elevation/OPR/Projects/CA_SierraNevada_B22/CA_SierraNevada_5_2022/TIFF/USGS_OPR_CA_SierraNevada_B22_bh_10SGJ4934.tif
10SGJ4935,ca_sierranevada_5_2022_TahoeWest,10,https://prd-tnm.s3.amazonaws.com/StagedProducts/Elevation/OPR/Projects/CA_SierraNevada_B22/CA_SierraNevada_5_2022/TIFF/USGS_OPR_CA_SierraNevada_B22_bh_10SGJ4935.tif
10SGJ4936,ca_sierranevada_5_2022_TahoeWest,10,https://prd-tnm.s3.amazonaws.com/StagedProducts/Elevation/OPR/Projects/CA_SierraNevada_B22/CA_SierraNevada_5_2022/TIFF/USGS_OPR_CA_SierraNevada_B22_bh_10SGJ4936.tif
10SGJ4937,ca_sierranevada_5_2022_TahoeWest,10,https://prd-tnm.s3.amazonaws.com/StagedProducts/Elevation/OPR/Projects/CA_SierraNevada_B22/CA_SierraNevada_5_2022/TIFF/USGS_OPR_CA_SierraNevada_B22_bh_10SGJ4937.tif
10SGJ4938,ca_sierranevada_5_2022_TahoeWest,10,https://prd-tnm.s3.amazonaws.com/StagedProducts/Elevation/OPR/Projects/CA_SierraNevada_B22/CA_SierraNevada_5_2022/TIFF/USGS_OPR_CA_SierraNevada_B22_bh_10SGJ4938.tif
10SGJ4939,ca_sierranevada_5_2022_TahoeWest,10,https://prd-tnm.s3.amazonaws.com/StagedProducts/Elevation/OPR/Projects/CA_SierraNevada_B22/CA_SierraNevada_5_2022/TIFF/USGS_OPR_CA_SierraNevada_B22_bh_10SGJ4939.tif
10SGJ4940,ca_sierranevada_5_2022_TahoeWest,10,https://prd-tnm.s3.amazonaws.com/StagedProducts/Elevation/OPR/Projects/CA_SierraNevada_B22/CA_SierraNevada_5_2022/TIFF/USGS_OPR_CA_SierraNevada_B22_bh_10SGJ4940.tif
10SGJ4941,ca_sierranevada_5_2022_TahoeWest,10,https://prd-tnm.s3.amazonaws.com/StagedProducts/Elevation/OPR/Projects/CA_SierraNevada_B22/CA_SierraNevada_5_2022/TIFF/USGS_OPR_CA_SierraNevada_B22_bh_10SGJ4941.tif
10SGJ4942,ca_sierranevada_5_2022_TahoeWest,10,https://prd-tnm.s3.amazonaws.com/StagedProducts/Elevation/OPR/Projects/CA_SierraNevada_B22/CA_SierraNevada_5_2022/TIFF/USGS_OPR_CA_SierraNevada_B22_bh_10SGJ4942.tif
10SGJ4943,ca_sierranevada_5_2022_TahoeWest,10,https://prd-tnm.s3.amazonaws.com/StagedProducts/Elevation/OPR/Projects/CA_SierraNevada_B22/CA_SierraNevada_5_2022/TIFF/USGS_OPR_CA_SierraNevada_B22_bh_10SGJ4943.tif
10SGJ4944,ca_sierranevada_5_2022_TahoeWest,10,https://prd-tnm.s3.amazonaws.com/StagedProducts/Elevation/OPR/Projects/CA_SierraNevada_B22/CA_SierraNevada_5_2022/TIFF/USGS_OPR_CA_SierraNevada_B22_bh_10SGJ4944.tif
10SGJ4945,ca_sierranevada_5_2022_TahoeWest,10,https://prd-tnm.s3.amazonaws.com/StagedProducts/Elevation/OPR/Projects/CA_SierraNevada_B22/CA_SierraNevada_5_2022/TIFF/USGS_OPR_CA_SierraNevada_B22_bh_10SGJ4945.tif
10SGJ4946,ca_sierranevada_5_2022_TahoeWest,10,https://prd-tnm.s3.amazonaws.com/StagedProducts/Elevation/OPR/Projects/CA_SierraNevada_B22/CA_SierraNevada_5_2022/TIFF/USGS_OPR_CA_SierraNevada_B22_bh_10SGJ4946.tif
10SGJ4947,ca_sierranevada_5_2022_TahoeWest,10,https://prd-tnm.s3.amazonaws.com/StagedProducts/Elevation/OPR/Projects/CA_SierraNevada_B22/CA_SierraNevada_5_2022/TIFF/USGS_OPR_CA_SierraNevada_B22_bh_10SGJ4947.tif
10SGJ5002,ca_sierranevada_5_2022_TahoeWest,10,https://prd-tnm.s3.amazonaws.com/StagedProducts/Elevation/OPR/Projects/CA_SierraNevada_B22/CA_SierraNevada_5_2022/TIFF/USGS_OPR_CA_SierraNevada_B22_bh_10SGJ5002.tif
10SGJ5003,ca_sierranevada_5_2022_TahoeWest,10,https://prd-tnm.s3.amazonaws.com/StagedProducts/Elevation/OPR/Projects/CA_SierraNevada_B22/CA_SierraNevada_5_2022/TIFF/USGS_OPR_CA_SierraNevada_B22_bh_10SGJ5003.tif
10SGJ5004,ca_sierranevada_5_2022_TahoeWest,10,https://prd-tnm.s3.amazonaws.com/StagedProducts/Elevation/OPR/Projects/CA_SierraNevada_B22/CA_SierraNevada_5_2022/TIFF/USGS_OPR_CA_SierraNevada_B22_bh_10SGJ5004.tif
10SGJ5005,ca_sierranevada_5_2022_TahoeWest,10,https://prd-tnm.s3.amazonaws.com/StagedProducts/Elevation/OPR/Projects/CA_SierraNevada_B22/CA_SierraNevada_5_2022/TIFF/USGS_OPR_CA_SierraNevada_B22_bh_10SGJ5005.tif
10SGJ5006,ca_sierranevada_5_2022_TahoeWest,10,https://prd-tnm.s3.amazonaws.com/StagedProducts/Elevation/OPR/Projects/CA_SierraNevada_B22/CA_SierraNevada_5_2022/TIFF/USGS_OPR_CA_SierraNevada_B22_bh_10SGJ5006.tif
10SGJ5007,ca_sierranevada_5_2022_TahoeWest,10,https://prd-tnm.s3.amazonaws.com/StagedProducts/Elevation/OPR/Projects/CA_SierraNevada_B22/CA_SierraNevada_5_2022/TIFF/USGS_OPR_CA_SierraNevada_B22_bh_10SGJ5007.tif
10SGJ5008,ca_sierranevada_5_2022_TahoeWest,10,https://prd-tnm.s3.amazonaws.com/StagedProducts/Elevation/OPR/Projects/CA_SierraNevada_B22/CA_SierraNevada_5_2022/TIFF/USGS_OPR_CA_SierraNevada_B22_bh_10SGJ5008.tif
10SGJ5009,ca_sierranevada_5_2022_TahoeWest,10,https://prd-tnm.s3.amazonaws.com/StagedProducts/Elevation/OPR/Projects/CA_SierraNevada_B22/CA_SierraNevada_5_2022/TIFF/USGS_OPR_CA_SierraNevada_B22_bh_10SGJ5009.tif
10SGJ5010,ca_sierranevada_5_2022_TahoeWest,10,https://prd-tnm.s3.amazonaws.com/StagedProducts/Elevation/OPR/Projects/CA_SierraNevada_B22/CA_SierraNevada_5_2022/TIFF/USGS_OPR_CA_SierraNevada_B22_bh_10SGJ5010.tif
10SGJ5011,ca_sierranevada_5_2022_TahoeWest,10,https://prd-tnm.s3.amazonaws.com/StagedProducts/Elevation/OPR/Projects/CA_SierraNevada_B22/CA_SierraNevada_5_2022/TIFF/USGS_OPR_CA_SierraNevada_B22_bh_10SGJ5011.tif
10SGJ5012,ca_sierranevada_5_2022_TahoeWest,10,https://prd-tnm.s3.amazonaws.com/StagedProducts/Elevation/OPR/Projects/CA_SierraNevada_B22/CA_SierraNevada_5_2022/TIFF/USGS_OPR_CA_SierraNevada_B22_bh_10SGJ5012.tif
10SGJ5013,ca_sierranevada_5_2022_TahoeWest,10,https://prd-tnm.s3.amazonaws.com/StagedProducts/Elevation/OPR/Projects/CA_SierraNevada_B22/CA_SierraNevada_5_2022/TIFF/USGS_OPR_CA_SierraNevada_B22_bh_10SGJ5013.tif
10SGJ5014,ca_sierranevada_5_2022_TahoeWest,10,https://prd-tnm.s3.amazonaws.com/StagedProducts/Elevation/OPR/Projects/CA_SierraNevada_B22/CA_SierraNevada_5_2022/TIFF/USGS_OPR_CA_SierraNevada_B22_bh_10SGJ5014.tif
10SGJ5015,ca_sierranevada_5_2022_TahoeWest,10,https://prd-tnm.s3.amazonaws.com/StagedProducts/Elevation/OPR/Projects/CA_SierraNevada_B22/CA_SierraNevada_5_2022/TIFF/USGS_OPR_CA_SierraNevada_B22_bh_10SGJ5015.tif
10SGJ5016,ca_sierranevada_5_2022_TahoeWest,10,https://prd-tnm.s3.amazonaws.com/StagedProducts/Elevation/OPR/Projects/CA_SierraNevada_B22/CA_SierraNevada_5_2022/TIFF/USGS_OPR_CA_SierraNevada_B22_bh_10SGJ5016.tif
10SGJ5017,ca_sierranevada_5_2022_TahoeWest,10,https://prd-tnm.s3.amazonaws.com/StagedProducts/Elevation/OPR/Projects/CA_SierraNevada_B22/CA_SierraNevada_5_2022/TIFF/USGS_OPR_CA_SierraNevada_B22_bh_10SGJ5017.tif
10SGJ5018,ca_sierranevada_5_2022_TahoeWest,10,https://prd-tnm.s3.amazonaws.com/StagedProducts/Elevation/OPR/Projects/CA_SierraNevada_B22/CA_SierraNevada_5_2022/TIFF/USGS_OPR_CA_SierraNevada_B22_bh_10SGJ5018.tif
10SGJ5019,ca_sierranevada_5_2022_TahoeWest,10,https://prd-tnm.s3.amazonaws.com/StagedProducts/Elevation/OPR/Projects/CA_SierraNevada_B22/CA_SierraNevada_5_2022/TIFF/USGS_OPR_CA_SierraNevada_B22_bh_10SGJ5019.tif
10SGJ5020,ca_sierranevada_5_2022_TahoeWest,10,https://prd-tnm.s3.amazonaws.com/StagedProducts/Elevation/OPR/Projects/CA_SierraNevada_B22/CA_SierraNevada_5_2022/TIFF/USGS_OPR_CA_SierraNevada_B22_bh_10SGJ5020.tif
10SGJ5021,ca_sierranevada_5_2022_TahoeWest,10,https://prd-tnm.s3.amazonaws.com/StagedProducts/Elevation/OPR/Projects/CA_SierraNevada_B22/CA_SierraNevada_5_2022/TIFF/USGS_OPR_CA_SierraNevada_B22_bh_10SGJ5021.tif
10SGJ5022,ca_sierranevada_5_2022_TahoeWest,10,https://prd-tnm.s3.amazonaws.com/StagedProducts/Elevation/OPR/Projects/CA_SierraNevada_B22/CA_SierraNevada_5_2022/TIFF/USGS_OPR_CA_SierraNevada_B22_bh_10SGJ5022.tif
10SGJ5023,ca_sierranevada_5_2022_TahoeWest,10,https://prd-tnm.s3.amazonaws.com/StagedProducts/Elevation/OPR/Projects/CA_SierraNevada_B22/CA_SierraNevada_5_2022/TIFF/USGS_OPR_CA_SierraNevada_B22_bh_10SGJ5023.tif
10SGJ5024,ca_sierranevada_5_2022_TahoeWest,10,https://prd-tnm.s3.amazonaws.com/StagedProducts/Elevation/OPR/Projects/CA_SierraNevada_B22/CA_SierraNevada_5_2022/TIFF/USGS_OPR_CA_SierraNevada_B22_bh_10SGJ5024.tif
10SGJ5025,ca_sierranevada_5_2022_TahoeWest,10,https://prd-tnm.s3.amazonaws.com/StagedProducts/Elevation/OPR/Projects/CA_SierraNevada_B22/CA_SierraNevada_5_2022/TIFF/USGS_OPR_CA_SierraNevada_B22_bh_10SGJ5025.tif
10SGJ5026,ca_sierranevada_5_2022_TahoeWest,10,https://prd-tnm.s3.amazonaws.com/StagedProducts/Elevation/OPR/Projects/CA_SierraNevada_B22/CA_SierraNevada_5_2022/TIFF/USGS_OPR_CA_SierraNevada_B22_bh_10SGJ5026.tif
10SGJ5027,ca_sierranevada_5_2022_TahoeWest,10,https://prd-tnm.s3.amazonaws.com/StagedProducts/Elevation/OPR/Projects/CA_SierraNevada_B22/CA_SierraNevada_5_2022/TIFF/USGS_OPR_CA_SierraNevada_B22_bh_10SGJ5027.tif
10SGJ5028,ca_sierranevada_5_2022_TahoeWest,10,https://prd-tnm.s3.amazonaws.com/StagedProducts/Elevation/OPR/Projects/CA_SierraNevada_B22/CA_SierraNevada_5_2022/TIFF/USGS_OPR_CA_SierraNevada_B22_bh_10SGJ5028.tif
10SGJ5029,ca_sierranevada_5_2022_TahoeWest,10,https://prd-tnm.s3.amazonaws.com/StagedProducts/Elevation/OPR/Projects/CA_SierraNevada_B22/CA_SierraNevada_5_2022/TIFF/USGS_OPR_CA_SierraNevada_B22_bh_10SGJ5029.tif
10SGJ5030,ca_sierranevada_5_2022_TahoeWest,10,https://prd-tnm.s3.amazonaws.com/StagedProducts/Elevation/OPR/Projects/CA_SierraNevada_B22/CA_SierraNevada_5_2022/TIFF/USGS_OPR_CA_SierraNevada_B22_bh_10SGJ5030.tif
10SGJ5031,ca_sierranevada_5_2022_TahoeWest,10,https://prd-tnm.s3.amazonaws.com/StagedProducts/Elevation/OPR/Projects/CA_SierraNevada_B22/CA_SierraNevada_5_2022/TIFF/USGS_OPR_CA_SierraNevada_B22_bh_10SGJ5031.tif
10SGJ5032,ca_sierranevada_5_2022_TahoeWest,10,https://prd-tnm.s3.amazonaws.com/StagedProducts/Elevation/OPR/Projects/CA_SierraNevada_B22/CA_SierraNevada_5_2022/TIFF/USGS_OPR_CA_SierraNevada_B22_bh_10SGJ5032.tif
10SGJ5033,ca_sierranevada_5_2022_TahoeWest,10,https://prd-tnm.s3.amazonaws.com/StagedProducts/Elevation/OPR/Projects/CA_SierraNevada_B22/CA_SierraNevada_5_2022/TIFF/USGS_OPR_CA_SierraNevada_B22_bh_10SGJ5033.tif
10SGJ5034,ca_sierranevada_5_2022_TahoeWest,10,https://prd-tnm.s3.amazonaws.com/StagedProducts/Elevation/OPR/Projects/CA_SierraNevada_B22/CA_SierraNevada_5_2022/TIFF/USGS_OPR_CA_SierraNevada_B22_bh_10SGJ5034.tif
10SGJ5035,ca_sierranevada_5_2022_TahoeWest,10,https://prd-tnm.s3.amazonaws.com/StagedProducts/Elevation/OPR/Projects/CA_SierraNevada_B22/CA_SierraNevada_5_2022/TIFF/USGS_OPR_CA_SierraNevada_B22_bh_10SGJ5035.tif
10SGJ5036,ca_sierranevada_5_2022_TahoeWest,10,https://prd-tnm.s3.amazonaws.com/StagedProducts/Elevation/OPR/Projects/CA_SierraNevada_B22/CA_SierraNevada_5_2022/TIFF/USGS_OPR_CA_SierraNevada_B22_bh_10SGJ5036.tif
10SGJ5037,ca_sierranevada_5_2022_TahoeWest,10,https://prd-tnm.s3.amazonaws.com/StagedProducts/Elevation/OPR/Projects/CA_SierraNevada_B22/CA_SierraNevada_5_2022/TIFF/USGS_OPR_CA_SierraNevada_B22_bh_10SGJ5037.tif
10SGJ5038,ca_sierranevada_5_2022_TahoeWest,10,https://prd-tnm.s3.amazonaws.com/StagedProducts/Elevation/OPR/Projects/CA_SierraNevada_B22/CA_SierraNevada_5_2022/TIFF/USGS_OPR_CA_SierraNevada_B22_bh_10SGJ5038.tif
10SGJ5039,ca_sierranevada_5_2022_TahoeWest,10,https://prd-tnm.s3.amazonaws.com/StagedProducts/Elevation/OPR/Projects/CA_SierraNevada_B22/CA_SierraNevada_5_2022/TIFF/USGS_OPR_CA_SierraNevada_B22_bh_10SGJ5039.tif
10SGJ5040,ca_sierranevada_5_2022_TahoeWest,10,https://prd-tnm.s3.amazonaws.com/StagedProducts/Elevation/OPR/Projects/CA_SierraNevada_B22/CA_SierraNevada_5_2022/TIFF/USGS_OPR_CA_SierraNevada_B22_bh_10SGJ5040.tif
10SGJ5041,ca_sierranevada_5_2022_TahoeWest,10,https://prd-tnm.s3.amazonaws.com/StagedProducts/Elevation/OPR/Projects/CA_SierraNevada_B22/CA_SierraNevada_5_2022/TIFF/USGS_OPR_CA_SierraNevada_B22_bh_10SGJ5041.tif
10SGJ5042,ca_sierranevada_5_2022_TahoeWest,10,https://prd-tnm.s3.amazonaws.com/StagedProducts/Elevation/OPR/Projects/CA_SierraNevada_B22/CA_SierraNevada_5_2022/TIFF/USGS_OPR_CA_SierraNevada_B22_bh_10SGJ5042.tif
10SGJ5043,ca_sierranevada_5_2022_TahoeWest,10,https://prd-tnm.s3.amazonaws.com/StagedProducts/Elevation/OPR/Projects/CA_SierraNevada_B22/CA_SierraNevada_5_2022/TIFF/USGS_OPR_CA_SierraNevada_B22_bh_10SGJ5043.tif
10SGJ5044,ca_sierranevada_5_2022_TahoeWest,10,https://prd-tnm.s3.amazonaws.com/StagedProducts/Elevation/OPR/Projects/CA_SierraNevada_B22/CA_SierraNevada_5_2022/TIFF/USGS_OPR_CA_SierraNevada_B22_bh_10SGJ5044.tif
10SGJ5045,ca_sierranevada_5_2022_TahoeWest,10,https://prd-tnm.s3.amazonaws.com/StagedProducts/Elevation/OPR/Projects/CA_SierraNevada_B22/CA_SierraNevada_5_2022/TIFF/USGS_OPR_CA_SierraNevada_B22_bh_10SGJ5045.tif
10SGJ5046,ca_sierranevada_5_2022_TahoeWest,10,https://prd-tnm.s3.amazonaws.com/StagedProducts/Elevation/OPR/Projects/CA_SierraNevada_B22/CA_SierraNevada_5_2022/TIFF/USGS_OPR_CA_SierraNevada_B22_bh_10SGJ5046.tif
10SGJ5047,ca_sierranevada_5_2022_TahoeWest,10,https://prd-tnm.s3.amazonaws.com/StagedProducts/Elevation/OPR/Projects/CA_SierraNevada_B22/CA_SierraNevada_5_2022/TIFF/USGS_OPR_CA_SierraNevada_B22_bh_10SGJ5047.tif
10SGJ5048,ca_sierranevada_5_2022_TahoeWest,10,https://prd-tnm.s3.amazonaws.com/StagedProducts/Elevation/OPR/Projects/CA_SierraNevada_B22/CA_SierraNevada_5_2022/TIFF/USGS_OPR_CA_SierraNevada_B22_bh_10SGJ5048.tif
10SGJ5101,ca_sierranevada_5_2022_TahoeWest,10,https://prd-tnm.s3.amazonaws.com/StagedProducts/Elevation/OPR/Projects/CA_SierraNevada_B22/CA_SierraNevada_5_2022/TIFF/USGS_OPR_CA_SierraNevada_B22_bh_10SGJ5101.tif
10SGJ5102,ca_sierranevada_5_2022_TahoeWest,10,https://prd-tnm.s3.amazonaws.com/StagedProducts/Elevation/OPR/Projects/CA_SierraNevada_B22/CA_SierraNevada_5_2022/TIFF/USGS_OPR_CA_SierraNevada_B22_bh_10SGJ5102.tif
10SGJ5103,ca_sierranevada_5_2022_TahoeWest,10,https://prd-tnm.s3.amazonaws.com/StagedProducts/Elevation/OPR/Projects/CA_SierraNevada_B22/CA_SierraNevada_5_2022/TIFF/USGS_OPR_CA_SierraNevada_B22_bh_10SGJ5103.tif
10SGJ5104,ca_sierranevada_5_2022_TahoeWest,10,https://prd-tnm.s3.amazonaws.com/StagedProducts/Elevation/OPR/Projects/CA_SierraNevada_B22/CA_SierraNevada_5_2022/TIFF/USGS_OPR_CA_SierraNevada_B22_bh_10SGJ5104.tif
10SGJ5105,ca_sierranevada_5_2022_TahoeWest,10,https://prd-tnm.s3.amazonaws.com/StagedProducts/Elevation/OPR/Projects/CA_SierraNevada_B22/CA_SierraNevada_5_2022/TIFF/USGS_OPR_CA_SierraNevada_B22_bh_10SGJ5105.tif
10SGJ5106,ca_sierranevada_5_2022_TahoeWest,10,https://prd-tnm.s3.amazonaws.com/StagedProducts/Elevation/OPR/Projects/CA_SierraNevada_B22/CA_SierraNevada_5_2022/TIFF/USGS_OPR_CA_SierraNevada_B22_bh_10SGJ5106.tif
10SGJ5107,ca_sierranevada_5_2022_TahoeWest,10,https://prd-tnm.s3.amazonaws.com/StagedProducts/Elevation/OPR/Projects/CA_SierraNevada_B22/CA_SierraNevada_5_2022/TIFF/USGS_OPR_CA_SierraNevada_B22_bh_10SGJ5107.tif
10SGJ5108,ca_sierranevada_5_2022_TahoeWest,10,https://prd-tnm.s3.amazonaws.com/StagedProducts/Elevation/OPR/Projects/CA_SierraNevada_B22/CA_SierraNevada_5_2022/TIFF/USGS_OPR_CA_SierraNevada_B22_bh_10SGJ5108.tif
10SGJ5109,ca_sierranevada_5_2022_TahoeWest,10,https://prd-tnm.s3.amazonaws.com/StagedProducts/Elevation/OPR/Projects/CA_SierraNevada_B22/CA_SierraNevada_5_2022/TIFF/USGS_OPR_CA_SierraNevada_B22_bh_10SGJ5109.tif
10SGJ5110,ca_sierranevada_5_2022_TahoeWest,10,https://prd-tnm.s3.amazonaws.com/StagedProducts/Elevation/OPR/Projects/CA_SierraNevada_B22/CA_SierraNevada_5_2022/TIFF/USGS_OPR_CA_SierraNevada_B22_bh_10SGJ5110.tif
10SGJ5111,ca_sierranevada_5_2022_TahoeWest,10,https://prd-tnm.s3.amazonaws.com/StagedProducts/Elevation/OPR/Projects/CA_SierraNevada_B22/CA_SierraNevada_5_2022/TIFF/USGS_OPR_CA_SierraNevada_B22_bh_10SGJ5111.tif
10SGJ5112,ca_sierranevada_5_2022_TahoeWest,10,https://prd-tnm.s3.amazonaws.com/StagedProducts/Elevation/OPR/Projects/CA_SierraNevada_B22/CA_SierraNevada_5_2022/TIFF/USGS_OPR_CA_SierraNevada_B22_bh_10SGJ5112.tif
10SGJ5113,ca_sierranevada_5_2022_TahoeWest,10,https://prd-tnm.s3.amazonaws.com/StagedProducts/Elevation/OPR/Projects/CA_SierraNevada_B22/CA_SierraNevada_5_2022/TIFF/USGS_OPR_CA_SierraNevada_B22_bh_10SGJ5113.tif
10SGJ5114,ca_sierranevada_5_2022_TahoeWest,10,https://prd-tnm.s3.amazonaws.com/StagedProducts/Elevation/OPR/Projects/CA_SierraNevada_B22/CA_SierraNevada_5_2022/TIFF/USGS_OPR_CA_SierraNevada_B22_bh_10SGJ5114.tif
10SGJ5115,ca_sierranevada_5_2022_TahoeWest,10,https://prd-tnm.s3.amazonaws.com/StagedProducts/Elevation/OPR/Projects/CA_SierraNevada_B22/CA_SierraNevada_5_2022/TIFF/USGS_OPR_CA_SierraNevada_B22_bh_10SGJ5115.tif
10SGJ5116,ca_sierranevada_5_2022_TahoeWest,10,https://prd-tnm.s3.amazonaws.com/StagedProducts/Elevation/OPR/Projects/CA_SierraNevada_B22/CA_SierraNevada_5_2022/TIFF/USGS_OPR_CA_SierraNevada_B22_bh_10SGJ5116.tif
10SGJ5117,ca_sierranevada_5_2022_TahoeWest,10,https://prd-tnm.s3.amazonaws.com/StagedProducts/Elevation/OPR/Projects/CA_SierraNevada_B22/CA_SierraNevada_5_2022/TIFF/USGS_OPR_CA_SierraNevada_B22_bh_10SGJ5117.tif
10SGJ5118,ca_sierranevada_5_2022_TahoeWest,10,https://prd-tnm.s3.amazonaws.com/StagedProducts/Elevation/OPR/Projects/CA_SierraNevada_B22/CA_SierraNevada_5_2022/TIFF/USGS_OPR_CA_SierraNevada_B22_bh_10SGJ5118.tif
10SGJ5119,ca_sierranevada_5_2022_TahoeWest,10,https://prd-tnm.s3.amazonaws.com/StagedProducts/Elevation/OPR/Projects/CA_SierraNevada_B22/CA_SierraNevada_5_2022/TIFF/USGS_OPR_CA_SierraNevada_B22_bh_10SGJ5119.tif
10SGJ5120,ca_sierranevada_5_2022_TahoeWest,10,https://prd-tnm.s3.amazonaws.com/StagedProducts/Elevation/OPR/Projects/CA_SierraNevada_B22/CA_SierraNevada_5_2022/TIFF/USGS_OPR_CA_SierraNevada_B22_bh_10SGJ5120.tif
10SGJ5121,ca_sierranevada_5_2022_TahoeWest,10,https://prd-tnm.s3.amazonaws.com/StagedProducts/Elevation/OPR/Projects/CA_SierraNevada_B22/CA_SierraNevada_5_2022/TIFF/USGS_OPR_CA_SierraNevada_B22_bh_10SGJ5121.tif
10SGJ5122,ca_sierranevada_5_2022_TahoeWest,10,https://prd-tnm.s3.amazonaws.com/StagedProducts/Elevation/OPR/Projects/CA_SierraNevada_B22/CA_SierraNevada_5_2022/TIFF/USGS_OPR_CA_SierraNevada_B22_bh_10SGJ5122.tif
10SGJ5123,ca_sierranevada_5_2022_TahoeWest,10,https://prd-tnm.s3.amazonaws.com/StagedProducts/Elevation/OPR/Projects/CA_SierraNevada_B22/CA_SierraNevada_5_2022/TIFF/USGS_OPR_CA_SierraNevada_B22_bh_10SGJ5123.tif
10SGJ5124,ca_sierranevada_5_2022_TahoeWest,10,https://prd-tnm.s3.amazonaws.com/StagedProducts/Elevation/OPR/Projects/CA_SierraNevada_B22/CA_SierraNevada_5_2022/TIFF/USGS_OPR_CA_SierraNevada_B22_bh_10SGJ5124.tif
10SGJ5125,ca_sierranevada_5_2022_TahoeWest,10,https://prd-tnm.s3.amazonaws.com/StagedProducts/Elevation/OPR/Projects/CA_SierraNevada_B22/CA_SierraNevada_5_2022/TIFF/USGS_OPR_CA_SierraNevada_B22_bh_10SGJ5125.tif
10SGJ5126,ca_sierranevada_5_2022_TahoeWest,10,https://prd-tnm.s3.amazonaws.com/StagedProducts/Elevation/OPR/Projects/CA_SierraNevada_B22/CA_SierraNevada_5_2022/TIFF/USGS_OPR_CA_SierraNevada_B22_bh_10SGJ5126.tif
10SGJ5127,ca_sierranevada_5_2022_TahoeWest,10,https://prd-tnm.s3.amazonaws.com/StagedProducts/Elevation/OPR/Projects/CA_SierraNevada_B22/CA_SierraNevada_5_2022/TIFF/USGS_OPR_CA_SierraNevada_B22_bh_10SGJ5127.tif
10SGJ5128,ca_sierranevada_5_2022_TahoeWest,10,https://prd-tnm.s3.amazonaws.com/StagedProducts/Elevation/OPR/Projects/CA_SierraNevada_B22/CA_SierraNevada_5_2022/TIFF/USGS_OPR_CA_SierraNevada_B22_bh_10SGJ5128.tif
10SGJ5129,ca_sierranevada_5_2022_TahoeWest,10,https://prd-tnm.s3.amazonaws.com/StagedProducts/Elevation/OPR/Projects/CA_SierraNevada_B22/CA_SierraNevada_5_2022/TIFF/USGS_OPR_CA_SierraNevada_B22_bh_10SGJ5129.tif
10SGJ5130,ca_sierranevada_5_2022_TahoeWest,10,https://prd-tnm.s3.amazonaws.com/StagedProducts/Elevation/OPR/Projects/CA_SierraNevada_B22/CA_SierraNevada_5_2022/TIFF/USGS_OPR_CA_SierraNevada_B22_bh_10SGJ5130.tif
10SGJ5131,ca_sierranevada_5_2022_TahoeWest,10,https://prd-tnm.s3.amazonaws.com/StagedProducts/Elevation/OPR/Projects/CA_SierraNevada_B22/CA_SierraNevada_5_2022/TIFF/USGS_OPR_CA_SierraNevada_B22_bh_10SGJ5131.tif
10SGJ5132,ca_sierranevada_5_2022_TahoeWest,10,https://prd-tnm.s3.amazonaws.com/StagedProducts/Elevation/OPR/Projects/CA_SierraNevada_B22/CA_SierraNevada_5_2022/TIFF/USGS_OPR_CA_SierraNevada_B22_bh_10SGJ5132.tif
10SGJ5133,ca_sierranevada_5_2022_TahoeWest,10,https://prd-tnm.s3.amazonaws.com/StagedProducts/Elevation/OPR/Projects/CA_SierraNevada_B22/CA_SierraNevada_5_2022/TIFF/USGS_OPR_CA_SierraNevada_B22_bh_10SGJ5133.tif
10SGJ5134,ca_sierranevada_5_2022_TahoeWest,10,https://prd-tnm.s3.amazonaws.com/StagedProducts/Elevation/OPR/Projects/CA_SierraNevada_B22/CA_SierraNevada_5_2022/TIFF/USGS_OPR_CA_SierraNevada_B22_bh_10SGJ5134.tif
10SGJ5135,ca_sierranevada_5_2022_TahoeWest,10,https://prd-tnm.s3.amazonaws.com/StagedProducts/Elevation/OPR/Projects/CA_SierraNevada_B22/CA_SierraNevada_5_2022/TIFF/USGS_OPR_CA_SierraNevada_B22_bh_10SGJ5135.tif
10SGJ5136,ca_sierranevada_5_2022_TahoeWest,10,https://prd-tnm.s3.amazonaws.com/StagedProducts/Elevation/OPR/Projects/CA_SierraNevada_B22/CA_SierraNevada_5_2022/TIFF/USGS_OPR_CA_SierraNevada_B22_bh_10SGJ5136.tif
10SGJ5137,ca_sierranevada_5_2022_TahoeWest,10,https://prd-tnm.s3.amazonaws.com/StagedProducts/Elevation/OPR/Projects/CA_SierraNevada_B22/CA_SierraNevada_5_2022/TIFF/USGS_OPR_CA_SierraNevada_B22_bh_10SGJ5137.tif
10SGJ5138,ca_sierranevada_5_2022_TahoeWest,10,https://prd-tnm.s3.amazonaws.com/StagedProducts/Elevation/OPR/Projects/CA_SierraNevada_B22/CA_SierraNevada_5_2022/TIFF/USGS_OPR_CA_SierraNevada_B22_bh_10SGJ5138.tif
10SGJ5139,ca_sierranevada_5_2022_TahoeWest,10,https://prd-tnm.s3.amazonaws.com/StagedProducts/Elevation/OPR/Projects/CA_SierraNevada_B22/CA_SierraNevada_5_2022/TIFF/USGS_OPR_CA_SierraNevada_B22_bh_10SGJ5139.tif
10SGJ5140,ca_sierranevada_5_2022_TahoeWest,10,https://prd-tnm.s3.amazonaws.com/StagedProducts/Elevation/OPR/Projects/CA_SierraNevada_B22/CA_SierraNevada_5_2022/TIFF/USGS_OPR_CA_SierraNevada_B22_bh_10SGJ5140.tif
10SGJ5141,ca_sierranevada_5_2022_TahoeWest,10,https://prd-tnm.s3.amazonaws.com/StagedProducts/Elevation/OPR/Projects/CA_SierraNevada_B22/CA_SierraNevada_5_2022/TIFF/USGS_OPR_CA_SierraNevada_B22_bh_10SGJ5141.tif
10SGJ5142,ca_sierranevada_5_2022_TahoeWest,10,https://prd-tnm.s3.amazonaws.com/StagedProducts/Elevation/OPR/Projects/CA_SierraNevada_B22/CA_SierraNevada_5_2022/TIFF/USGS_OPR_CA_SierraNevada_B22_bh_10SGJ5142.tif
10SGJ5143,ca_sierranevada_5_2022_TahoeWest,10,https://prd-tnm.s3.amazonaws.com/StagedProducts/Elevation/OPR/Projects/CA_SierraNevada_B22/CA_SierraNevada_5_2022/TIFF/USGS_OPR_CA_SierraNevada_B22_bh_10SGJ5143.tif
10SGJ5144,ca_sierranevada_5_2022_TahoeWest,10,https://prd-tnm.s3.amazonaws.com/StagedProducts/Elevation/OPR/Projects/CA_SierraNevada_B22/CA_SierraNevada_5_2022/TIFF/USGS_OPR_CA_SierraNevada_B22_bh_10SGJ5144.tif
10SGJ5145,ca_sierranevada_5_2022_TahoeWest,10,https://prd-tnm.s3.amazonaws.com/StagedProducts/Elevation/OPR/Projects/CA_SierraNevada_B22/CA_SierraNevada_5_2022/TIFF/USGS_OPR_CA_SierraNevada_B22_bh_10SGJ5145.tif
10SGJ5146,ca_sierranevada_5_2022_TahoeWest,10,https://prd-tnm.s3.amazonaws.com/StagedProducts/Elevation/OPR/Projects/CA_SierraNevada_B22/CA_SierraNevada_5_2022/TIFF/USGS_OPR_CA_SierraNevada_B22_bh_10SGJ5146.tif
10SGJ5147,ca_sierranevada_5_2022_TahoeWest,10,https://prd-tnm.s3.amazonaws.com/StagedProducts/Elevation/OPR/Projects/CA_SierraNevada_B22/CA_SierraNevada_5_2022/TIFF/USGS_OPR_CA_SierraNevada_B22_bh_10SGJ5147.tif
10SGJ5148,ca_sierranevada_5_2022_TahoeWest,10,https://prd-tnm.s3.amazonaws.com/StagedProducts/Elevation/OPR/Projects/CA_SierraNevada_B22/CA_SierraNevada_5_2022/TIFF/USGS_OPR_CA_SierraNevada_B22_bh_10SGJ5148.tif
10SGJ5201,ca_sierranevada_5_2022_TahoeWest,10,https://prd-tnm.s3.amazonaws.com/StagedProducts/Elevation/OPR/Projects/CA_SierraNevada_B22/CA_SierraNevada_5_2022/TIFF/USGS_OPR_CA_SierraNevada_B22_bh_10SGJ5201.tif
10SGJ5202,ca_sierranevada_5_2022_TahoeWest,10,https://prd-tnm.s3.amazonaws.com/StagedProducts/Elevation/OPR/Projects/CA_SierraNevada_B22/CA_SierraNevada_5_2022/TIFF/USGS_OPR_CA_SierraNevada_B22_bh_10SGJ5202.tif
10SGJ5203,ca_sierranevada_5_2022_TahoeWest,10,https://prd-tnm.s3.amazonaws.com/StagedProducts/Elevation/OPR/Projects/CA_SierraNevada_B22/CA_SierraNevada_5_2022/TIFF/USGS_OPR_CA_SierraNevada_B22_bh_10SGJ5203.tif
10SGJ5204,ca_sierranevada_5_2022_TahoeWest,10,https://prd-tnm.s3.amazonaws.com/StagedProducts/Elevation/OPR/Projects/CA_SierraNevada_B22/CA_SierraNevada_5_2022/TIFF/USGS_OPR_CA_SierraNevada_B22_bh_10SGJ5204.tif
10SGJ5205,ca_sierranevada_5_2022_TahoeWest,10,https://prd-tnm.s3.amazonaws.com/StagedProducts/Elevation/OPR/Projects/CA_SierraNevada_B22/CA_SierraNevada_5_2022/TIFF/USGS_OPR_CA_SierraNevada_B22_bh_10SGJ5205.tif
10SGJ5206,ca_sierranevada_5_2022_TahoeWest,10,https://prd-tnm.s3.amazonaws.com/StagedProducts/Elevation/OPR/Projects/CA_SierraNevada_B22/CA_SierraNevada_5_2022/TIFF/USGS_OPR_CA_SierraNevada_B22_bh_10SGJ5206.tif
10SGJ5207,ca_sierranevada_5_2022_TahoeWest,10,https://prd-tnm.s3.amazonaws.com/StagedProducts/Elevation/OPR/Projects/CA_SierraNevada_B22/CA_SierraNevada_5_2022/TIFF/USGS_OPR_CA_SierraNevada_B22_bh_10SGJ5207.tif
10SGJ5208,ca_sierranevada_5_2022_TahoeWest,10,https://prd-tnm.s3.amazonaws.com/StagedProducts/Elevation/OPR/Projects/CA_SierraNevada_B22/CA_SierraNevada_5_2022/TIFF/USGS_OPR_CA_SierraNevada_B22_bh_10SGJ5208.tif
10SGJ5209,ca_sierranevada_5_2022_TahoeWest,10,https://prd-tnm.s3.amazonaws.com/StagedProducts/Elevation/OPR/Projects/CA_SierraNevada_B22/CA_SierraNevada_5_2022/TIFF/USGS_OPR_CA_SierraNevada_B22_bh_10SGJ5209.tif
10SGJ5210,ca_sierranevada_5_2022_TahoeWest,10,https://prd-tnm.s3.amazonaws.com/StagedProducts/Elevation/OPR/Projects/CA_SierraNevada_B22/CA_SierraNevada_5_2022/TIFF/USGS_OPR_CA_SierraNevada_B22_bh_10SGJ5210.tif
10SGJ5211,ca_sierranevada_5_2022_TahoeWest,10,https://prd-tnm.s3.amazonaws.com/StagedProducts/Elevation/OPR/Projects/CA_SierraNevada_B22/CA_SierraNevada_5_2022/TIFF/USGS_OPR_CA_SierraNevada_B22_bh_10SGJ5211.tif
10SGJ5212,ca_sierranevada_5_2022_TahoeWest,10,https://prd-tnm.s3.amazonaws.com/StagedProducts/Elevation/OPR/Projects/CA_SierraNevada_B22/CA_SierraNevada_5_2022/TIFF/USGS_OPR_CA_SierraNevada_B22_bh_10SGJ5212.tif
10SGJ5213,ca_sierranevada_5_2022_TahoeWest,10,https://prd-tnm.s3.amazonaws.com/StagedProducts/Elevation/OPR/Projects/CA_SierraNevada_B22/CA_SierraNevada_5_2022/TIFF/USGS_OPR_CA_SierraNevada_B22_bh_10SGJ5213.tif
10SGJ5214,ca_sierranevada_5_2022_TahoeWest,10,https://prd-tnm.s3.amazonaws.com/StagedProducts/Elevation/OPR/Projects/CA_SierraNevada_B22/CA_SierraNevada_5_2022/TIFF/USGS_OPR_CA_SierraNevada_B22_bh_10SGJ5214.tif
10SGJ5215,ca_sierranevada_5_2022_TahoeWest,10,https://prd-tnm.s3.amazonaws.com/StagedProducts/Elevation/OPR/Projects/CA_SierraNevada_B22/CA_SierraNevada_5_2022/TIFF/USGS_OPR_CA_SierraNevada_B22_bh_10SGJ5215.tif
10SGJ5216,ca_sierranevada_5_2022_TahoeWest,10,https://prd-tnm.s3.amazonaws.com/StagedProducts/Elevation/OPR/Projects/CA_SierraNevada_B22/CA_SierraNevada_5_2022/TIFF/USGS_OPR_CA_SierraNevada_B22_bh_10SGJ5216.tif
10SGJ5217,ca_sierranevada_5_2022_TahoeWest,10,https://prd-tnm.s3.amazonaws.com/StagedProducts/Elevation/OPR/Projects/CA_SierraNevada_B22/CA_SierraNevada_5_2022/TIFF/USGS_OPR_CA_SierraNevada_B22_bh_10SGJ5217.tif
10SGJ5218,ca_sierranevada_5_2022_TahoeWest,10,https://prd-tnm.s3.amazonaws.com/StagedProducts/Elevation/OPR/Projects/CA_SierraNevada_B22/CA_SierraNevada_5_2022/TIFF/USGS_OPR_CA_SierraNevada_B22_bh_10SGJ5218.tif
10SGJ5219,ca_sierranevada_5_2022_TahoeWest,10,https://prd-tnm.s3.amazonaws.com/StagedProducts/Elevation/OPR/Projects/CA_SierraNevada_B22/CA_SierraNevada_5_2022/TIFF/USGS_OPR_CA_SierraNevada_B22_bh_10SGJ5219.tif
10SGJ5220,ca_sierranevada_5_2022_TahoeWest,10,https://prd-tnm.s3.amazonaws.com/StagedProducts/Elevation/OPR/Projects/CA_SierraNevada_B22/CA_SierraNevada_5_2022/TIFF/USGS_OPR_CA_SierraNevada_B22_bh_10SGJ5220.tif
10SGJ5221,ca_sierranevada_5_2022_TahoeWest,10,https://prd-tnm.s3.amazonaws.com/StagedProducts/Elevation/OPR/Projects/CA_SierraNevada_B22/CA_SierraNevada_5_2022/TIFF/USGS_OPR_CA_SierraNevada_B22_bh_10SGJ5221.tif
10SGJ5222,ca_sierranevada_5_2022_TahoeWest,10,https://prd-tnm.s3.amazonaws.com/StagedProducts/Elevation/OPR/Projects/CA_SierraNevada_B22/CA_SierraNevada_5_2022/TIFF/USGS_OPR_CA_SierraNevada_B22_bh_10SGJ5222.tif
10SGJ5223,ca_sierranevada_5_2022_TahoeWest,10,https://prd-tnm.s3.amazonaws.com/StagedProducts/Elevation/OPR/Projects/CA_SierraNevada_B22/CA_SierraNevada_5_2022/TIFF/USGS_OPR_CA_SierraNevada_B22_bh_10SGJ5223.tif
10SGJ5224,ca_sierranevada_5_2022_TahoeWest,10,https://prd-tnm.s3.amazonaws.com/StagedProducts/Elevation/OPR/Projects/CA_SierraNevada_B22/CA_SierraNevada_5_2022/TIFF/USGS_OPR_CA_SierraNevada_B22_bh_10SGJ5224.tif
10SGJ5225,ca_sierranevada_5_2022_TahoeWest,10,https://prd-tnm.s3.amazonaws.com/StagedProducts/Elevation/OPR/Projects/CA_SierraNevada_B22/CA_SierraNevada_5_2022/TIFF/USGS_OPR_CA_SierraNevada_B22_bh_10SGJ5225.tif
10SGJ5226,ca_sierranevada_5_2022_TahoeWest,10,https://prd-tnm.s3.amazonaws.com/StagedProducts/Elevation/OPR/Projects/CA_SierraNevada_B22/CA_SierraNevada_5_2022/TIFF/USGS_OPR_CA_SierraNevada_B22_bh_10SGJ5226.tif
10SGJ5227,ca_sierranevada_5_2022_TahoeWest,10,https://prd-tnm.s3.amazonaws.com/StagedProducts/Elevation/OPR/Projects/CA_SierraNevada_B22/CA_SierraNevada_5_2022/TIFF/USGS_OPR_CA_SierraNevada_B22_bh_10SGJ5227.tif
10SGJ5228,ca_sierranevada_5_2022_TahoeWest,10,https://prd-tnm.s3.amazonaws.com/StagedProducts/Elevation/OPR/Projects/CA_SierraNevada_B22/CA_SierraNevada_5_2022/TIFF/USGS_OPR_CA_SierraNevada_B22_bh_10SGJ5228.tif
10SGJ5229,ca_sierranevada_5_2022_TahoeWest,10,https://prd-tnm.s3.amazonaws.com/StagedProducts/Elevation/OPR/Projects/CA_SierraNevada_B22/CA_SierraNevada_5_2022/TIFF/USGS_OPR_CA_SierraNevada_B22_bh_10SGJ5229.tif
10SGJ5230,ca_sierranevada_5_2022_TahoeWest,10,https://prd-tnm.s3.amazonaws.com/StagedProducts/Elevation/OPR/Projects/CA_SierraNevada_B22/CA_SierraNevada_5_2022/TIFF/USGS_OPR_CA_SierraNevada_B22_bh_10SGJ5230.tif
10SGJ5231,ca_sierranevada_5_2022_TahoeWest,10,https://prd-tnm.s3.amazonaws.com/StagedProducts/Elevation/OPR/Projects/CA_SierraNevada_B22/CA_SierraNevada_5_2022/TIFF/USGS_OPR_CA_SierraNevada_B22_bh_10SGJ5231.tif
10SGJ5232,ca_sierranevada_5_2022_TahoeWest,10,https://prd-tnm.s3.amazonaws.com/StagedProducts/Elevation/OPR/Projects/CA_SierraNevada_B22/CA_SierraNevada_5_2022/TIFF/USGS_OPR_CA_SierraNevada_B22_bh_10SGJ5232.tif
10SGJ5233,ca_sierranevada_5_2022_TahoeWest,10,https://prd-tnm.s3.amazonaws.com/StagedProducts/Elevation/OPR/Projects/CA_SierraNevada_B22/CA_SierraNevada_5_2022/TIFF/USGS_OPR_CA_SierraNevada_B22_bh_10SGJ5233.tif
10SGJ5234,ca_sierranevada_5_2022_TahoeWest,10,https://prd-tnm.s3.amazonaws.com/StagedProducts/Elevation/OPR/Projects/CA_SierraNevada_B22/CA_SierraNevada_5_2022/TIFF/USGS_OPR_CA_SierraNevada_B22_bh_10SGJ5234.tif
10SGJ5235,ca_sierranevada_5_2022_TahoeWest,10,https://prd-tnm.s3.amazonaws.com/StagedProducts/Elevation/OPR/Projects/CA_SierraNevada_B22/CA_SierraNevada_5_2022/TIFF/USGS_OPR_CA_SierraNevada_B22_bh_10SGJ5235.tif
10SGJ5236,ca_sierranevada_5_2022_TahoeWest,10,https://prd-tnm.s3.amazonaws.com/StagedProducts/Elevation/OPR/Projects/CA_SierraNevada_B22/CA_SierraNevada_5_2022/TIFF/USGS_OPR_CA_SierraNevada_B22_bh_10SGJ5236.tif
10SGJ5237,ca_sierranevada_5_2022_TahoeWest,10,https://prd-tnm.s3.amazonaws.com/StagedProducts/Elevation/OPR/Projects/CA_SierraNevada_B22/CA_SierraNevada_5_2022/TIFF/USGS_OPR_CA_SierraNevada_B22_bh_10SGJ5237.tif
10SGJ5238,ca_sierranevada_5_2022_TahoeWest,10,https://prd-tnm.s3.amazonaws.com/StagedProducts/Elevation/OPR/Projects/CA_SierraNevada_B22/CA_SierraNevada_5_2022/TIFF/USGS_OPR_CA_SierraNevada_B22_bh_10SGJ5238.tif
10SGJ5239,ca_sierranevada_5_2022_TahoeWest,10,https://prd-tnm.s3.amazonaws.com/StagedProducts/Elevation/OPR/Projects/CA_SierraNevada_B22/CA_SierraNevada_5_2022/TIFF/USGS_OPR_CA_SierraNevada_B22_bh_10SGJ5239.tif
10SGJ5240,ca_sierranevada_5_2022_TahoeWest,10,https://prd-tnm.s3.amazonaws.com/StagedProducts/Elevation/OPR/Projects/CA_SierraNevada_B22/CA_SierraNevada_5_2022/TIFF/USGS_OPR_CA_SierraNevada_B22_bh_10SGJ5240.tif
10SGJ5241,ca_sierranevada_5_2022_TahoeWest,10,https://prd-tnm.s3.amazonaws.com/StagedProducts/Elevation/OPR/Projects/CA_SierraNevada_B22/CA_SierraNevada_5_2022/TIFF/USGS_OPR_CA_SierraNevada_B22_bh_10SGJ5241.tif
10SGJ5242,ca_sierranevada_5_2022_TahoeWest,10,https://prd-tnm.s3.amazonaws.com/StagedProducts/Elevation/OPR/Projects/CA_SierraNevada_B22/CA_SierraNevada_5_2022/TIFF/USGS_OPR_CA_SierraNevada_B22_bh_10SGJ5242.tif
10SGJ5243,ca_sierranevada_5_2022_TahoeWest,10,https://prd-tnm.s3.amazonaws.com/StagedProducts/Elevation/OPR/Projects/CA_SierraNevada_B22/CA_SierraNevada_5_2022/TIFF/USGS_OPR_CA_SierraNevada_B22_bh_10SGJ5243.tif
10SGJ5244,ca_sierranevada_5_2022_TahoeWest,10,https://prd-tnm.s3.amazonaws.com/StagedProducts/Elevation/OPR/Projects/CA_SierraNevada_B22/CA_SierraNevada_5_2022/TIFF/USGS_OPR_CA_SierraNevada_B22_bh_10SGJ5244.tif
10SGJ5245,ca_sierranevada_5_2022_TahoeWest,10,https://prd-tnm.s3.amazonaws.com/StagedProducts/Elevation/OPR/Projects/CA_SierraNevada_B22/CA_SierraNevada_5_2022/TIFF/USGS_OPR_CA_SierraNevada_B22_bh_10SGJ5245.tif
10SGJ5246,ca_sierranevada_5_2022_TahoeWest,10,https://prd-tnm.s3.amazonaws.com/StagedProducts/Elevation/OPR/Projects/CA_SierraNevada_B22/CA_SierraNevada_5_2022/TIFF/USGS_OPR_CA_SierraNevada_B22_bh_10SGJ5246.tif
10SGJ5247,ca_sierranevada_5_2022_TahoeWest,10,https://prd-tnm.s3.amazonaws.com/StagedProducts/Elevation/OPR/Projects/CA_SierraNevada_B22/CA_SierraNevada_5_2022/TIFF/USGS_OPR_CA_SierraNevada_B22_bh_10SGJ5247.tif
10SGJ5248,ca_sierranevada_5_2022_TahoeWest,10,https://prd-tnm.s3.amazonaws.com/StagedProducts/Elevation/OPR/Projects/CA_SierraNevada_B22/CA_SierraNevada_5_2022/TIFF/USGS_OPR_CA_SierraNevada_B22_bh_10SGJ5248.tif
10SGJ5301,ca_sierranevada_5_2022_TahoeWest,10,https://prd-tnm.s3.amazonaws.com/StagedProducts/Elevation/OPR/Projects/CA_SierraNevada_B22/CA_SierraNevada_5_2022/TIFF/USGS_OPR_CA_SierraNevada_B22_bh_10SGJ5301.tif
10SGJ5302,ca_sierranevada_5_2022_TahoeWest,10,https://prd-tnm.s3.amazonaws.com/StagedProducts/Elevation/OPR/Projects/CA_SierraNevada_B22/CA_SierraNevada_5_2022/TIFF/USGS_OPR_CA_SierraNevada_B22_bh_10SGJ5302.tif
10SGJ5303,ca_sierranevada_5_2022_TahoeWest,10,https://prd-tnm.s3.amazonaws.com/StagedProducts/Elevation/OPR/Projects/CA_SierraNevada_B22/CA_SierraNevada_5_2022/TIFF/USGS_OPR_CA_SierraNevada_B22_bh_10SGJ5303.tif
10SGJ5304,ca_sierranevada_5_2022_TahoeWest,10,https://prd-tnm.s3.amazonaws.com/StagedProducts/Elevation/OPR/Projects/CA_SierraNevada_B22/CA_SierraNevada_5_2022/TIFF/USGS_OPR_CA_SierraNevada_B22_bh_10SGJ5304.tif
10SGJ5305,ca_sierranevada_5_2022_TahoeWest,10,https://prd-tnm.s3.amazonaws.com/StagedProducts/Elevation/OPR/Projects/CA_SierraNevada_B22/CA_SierraNevada_5_2022/TIFF/USGS_OPR_CA_SierraNevada_B22_bh_10SGJ5305.tif
10SGJ5306,ca_sierranevada_5_2022_TahoeWest,10,https://prd-tnm.s3.amazonaws.com/StagedProducts/Elevation/OPR/Projects/CA_SierraNevada_B22/CA_SierraNevada_5_2022/TIFF/USGS_OPR_CA_SierraNevada_B22_bh_10SGJ5306.tif
10SGJ5307,ca_sierranevada_5_2022_TahoeWest,10,https://prd-tnm.s3.amazonaws.com/StagedProducts/Elevation/OPR/Projects/CA_SierraNevada_B22/CA_SierraNevada_5_2022/TIFF/USGS_OPR_CA_SierraNevada_B22_bh_10SGJ5307.tif
10SGJ5308,ca_sierranevada_5_2022_TahoeWest,10,https://prd-tnm.s3.amazonaws.com/StagedProducts/Elevation/OPR/Projects/CA_SierraNevada_B22/CA_SierraNevada_5_2022/TIFF/USGS_OPR_CA_SierraNevada_B22_bh_10SGJ5308.tif
10SGJ5309,ca_sierranevada_5_2022_TahoeWest,10,https://prd-tnm.s3.amazonaws.com/StagedProducts/Elevation/OPR/Projects/CA_SierraNevada_B22/CA_SierraNevada_5_2022/TIFF/USGS_OPR_CA_SierraNevada_B22_bh_10SGJ5309.tif
10SGJ5310,ca_sierranevada_5_2022_TahoeWest,10,https://prd-tnm.s3.amazonaws.com/StagedProducts/Elevation/OPR/Projects/CA_SierraNevada_B22/CA_SierraNevada_5_2022/TIFF/USGS_OPR_CA_SierraNevada_B22_bh_10SGJ5310.tif
10SGJ5311,ca_sierranevada_5_2022_TahoeWest,10,https://prd-tnm.s3.amazonaws.com/StagedProducts/Elevation/OPR/Projects/CA_SierraNevada_B22/CA_SierraNevada_5_2022/TIFF/USGS_OPR_CA_SierraNevada_B22_bh_10SGJ5311.tif
10SGJ5312,ca_sierranevada_5_2022_TahoeWest,10,https://prd-tnm.s3.amazonaws.com/StagedProducts/Elevation/OPR/Projects/CA_SierraNevada_B22/CA_SierraNevada_5_2022/TIFF/USGS_OPR_CA_SierraNevada_B22_bh_10SGJ5312.tif
10SGJ5313,ca_sierranevada_5_2022_TahoeWest,10,https://prd-tnm.s3.amazonaws.com/StagedProducts/Elevation/OPR/Projects/CA_SierraNevada_B22/CA_SierraNevada_5_2022/TIFF/USGS_OPR_CA_SierraNevada_B22_bh_10SGJ5313.tif
10SGJ5314,ca_sierranevada_5_2022_TahoeWest,10,https://prd-tnm.s3.amazonaws.com/StagedProducts/Elevation/OPR/Projects/CA_SierraNevada_B22/CA_SierraNevada_5_2022/TIFF/USGS_OPR_CA_SierraNevada_B22_bh_10SGJ5314.tif
10SGJ5315,ca_sierranevada_5_2022_TahoeWest,10,https://prd-tnm.s3.amazonaws.com/StagedProducts/Elevation/OPR/Projects/CA_SierraNevada_B22/CA_SierraNevada_5_2022/TIFF/USGS_OPR_CA_SierraNevada_B22_bh_10SGJ5315.tif
10SGJ5316,ca_sierranevada_5_2022_TahoeWest,10,https://prd-tnm.s3.amazonaws.com/StagedProducts/Elevation/OPR/Projects/CA_SierraNevada_B22/CA_SierraNevada_5_2022/TIFF/USGS_OPR_CA_SierraNevada_B22_bh_10SGJ5316.tif
10SGJ5317,ca_sierranevada_5_2022_TahoeWest,10,https://prd-tnm.s3.amazonaws.com/StagedProducts/Elevation/OPR/Projects/CA_SierraNevada_B22/CA_SierraNevada_5_2022/TIFF/USGS_OPR_CA_SierraNevada_B22_bh_10SGJ5317.tif
10SGJ5318,ca_sierranevada_5_2022_TahoeWest,10,https://prd-tnm.s3.amazonaws.com/StagedProducts/Elevation/OPR/Projects/CA_SierraNevada_B22/CA_SierraNevada_5_2022/TIFF/USGS_OPR_CA_SierraNevada_B22_bh_10SGJ5318.tif
10SGJ5319,ca_sierranevada_5_2022_TahoeWest,10,https://prd-tnm.s3.amazonaws.com/StagedProducts/Elevation/OPR/Projects/CA_SierraNevada_B22/CA_SierraNevada_5_2022/TIFF/USGS_OPR_CA_SierraNevada_B22_bh_10SGJ5319.tif
10SGJ5320,ca_sierranevada_5_2022_TahoeWest,10,https://prd-tnm.s3.amazonaws.com/StagedProducts/Elevation/OPR/Projects/CA_SierraNevada_B22/CA_SierraNevada_5_2022/TIFF/USGS_OPR_CA_SierraNevada_B22_bh_10SGJ5320.tif
10SGJ5321,ca_sierranevada_5_2022_TahoeWest,10,https://prd-tnm.s3.amazonaws.com/StagedProducts/Elevation/OPR/Projects/CA_SierraNevada_B22/CA_SierraNevada_5_2022/TIFF/USGS_OPR_CA_SierraNevada_B22_bh_10SGJ5321.tif
10SGJ5322,ca_sierranevada_5_2022_TahoeWest,10,https://prd-tnm.s3.amazonaws.com/StagedProducts/Elevation/OPR/Projects/CA_SierraNevada_B22/CA_SierraNevada_5_2022/TIFF/USGS_OPR_CA_SierraNevada_B22_bh_10SGJ5322.tif
10SGJ5323,ca_sierranevada_5_2022_TahoeWest,10,https://prd-tnm.s3.amazonaws.com/StagedProducts/Elevation/OPR/Projects/CA_SierraNevada_B22/CA_SierraNevada_5_2022/TIFF/USGS_OPR_CA_SierraNevada_B22_bh_10SGJ5323.tif
10SGJ5324,ca_sierranevada_5_2022_TahoeWest,10,https://prd-tnm.s3.amazonaws.com/StagedProducts/Elevation/OPR/Projects/CA_SierraNevada_B22/CA_SierraNevada_5_2022/TIFF/USGS_OPR_CA_SierraNevada_B22_bh_10SGJ5324.tif
10SGJ5325,ca_sierranevada_5_2022_TahoeWest,10,https://prd-tnm.s3.amazonaws.com/StagedProducts/Elevation/OPR/Projects/CA_SierraNevada_B22/CA_SierraNevada_5_2022/TIFF/USGS_OPR_CA_SierraNevada_B22_bh_10SGJ5325.tif
10SGJ5326,ca_sierranevada_5_2022_TahoeWest,10,https://prd-tnm.s3.amazonaws.com/StagedProducts/Elevation/OPR/Projects/CA_SierraNevada_B22/CA_SierraNevada_5_2022/TIFF/USGS_OPR_CA_SierraNevada_B22_bh_10SGJ5326.tif
10SGJ5327,ca_sierranevada_5_2022_TahoeWest,10,https://prd-tnm.s3.amazonaws.com/StagedProducts/Elevation/OPR/Projects/CA_SierraNevada_B22/CA_SierraNevada_5_2022/TIFF/USGS_OPR_CA_SierraNevada_B22_bh_10SGJ5327.tif
10SGJ5328,ca_sierranevada_5_2022_TahoeWest,10,https://prd-tnm.s3.amazonaws.com/StagedProducts/Elevation/OPR/Projects/CA_SierraNevada_B22/CA_SierraNevada_5_2022/TIFF/USGS_OPR_CA_SierraNevada_B22_bh_10SGJ5328.tif
10SGJ5329,ca_sierranevada_5_2022_TahoeWest,10,https://prd-tnm.s3.amazonaws.com/StagedProducts/Elevation/OPR/Projects/CA_SierraNevada_B22/CA_SierraNevada_5_2022/TIFF/USGS_OPR_CA_SierraNevada_B22_bh_10SGJ5329.tif
10SGJ5330,ca_sierranevada_5_2022_TahoeWest,10,https://prd-tnm.s3.amazonaws.com/StagedProducts/Elevation/OPR/Projects/CA_SierraNevada_B22/CA_SierraNevada_5_2022/TIFF/USGS_OPR_CA_SierraNevada_B22_bh_10SGJ5330.tif
10SGJ5331,ca_sierranevada_5_2022_TahoeWest,10,https://prd-tnm.s3.amazonaws.com/StagedProducts/Elevation/OPR/Projects/CA_SierraNevada_B22/CA_SierraNevada_5_2022/TIFF/USGS_OPR_CA_SierraNevada_B22_bh_10SGJ5331.tif
10SGJ5332,ca_sierranevada_5_2022_TahoeWest,10,https://prd-tnm.s3.amazonaws.com/StagedProducts/Elevation/OPR/Projects/CA_SierraNevada_B22/CA_SierraNevada_5_2022/TIFF/USGS_OPR_CA_SierraNevada_B22_bh_10SGJ5332.tif
10SGJ5333,ca_sierranevada_5_2022_TahoeWest,10,https://prd-tnm.s3.amazonaws.com/StagedProducts/Elevation/OPR/Projects/CA_SierraNevada_B22/CA_SierraNevada_5_2022/TIFF/USGS_OPR_CA_SierraNevada_B22_bh_10SGJ5333.tif
10SGJ5334,ca_sierranevada_5_2022_TahoeWest,10,https://prd-tnm.s3.amazonaws.com/StagedProducts/Elevation/OPR/Projects/CA_SierraNevada_B22/CA_SierraNevada_5_2022/TIFF/USGS_OPR_CA_SierraNevada_B22_bh_10SGJ5334.tif
10SGJ5335,ca_sierranevada_5_2022_TahoeWest,10,https://prd-tnm.s3.amazonaws.com/StagedProducts/Elevation/OPR/Projects/CA_SierraNevada_B22/CA_SierraNevada_5_2022/TIFF/USGS_OPR_CA_SierraNevada_B22_bh_10SGJ5335.tif
10SGJ5336,ca_sierranevada_5_2022_TahoeWest,10,https://prd-tnm.s3.amazonaws.com/StagedProducts/Elevation/OPR/Projects/CA_SierraNevada_B22/CA_SierraNevada_5_2022/TIFF/USGS_OPR_CA_SierraNevada_B22_bh_10SGJ5336.tif
10SGJ5337,ca_sierranevada_5_2022_TahoeWest,10,https://prd-tnm.s3.amazonaws.com/StagedProducts/Elevation/OPR/Projects/CA_SierraNevada_B22/CA_SierraNevada_5_2022/TIFF/USGS_OPR_CA_SierraNevada_B22_bh_10SGJ5337.tif
10SGJ5338,ca_sierranevada_5_2022_TahoeWest,10,https://prd-tnm.s3.amazonaws.com/StagedProducts/Elevation/OPR/Projects/CA_SierraNevada_B22/CA_SierraNevada_5_2022/TIFF/USGS_OPR_CA_SierraNevada_B22_bh_10SGJ5338.tif
10SGJ5339,ca_sierranevada_5_2022_TahoeWest,10,https://prd-tnm.s3.amazonaws.com/StagedProducts/Elevation/OPR/Projects/CA_SierraNevada_B22/CA_SierraNevada_5_2022/TIFF/USGS_OPR_CA_SierraNevada_B22_bh_10SGJ5339.tif
10SGJ5340,ca_sierranevada_5_2022_TahoeWest,10,https://prd-tnm.s3.amazonaws.com/StagedProducts/Elevation/OPR/Projects/CA_SierraNevada_B22/CA_SierraNevada_5_2022/TIFF/USGS_OPR_CA_SierraNevada_B22_bh_10SGJ5340.tif
10SGJ5341,ca_sierranevada_5_2022_TahoeWest,10,https://prd-tnm.s3.amazonaws.com/StagedProducts/Elevation/OPR/Projects/CA_SierraNevada_B22/CA_SierraNevada_5_2022/TIFF/USGS_OPR_CA_SierraNevada_B22_bh_10SGJ5341.tif
10SGJ5342,ca_sierranevada_5_2022_TahoeWest,10,https://prd-tnm.s3.amazonaws.com/StagedProducts/Elevation/OPR/Projects/CA_SierraNevada_B22/CA_SierraNevada_5_2022/TIFF/USGS_OPR_CA_SierraNevada_B22_bh_10SGJ5342.tif
10SGJ5343,ca_sierranevada_5_2022_TahoeWest,10,https://prd-tnm.s3.amazonaws.com/StagedProducts/Elevation/OPR/Projects/CA_SierraNevada_B22/CA_SierraNevada_5_2022/TIFF/USGS_OPR_CA_SierraNevada_B22_bh_10SGJ5343.tif
10SGJ5344,ca_sierranevada_5_2022_TahoeWest,10,https://prd-tnm.s3.amazonaws.com/StagedProducts/Elevation/OPR/Projects/CA_SierraNevada_B22/CA_SierraNevada_5_2022/TIFF/USGS_OPR_CA_SierraNevada_B22_bh_10SGJ5344.tif
10SGJ5345,ca_sierranevada_5_2022_TahoeWest,10,https://prd-tnm.s3.amazonaws.com/StagedProducts/Elevation/OPR/Projects/CA_SierraNevada_B22/CA_SierraNevada_5_2022/TIFF/USGS_OPR_CA_SierraNevada_B22_bh_10SGJ5345.tif
10SGJ5346,ca_sierranevada_5_2022_TahoeWest,10,https://prd-tnm.s3.amazonaws.com/StagedProducts/Elevation/OPR/Projects/CA_SierraNevada_B22/CA_SierraNevada_5_2022/TIFF/USGS_OPR_CA_SierraNevada_B22_bh_10SGJ5346.tif
10SGJ5347,ca_sierranevada_5_2022_TahoeWest,10,https://prd-tnm.s3.amazonaws.com/StagedProducts/Elevation/OPR/Projects/CA_SierraNevada_B22/CA_SierraNevada_5_2022/TIFF/USGS_OPR_CA_SierraNevada_B22_bh_10SGJ5347.tif
10SGJ5348,ca_sierranevada_5_2022_TahoeWest,10,https://prd-tnm.s3.amazonaws.com/StagedProducts/Elevation/OPR/Projects/CA_SierraNevada_B22/CA_SierraNevada_5_2022/TIFF/USGS_OPR_CA_SierraNevada_B22_bh_10SGJ5348.tif
10SGJ5349,ca_sierranevada_5_2022_TahoeWest,10,https://prd-tnm.s3.amazonaws.com/StagedProducts/Elevation/OPR/Projects/CA_SierraNevada_B22/CA_SierraNevada_5_2022/TIFF/USGS_OPR_CA_SierraNevada_B22_bh_10SGJ5349.tif
10SGJ5401,ca_sierranevada_5_2022_TahoeWest,10,https://prd-tnm.s3.amazonaws.com/StagedProducts/Elevation/OPR/Projects/CA_SierraNevada_B22/CA_SierraNevada_5_2022/TIFF/USGS_OPR_CA_SierraNevada_B22_bh_10SGJ5401.tif
10SGJ5402,ca_sierranevada_5_2022_TahoeWest,10,https://prd-tnm.s3.amazonaws.com/StagedProducts/Elevation/OPR/Projects/CA_SierraNevada_B22/CA_SierraNevada_5_2022/TIFF/USGS_OPR_CA_SierraNevada_B22_bh_10SGJ5402.tif
10SGJ5403,ca_sierranevada_5_2022_TahoeWest,10,https://prd-tnm.s3.amazonaws.com/StagedProducts/Elevation/OPR/Projects/CA_SierraNevada_B22/CA_SierraNevada_5_2022/TIFF/USGS_OPR_CA_SierraNevada_B22_bh_10SGJ5403.tif
10SGJ5404,ca_sierranevada_5_2022_TahoeWest,10,https://prd-tnm.s3.amazonaws.com/StagedProducts/Elevation/OPR/Projects/CA_SierraNevada_B22/CA_SierraNevada_5_2022/TIFF/USGS_OPR_CA_SierraNevada_B22_bh_10SGJ5404.tif
10SGJ5405,ca_sierranevada_5_2022_TahoeWest,10,https://prd-tnm.s3.amazonaws.com/StagedProducts/Elevation/OPR/Projects/CA_SierraNevada_B22/CA_SierraNevada_5_2022/TIFF/USGS_OPR_CA_SierraNevada_B22_bh_10SGJ5405.tif
10SGJ5406,ca_sierranevada_5_2022_TahoeWest,10,https://prd-tnm.s3.amazonaws.com/StagedProducts/Elevation/OPR/Projects/CA_SierraNevada_B22/CA_SierraNevada_5_2022/TIFF/USGS_OPR_CA_SierraNevada_B22_bh_10SGJ5406.tif
10SGJ5407,ca_sierranevada_5_2022_TahoeWest,10,https://prd-tnm.s3.amazonaws.com/StagedProducts/Elevation/OPR/Projects/CA_SierraNevada_B22/CA_SierraNevada_5_2022/TIFF/USGS_OPR_CA_SierraNevada_B22_bh_10SGJ5407.tif
10SGJ5408,ca_sierranevada_5_2022_TahoeWest,10,https://prd-tnm.s3.amazonaws.com/StagedProducts/Elevation/OPR/Projects/CA_SierraNevada_B22/CA_SierraNevada_5_2022/TIFF/USGS_OPR_CA_SierraNevada_B22_bh_10SGJ5408.tif
10SGJ5409,ca_sierranevada_5_2022_TahoeWest,10,https://prd-tnm.s3.amazonaws.com/StagedProducts/Elevation/OPR/Projects/CA_SierraNevada_B22/CA_SierraNevada_5_2022/TIFF/USGS_OPR_CA_SierraNevada_B22_bh_10SGJ5409.tif
10SGJ5410,ca_sierranevada_5_2022_TahoeWest,10,https://prd-tnm.s3.amazonaws.com/StagedProducts/Elevation/OPR/Projects/CA_SierraNevada_B22/CA_SierraNevada_5_2022/TIFF/USGS_OPR_CA_SierraNevada_B22_bh_10SGJ5410.tif
10SGJ5411,ca_sierranevada_5_2022_TahoeWest,10,https://prd-tnm.s3.amazonaws.com/StagedProducts/Elevation/OPR/Projects/CA_SierraNevada_B22/CA_SierraNevada_5_2022/TIFF/USGS_OPR_CA_SierraNevada_B22_bh_10SGJ5411.tif
10SGJ5412,ca_sierranevada_5_2022_TahoeWest,10,https://prd-tnm.s3.amazonaws.com/StagedProducts/Elevation/OPR/Projects/CA_SierraNevada_B22/CA_SierraNevada_5_2022/TIFF/USGS_OPR_CA_SierraNevada_B22_bh_10SGJ5412.tif
10SGJ5413,ca_sierranevada_5_2022_TahoeWest,10,https://prd-tnm.s3.amazonaws.com/StagedProducts/Elevation/OPR/Projects/CA_SierraNevada_B22/CA_SierraNevada_5_2022/TIFF/USGS_OPR_CA_SierraNevada_B22_bh_10SGJ5413.tif
10SGJ5414,ca_sierranevada_5_2022_TahoeWest,10,https://prd-tnm.s3.amazonaws.com/StagedProducts/Elevation/OPR/Projects/CA_SierraNevada_B22/CA_SierraNevada_5_2022/TIFF/USGS_OPR_CA_SierraNevada_B22_bh_10SGJ5414.tif
10SGJ5415,ca_sierranevada_5_2022_TahoeWest,10,https://prd-tnm.s3.amazonaws.com/StagedProducts/Elevation/OPR/Projects/CA_SierraNevada_B22/CA_SierraNevada_5_2022/TIFF/USGS_OPR_CA_SierraNevada_B22_bh_10SGJ5415.tif
10SGJ5416,ca_sierranevada_5_2022_TahoeWest,10,https://prd-tnm.s3.amazonaws.com/StagedProducts/Elevation/OPR/Projects/CA_SierraNevada_B22/CA_SierraNevada_5_2022/TIFF/USGS_OPR_CA_SierraNevada_B22_bh_10SGJ5416.tif
10SGJ5417,ca_sierranevada_5_2022_TahoeWest,10,https://prd-tnm.s3.amazonaws.com/StagedProducts/Elevation/OPR/Projects/CA_SierraNevada_B22/CA_SierraNevada_5_2022/TIFF/USGS_OPR_CA_SierraNevada_B22_bh_10SGJ5417.tif
10SGJ5418,ca_sierranevada_5_2022_TahoeWest,10,https://prd-tnm.s3.amazonaws.com/StagedProducts/Elevation/OPR/Projects/CA_SierraNevada_B22/CA_SierraNevada_5_2022/TIFF/USGS_OPR_CA_SierraNevada_B22_bh_10SGJ5418.tif
10SGJ5419,ca_sierranevada_5_2022_TahoeWest,10,https://prd-tnm.s3.amazonaws.com/StagedProducts/Elevation/OPR/Projects/CA_SierraNevada_B22/CA_SierraNevada_5_2022/TIFF/USGS_OPR_CA_SierraNevada_B22_bh_10SGJ5419.tif
10SGJ5420,ca_sierranevada_5_2022_TahoeWest,10,https://prd-tnm.s3.amazonaws.com/StagedProducts/Elevation/OPR/Projects/CA_SierraNevada_B22/CA_SierraNevada_5_2022/TIFF/USGS_OPR_CA_SierraNevada_B22_bh_10SGJ5420.tif
10SGJ5421,ca_sierranevada_5_2022_TahoeWest,10,https://prd-tnm.s3.amazonaws.com/StagedProducts/Elevation/OPR/Projects/CA_SierraNevada_B22/CA_SierraNevada_5_2022/TIFF/USGS_OPR_CA_SierraNevada_B22_bh_10SGJ5421.tif
10SGJ5422,ca_sierranevada_5_2022_TahoeWest,10,https://prd-tnm.s3.amazonaws.com/StagedProducts/Elevation/OPR/Projects/CA_SierraNevada_B22/CA_SierraNevada_5_2022/TIFF/USGS_OPR_CA_SierraNevada_B22_bh_10SGJ5422.tif
10SGJ5423,ca_sierranevada_5_2022_TahoeWest,10,https://prd-tnm.s3.amazonaws.com/StagedProducts/Elevation/OPR/Projects/CA_SierraNevada_B22/CA_SierraNevada_5_2022/TIFF/USGS_OPR_CA_SierraNevada_B22_bh_10SGJ5423.tif
10SGJ5424,ca_sierranevada_5_2022_TahoeWest,10,https://prd-tnm.s3.amazonaws.com/StagedProducts/Elevation/OPR/Projects/CA_SierraNevada_B22/CA_SierraNevada_5_2022/TIFF/USGS_OPR_CA_SierraNevada_B22_bh_10SGJ5424.tif
10SGJ5425,ca_sierranevada_5_2022_TahoeWest,10,https://prd-tnm.s3.amazonaws.com/StagedProducts/Elevation/OPR/Projects/CA_SierraNevada_B22/CA_SierraNevada_5_2022/TIFF/USGS_OPR_CA_SierraNevada_B22_bh_10SGJ5425.tif
10SGJ5426,ca_sierranevada_5_2022_TahoeWest,10,https://prd-tnm.s3.amazonaws.com/StagedProducts/Elevation/OPR/Projects/CA_SierraNevada_B22/CA_SierraNevada_5_2022/TIFF/USGS_OPR_CA_SierraNevada_B22_bh_10SGJ5426.tif
10SGJ5427,ca_sierranevada_5_2022_TahoeWest,10,https://prd-tnm.s3.amazonaws.com/StagedProducts/Elevation/OPR/Projects/CA_SierraNevada_B22/CA_SierraNevada_5_2022/TIFF/USGS_OPR_CA_SierraNevada_B22_bh_10SGJ5427.tif
10SGJ5428,ca_sierranevada_5_2022_TahoeWest,10,https://prd-tnm.s3.amazonaws.com/StagedProducts/Elevation/OPR/Projects/CA_SierraNevada_B22/CA_SierraNevada_5_2022/TIFF/USGS_OPR_CA_SierraNevada_B22_bh_10SGJ5428.tif
10SGJ5429,ca_sierranevada_5_2022_TahoeWest,10,https://prd-tnm.s3.amazonaws.com/StagedProducts/Elevation/OPR/Projects/CA_SierraNevada_B22/CA_SierraNevada_5_2022/TIFF/USGS_OPR_CA_SierraNevada_B22_bh_10SGJ5429.tif
10SGJ5430,ca_sierranevada_5_2022_TahoeWest,10,https://prd-tnm.s3.amazonaws.com/StagedProducts/Elevation/OPR/Projects/CA_SierraNevada_B22/CA_SierraNevada_5_2022/TIFF/USGS_OPR_CA_SierraNevada_B22_bh_10SGJ5430.tif
10SGJ5431,ca_sierranevada_5_2022_TahoeWest,10,https://prd-tnm.s3.amazonaws.com/StagedProducts/Elevation/OPR/Projects/CA_SierraNevada_B22/CA_SierraNevada_5_2022/TIFF/USGS_OPR_CA_SierraNevada_B22_bh_10SGJ5431.tif
10SGJ5432,ca_sierranevada_5_2022_TahoeWest,10,https://prd-tnm.s3.amazonaws.com/StagedProducts/Elevation/OPR/Projects/CA_SierraNevada_B22/CA_SierraNevada_5_2022/TIFF/USGS_OPR_CA_SierraNevada_B22_bh_10SGJ5432.tif
10SGJ5433,ca_sierranevada_5_2022_TahoeWest,10,https://prd-tnm.s3.amazonaws.com/StagedProducts/Elevation/OPR/Projects/CA_SierraNevada_B22/CA_SierraNevada_5_2022/TIFF/USGS_OPR_CA_SierraNevada_B22_bh_10SGJ5433.tif
10SGJ5434,ca_sierranevada_5_2022_TahoeWest,10,https://prd-tnm.s3.amazonaws.com/StagedProducts/Elevation/OPR/Projects/CA_SierraNevada_B22/CA_SierraNevada_5_2022/TIFF/USGS_OPR_CA_SierraNevada_B22_bh_10SGJ5434.tif
10SGJ5435,ca_sierranevada_5_2022_TahoeWest,10,https://prd-tnm.s3.amazonaws.com/StagedProducts/Elevation/OPR/Projects/CA_SierraNevada_B22/CA_SierraNevada_5_2022/TIFF/USGS_OPR_CA_SierraNevada_B22_bh_10SGJ5435.tif
10SGJ5436,ca_sierranevada_5_2022_TahoeWest,10,https://prd-tnm.s3.amazonaws.com/StagedProducts/Elevation/OPR/Projects/CA_SierraNevada_B22/CA_SierraNevada_5_2022/TIFF/USGS_OPR_CA_SierraNevada_B22_bh_10SGJ5436.tif
10SGJ5437,ca_sierranevada_5_2022_TahoeWest,10,https://prd-tnm.s3.amazonaws.com/StagedProducts/Elevation/OPR/Projects/CA_SierraNevada_B22/CA_SierraNevada_5_2022/TIFF/USGS_OPR_CA_SierraNevada_B22_bh_10SGJ5437.tif
10SGJ5438,ca_sierranevada_5_2022_TahoeWest,10,https://prd-tnm.s3.amazonaws.com/StagedProducts/Elevation/OPR/Projects/CA_SierraNevada_B22/CA_SierraNevada_5_2022/TIFF/USGS_OPR_CA_SierraNevada_B22_bh_10SGJ5438.tif
10SGJ5439,ca_sierranevada_5_2022_TahoeWest,10,https://prd-tnm.s3.amazonaws.com/StagedProducts/Elevation/OPR/Projects/CA_SierraNevada_B22/CA_SierraNevada_5_2022/TIFF/USGS_OPR_CA_SierraNevada_B22_bh_10SGJ5439.tif
10SGJ5440,ca_sierranevada_5_2022_TahoeWest,10,https://prd-tnm.s3.amazonaws.com/StagedProducts/Elevation/OPR/Projects/CA_SierraNevada_B22/CA_SierraNevada_5_2022/TIFF/USGS_OPR_CA_SierraNevada_B22_bh_10SGJ5440.tif
10SGJ5441,ca_sierranevada_5_2022_TahoeWest,10,https://prd-tnm.s3.amazonaws.com/StagedProducts/Elevation/OPR/Projects/CA_SierraNevada_B22/CA_SierraNevada_5_2022/TIFF/USGS_OPR_CA_SierraNevada_B22_bh_10SGJ5441.tif
10SGJ5442,ca_sierranevada_5_2022_TahoeWest,10,https://prd-tnm.s3.amazonaws.com/StagedProducts/Elevation/OPR/Projects/CA_SierraNevada_B22/CA_SierraNevada_5_2022/TIFF/USGS_OPR_CA_SierraNevada_B22_bh_10SGJ5442.tif
10SGJ5443,ca_sierranevada_5_2022_TahoeWest,10,https://prd-tnm.s3.amazonaws.com/StagedProducts/Elevation/OPR/Projects/CA_SierraNevada_B22/CA_SierraNevada_5_2022/TIFF/USGS_OPR_CA_SierraNevada_B22_bh_10SGJ5443.tif
10SGJ5444,ca_sierranevada_5_2022_TahoeWest,10,https://prd-tnm.s3.amazonaws.com/StagedProducts/Elevation/OPR/Projects/CA_SierraNevada_B22/CA_SierraNevada_5_2022/TIFF/USGS_OPR_CA_SierraNevada_B22_bh_10SGJ5444.tif
10SGJ5445,ca_sierranevada_5_2022_TahoeWest,10,https://prd-tnm.s3.amazonaws.com/StagedProducts/Elevation/OPR/Projects/CA_SierraNevada_B22/CA_SierraNevada_5_2022/TIFF/USGS_OPR_CA_SierraNevada_B22_bh_10SGJ5445.tif
10SGJ5446,ca_sierranevada_5_2022_TahoeWest,10,https://prd-tnm.s3.amazonaws.com/StagedProducts/Elevation/OPR/Projects/CA_SierraNevada_B22/CA_SierraNevada_5_2022/TIFF/USGS_OPR_CA_SierraNevada_B22_bh_10SGJ5446.tif
10SGJ5447,ca_sierranevada_5_2022_TahoeWest,10,https://prd-tnm.s3.amazonaws.com/StagedProducts/Elevation/OPR/Projects/CA_SierraNevada_B22/CA_SierraNevada_5_2022/TIFF/USGS_OPR_CA_SierraNevada_B22_bh_10SGJ5447.tif
10SGJ5448,ca_sierranevada_5_2022_TahoeWest,10,https://prd-tnm.s3.amazonaws.com/StagedProducts/Elevation/OPR/Projects/CA_SierraNevada_B22/CA_SierraNevada_5_2022/TIFF/USGS_OPR_CA_SierraNevada_B22_bh_10SGJ5448.tif
10SGJ5449,ca_sierranevada_5_2022_TahoeWest,10,https://prd-tnm.s3.amazonaws.com/StagedProducts/Elevation/OPR/Projects/CA_SierraNevada_B22/CA_SierraNevada_5_2022/TIFF/USGS_OPR_CA_SierraNevada_B22_bh_10SGJ5449.tif
10SGJ5501,ca_sierranevada_5_2022_TahoeWest,10,https://prd-tnm.s3.amazonaws.com/StagedProducts/Elevation/OPR/Projects/CA_SierraNevada_B22/CA_SierraNevada_5_2022/TIFF/USGS_OPR_CA_SierraNevada_B22_bh_10SGJ5501.tif
10SGJ5502,ca_sierranevada_5_2022_TahoeWest,10,https://prd-tnm.s3.amazonaws.com/StagedProducts/Elevation/OPR/Projects/CA_SierraNevada_B22/CA_SierraNevada_5_2022/TIFF/USGS_OPR_CA_SierraNevada_B22_bh_10SGJ5502.tif
10SGJ5503,ca_sierranevada_5_2022_TahoeWest,10,https://prd-tnm.s3.amazonaws.com/StagedProducts/Elevation/OPR/Projects/CA_SierraNevada_B22/CA_SierraNevada_5_2022/TIFF/USGS_OPR_CA_SierraNevada_B22_bh_10SGJ5503.tif
10SGJ5504,ca_sierranevada_5_2022_TahoeWest,10,https://prd-tnm.s3.amazonaws.com/StagedProducts/Elevation/OPR/Projects/CA_SierraNevada_B22/CA_SierraNevada_5_2022/TIFF/USGS_OPR_CA_SierraNevada_B22_bh_10SGJ5504.tif
10SGJ5505,ca_sierranevada_5_2022_TahoeWest,10,https://prd-tnm.s3.amazonaws.com/StagedProducts/Elevation/OPR/Projects/CA_SierraNevada_B22/CA_SierraNevada_5_2022/TIFF/USGS_OPR_CA_SierraNevada_B22_bh_10SGJ5505.tif
10SGJ5506,ca_sierranevada_5_2022_TahoeWest,10,https://prd-tnm.s3.amazonaws.com/StagedProducts/Elevation/OPR/Projects/CA_SierraNevada_B22/CA_SierraNevada_5_2022/TIFF/USGS_OPR_CA_SierraNevada_B22_bh_10SGJ5506.tif
10SGJ5507,ca_sierranevada_5_2022_TahoeWest,10,https://prd-tnm.s3.amazonaws.com/StagedProducts/Elevation/OPR/Projects/CA_SierraNevada_B22/CA_SierraNevada_5_2022/TIFF/USGS_OPR_CA_SierraNevada_B22_bh_10SGJ5507.tif
10SGJ5508,ca_sierranevada_5_2022_TahoeWest,10,https://prd-tnm.s3.amazonaws.com/StagedProducts/Elevation/OPR/Projects/CA_SierraNevada_B22/CA_SierraNevada_5_2022/TIFF/USGS_OPR_CA_SierraNevada_B22_bh_10SGJ5508.tif
10SGJ5509,ca_sierranevada_5_2022_TahoeWest,10,https://prd-tnm.s3.amazonaws.com/StagedProducts/Elevation/OPR/Projects/CA_SierraNevada_B22/CA_SierraNevada_5_2022/TIFF/USGS_OPR_CA_SierraNevada_B22_bh_10SGJ5509.tif
10SGJ5510,ca_sierranevada_5_2022_TahoeWest,10,https://prd-tnm.s3.amazonaws.com/StagedProducts/Elevation/OPR/Projects/CA_SierraNevada_B22/CA_SierraNevada_5_2022/TIFF/USGS_OPR_CA_SierraNevada_B22_bh_10SGJ5510.tif
10SGJ5511,ca_sierranevada_5_2022_TahoeWest,10,https://prd-tnm.s3.amazonaws.com/StagedProducts/Elevation/OPR/Projects/CA_SierraNevada_B22/CA_SierraNevada_5_2022/TIFF/USGS_OPR_CA_SierraNevada_B22_bh_10SGJ5511.tif
10SGJ5512,ca_sierranevada_5_2022_TahoeWest,10,https://prd-tnm.s3.amazonaws.com/StagedProducts/Elevation/OPR/Projects/CA_SierraNevada_B22/CA_SierraNevada_5_2022/TIFF/USGS_OPR_CA_SierraNevada_B22_bh_10SGJ5512.tif
10SGJ5513,ca_sierranevada_5_2022_TahoeWest,10,https://prd-tnm.s3.amazonaws.com/StagedProducts/Elevation/OPR/Projects/CA_SierraNevada_B22/CA_SierraNevada_5_2022/TIFF/USGS_OPR_CA_SierraNevada_B22_bh_10SGJ5513.tif
10SGJ5514,ca_sierranevada_5_2022_TahoeWest,10,https://prd-tnm.s3.amazonaws.com/StagedProducts/Elevation/OPR/Projects/CA_SierraNevada_B22/CA_SierraNevada_5_2022/TIFF/USGS_OPR_CA_SierraNevada_B22_bh_10SGJ5514.tif
10SGJ5515,ca_sierranevada_5_2022_TahoeWest,10,https://prd-tnm.s3.amazonaws.com/StagedProducts/Elevation/OPR/Projects/CA_SierraNevada_B22/CA_SierraNevada_5_2022/TIFF/USGS_OPR_CA_SierraNevada_B22_bh_10SGJ5515.tif
10SGJ5516,ca_sierranevada_5_2022_TahoeWest,10,https://prd-tnm.s3.amazonaws.com/StagedProducts/Elevation/OPR/Projects/CA_SierraNevada_B22/CA_SierraNevada_5_2022/TIFF/USGS_OPR_CA_SierraNevada_B22_bh_10SGJ5516.tif
10SGJ5517,ca_sierranevada_5_2022_TahoeWest,10,https://prd-tnm.s3.amazonaws.com/StagedProducts/Elevation/OPR/Projects/CA_SierraNevada_B22/CA_SierraNevada_5_2022/TIFF/USGS_OPR_CA_SierraNevada_B22_bh_10SGJ5517.tif
10SGJ5518,ca_sierranevada_5_2022_TahoeWest,10,https://prd-tnm.s3.amazonaws.com/StagedProducts/Elevation/OPR/Projects/CA_SierraNevada_B22/CA_SierraNevada_5_2022/TIFF/USGS_OPR_CA_SierraNevada_B22_bh_10SGJ5518.tif
10SGJ5519,ca_sierranevada_5_2022_TahoeWest,10,https://prd-tnm.s3.amazonaws.com/StagedProducts/Elevation/OPR/Projects/CA_SierraNevada_B22/CA_SierraNevada_5_2022/TIFF/USGS_OPR_CA_SierraNevada_B22_bh_10SGJ5519.tif
10SGJ5520,ca_sierranevada_5_2022_TahoeWest,10,https://prd-tnm.s3.amazonaws.com/StagedProducts/Elevation/OPR/Projects/CA_SierraNevada_B22/CA_SierraNevada_5_2022/TIFF/USGS_OPR_CA_SierraNevada_B22_bh_10SGJ5520.tif
10SGJ5521,ca_sierranevada_5_2022_TahoeWest,10,https://prd-tnm.s3.amazonaws.com/StagedProducts/Elevation/OPR/Projects/CA_SierraNevada_B22/CA_SierraNevada_5_2022/TIFF/USGS_OPR_CA_SierraNevada_B22_bh_10SGJ5521.tif
10SGJ5522,ca_sierranevada_5_2022_TahoeWest,10,https://prd-tnm.s3.amazonaws.com/StagedProducts/Elevation/OPR/Projects/CA_SierraNevada_B22/CA_SierraNevada_5_2022/TIFF/USGS_OPR_CA_SierraNevada_B22_bh_10SGJ5522.tif
10SGJ5523,ca_sierranevada_5_2022_TahoeWest,10,https://prd-tnm.s3.amazonaws.com/StagedProducts/Elevation/OPR/Projects/CA_SierraNevada_B22/CA_SierraNevada_5_2022/TIFF/USGS_OPR_CA_SierraNevada_B22_bh_10SGJ5523.tif
10SGJ5524,ca_sierranevada_5_2022_TahoeWest,10,https://prd-tnm.s3.amazonaws.com/StagedProducts/Elevation/OPR/Projects/CA_SierraNevada_B22/CA_SierraNevada_5_2022/TIFF/USGS_OPR_CA_SierraNevada_B22_bh_10SGJ5524.tif
10SGJ5525,ca_sierranevada_5_2022_TahoeWest,10,https://prd-tnm.s3.amazonaws.com/StagedProducts/Elevation/OPR/Projects/CA_SierraNevada_B22/CA_SierraNevada_5_2022/TIFF/USGS_OPR_CA_SierraNevada_B22_bh_10SGJ5525.tif
10SGJ5526,ca_sierranevada_5_2022_TahoeWest,10,https://prd-tnm.s3.amazonaws.com/StagedProducts/Elevation/OPR/Projects/CA_SierraNevada_B22/CA_SierraNevada_5_2022/TIFF/USGS_OPR_CA_SierraNevada_B22_bh_10SGJ5526.tif
10SGJ5527,ca_sierranevada_5_2022_TahoeWest,10,https://prd-tnm.s3.amazonaws.com/StagedProducts/Elevation/OPR/Projects/CA_SierraNevada_B22/CA_SierraNevada_5_2022/TIFF/USGS_OPR_CA_SierraNevada_B22_bh_10SGJ5527.tif
10SGJ5528,ca_sierranevada_5_2022_TahoeWest,10,https://prd-tnm.s3.amazonaws.com/StagedProducts/Elevation/OPR/Projects/CA_SierraNevada_B22/CA_SierraNevada_5_2022/TIFF/USGS_OPR_CA_SierraNevada_B22_bh_10SGJ5528.tif
10SGJ5529,ca_sierranevada_5_2022_TahoeWest,10,https://prd-tnm.s3.amazonaws.com/StagedProducts/Elevation/OPR/Projects/CA_SierraNevada_B22/CA_SierraNevada_5_2022/TIFF/USGS_OPR_CA_SierraNevada_B22_bh_10SGJ5529.tif
10SGJ5530,ca_sierranevada_5_2022_TahoeWest,10,https://prd-tnm.s3.amazonaws.com/StagedProducts/Elevation/OPR/Projects/CA_SierraNevada_B22/CA_SierraNevada_5_2022/TIFF/USGS_OPR_CA_SierraNevada_B22_bh_10SGJ5530.tif
10SGJ5531,ca_sierranevada_5_2022_TahoeWest,10,https://prd-tnm.s3.amazonaws.com/StagedProducts/Elevation/OPR/Projects/CA_SierraNevada_B22/CA_SierraNevada_5_2022/TIFF/USGS_OPR_CA_SierraNevada_B22_bh_10SGJ5531.tif
10SGJ5532,ca_sierranevada_5_2022_TahoeWest,10,https://prd-tnm.s3.amazonaws.com/StagedProducts/Elevation/OPR/Projects/CA_SierraNevada_B22/CA_SierraNevada_5_2022/TIFF/USGS_OPR_CA_SierraNevada_B22_bh_10SGJ5532.tif
10SGJ5533,ca_sierranevada_5_2022_TahoeWest,10,https://prd-tnm.s3.amazonaws.com/StagedProducts/Elevation/OPR/Projects/CA_SierraNevada_B22/CA_SierraNevada_5_2022/TIFF/USGS_OPR_CA_SierraNevada_B22_bh_10SGJ5533.tif
10SGJ5534,ca_sierranevada_5_2022_TahoeWest,10,https://prd-tnm.s3.amazonaws.com/StagedProducts/Elevation/OPR/Projects/CA_SierraNevada_B22/CA_SierraNevada_5_2022/TIFF/USGS_OPR_CA_SierraNevada_B22_bh_10SGJ5534.tif
10SGJ5535,ca_sierranevada_5_2022_TahoeWest,10,https://prd-tnm.s3.amazonaws.com/StagedProducts/Elevation/OPR/Projects/CA_SierraNevada_B22/CA_SierraNevada_5_2022/TIFF/USGS_OPR_CA_SierraNevada_B22_bh_10SGJ5535.tif
10SGJ5536,ca_sierranevada_5_2022_TahoeWest,10,https://prd-tnm.s3.amazonaws.com/StagedProducts/Elevation/OPR/Projects/CA_SierraNevada_B22/CA_SierraNevada_5_2022/TIFF/USGS_OPR_CA_SierraNevada_B22_bh_10SGJ5536.tif
10SGJ5537,ca_sierranevada_5_2022_TahoeWest,10,https://prd-tnm.s3.amazonaws.com/StagedProducts/Elevation/OPR/Projects/CA_SierraNevada_B22/CA_SierraNevada_5_2022/TIFF/USGS_OPR_CA_SierraNevada_B22_bh_10SGJ5537.tif
10SGJ5538,ca_sierranevada_5_2022_TahoeWest,10,https://prd-tnm.s3.amazonaws.com/StagedProducts/Elevation/OPR/Projects/CA_SierraNevada_B22/CA_SierraNevada_5_2022/TIFF/USGS_OPR_CA_SierraNevada_B22_bh_10SGJ5538.tif
10SGJ5539,ca_sierranevada_5_2022_TahoeWest,10,https://prd-tnm.s3.amazonaws.com/StagedProducts/Elevation/OPR/Projects/CA_SierraNevada_B22/CA_SierraNevada_5_2022/TIFF/USGS_OPR_CA_SierraNevada_B22_bh_10SGJ5539.tif
10SGJ5540,ca_sierranevada_5_2022_TahoeWest,10,https://prd-tnm.s3.amazonaws.com/StagedProducts/Elevation/OPR/Projects/CA_SierraNevada_B22/CA_SierraNevada_5_2022/TIFF/USGS_OPR_CA_SierraNevada_B22_bh_10SGJ5540.tif
10SGJ5541,ca_sierranevada_5_2022_TahoeWest,10,https://prd-tnm.s3.amazonaws.com/StagedProducts/Elevation/OPR/Projects/CA_SierraNevada_B22/CA_SierraNevada_5_2022/TIFF/USGS_OPR_CA_SierraNevada_B22_bh_10SGJ5541.tif
10SGJ5542,ca_sierranevada_5_2022_TahoeWest,10,https://prd-tnm.s3.amazonaws.com/StagedProducts/Elevation/OPR/Projects/CA_SierraNevada_B22/CA_SierraNevada_5_2022/TIFF/USGS_OPR_CA_SierraNevada_B22_bh_10SGJ5542.tif
10SGJ5543,ca_sierranevada_5_2022_TahoeWest,10,https://prd-tnm.s3.amazonaws.com/StagedProducts/Elevation/OPR/Projects/CA_SierraNevada_B22/CA_SierraNevada_5_2022/TIFF/USGS_OPR_CA_SierraNevada_B22_bh_10SGJ5543.tif
10SGJ5544,ca_sierranevada_5_2022_TahoeWest,10,https://prd-tnm.s3.amazonaws.com/StagedProducts/Elevation/OPR/Projects/CA_SierraNevada_B22/CA_SierraNevada_5_2022/TIFF/USGS_OPR_CA_SierraNevada_B22_bh_10SGJ5544.tif
10SGJ5545,ca_sierranevada_5_2022_TahoeWest,10,https://prd-tnm.s3.amazonaws.com/StagedProducts/Elevation/OPR/Projects/CA_SierraNevada_B22/CA_SierraNevada_5_2022/TIFF/USGS_OPR_CA_SierraNevada_B22_bh_10SGJ5545.tif
10SGJ5546,ca_sierranevada_5_2022_TahoeWest,10,https://prd-tnm.s3.amazonaws.com/StagedProducts/Elevation/OPR/Projects/CA_SierraNevada_B22/CA_SierraNevada_5_2022/TIFF/USGS_OPR_CA_SierraNevada_B22_bh_10SGJ5546.tif
10SGJ5547,ca_sierranevada_5_2022_TahoeWest,10,https://prd-tnm.s3.amazonaws.com/StagedProducts/Elevation/OPR/Projects/CA_SierraNevada_B22/CA_SierraNevada_5_2022/TIFF/USGS_OPR_CA_SierraNevada_B22_bh_10SGJ5547.tif
10SGJ5548,ca_sierranevada_5_2022_TahoeWest,10,https://prd-tnm.s3.amazonaws.com/StagedProducts/Elevation/OPR/Projects/CA_SierraNevada_B22/CA_SierraNevada_5_2022/TIFF/USGS_OPR_CA_SierraNevada_B22_bh_10SGJ5548.tif
10SGJ5549,ca_sierranevada_5_2022_TahoeWest,10,https://prd-tnm.s3.amazonaws.com/StagedProducts/Elevation/OPR/Projects/CA_SierraNevada_B22/CA_SierraNevada_5_2022/TIFF/USGS_OPR_CA_SierraNevada_B22_bh_10SGJ5549.tif
10SGJ5601,ca_sierranevada_5_2022_TahoeWest,10,https://prd-tnm.s3.amazonaws.com/StagedProducts/Elevation/OPR/Projects/CA_SierraNevada_B22/CA_SierraNevada_5_2022/TIFF/USGS_OPR_CA_SierraNevada_B22_bh_10SGJ5601.tif
10SGJ5602,ca_sierranevada_5_2022_TahoeWest,10,https://prd-tnm.s3.amazonaws.com/StagedProducts/Elevation/OPR/Projects/CA_SierraNevada_B22/CA_SierraNevada_5_2022/TIFF/USGS_OPR_CA_SierraNevada_B22_bh_10SGJ5602.tif
10SGJ5603,ca_sierranevada_5_2022_TahoeWest,10,https://prd-tnm.s3.amazonaws.com/StagedProducts/Elevation/OPR/Projects/CA_SierraNevada_B22/CA_SierraNevada_5_2022/TIFF/USGS_OPR_CA_SierraNevada_B22_bh_10SGJ5603.tif
10SGJ5604,ca_sierranevada_5_2022_TahoeWest,10,https://prd-tnm.s3.amazonaws.com/StagedProducts/Elevation/OPR/Projects/CA_SierraNevada_B22/CA_SierraNevada_5_2022/TIFF/USGS_OPR_CA_SierraNevada_B22_bh_10SGJ5604.tif
10SGJ5605,ca_sierranevada_5_2022_TahoeWest,10,https://prd-tnm.s3.amazonaws.com/StagedProducts/Elevation/OPR/Projects/CA_SierraNevada_B22/CA_SierraNevada_5_2022/TIFF/USGS_OPR_CA_SierraNevada_B22_bh_10SGJ5605.tif
10SGJ5606,ca_sierranevada_5_2022_TahoeWest,10,https://prd-tnm.s3.amazonaws.com/StagedProducts/Elevation/OPR/Projects/CA_SierraNevada_B22/CA_SierraNevada_5_2022/TIFF/USGS_OPR_CA_SierraNevada_B22_bh_10SGJ5606.tif
10SGJ5607,ca_sierranevada_5_2022_TahoeWest,10,https://prd-tnm.s3.amazonaws.com/StagedProducts/Elevation/OPR/Projects/CA_SierraNevada_B22/CA_SierraNevada_5_2022/TIFF/USGS_OPR_CA_SierraNevada_B22_bh_10SGJ5607.tif
10SGJ5608,ca_sierranevada_5_2022_TahoeWest,10,https://prd-tnm.s3.amazonaws.com/StagedProducts/Elevation/OPR/Projects/CA_SierraNevada_B22/CA_SierraNevada_5_2022/TIFF/USGS_OPR_CA_SierraNevada_B22_bh_10SGJ5608.tif
10SGJ5609,ca_sierranevada_5_2022_TahoeWest,10,https://prd-tnm.s3.amazonaws.com/StagedProducts/Elevation/OPR/Projects/CA_SierraNevada_B22/CA_SierraNevada_5_2022/TIFF/USGS_OPR_CA_SierraNevada_B22_bh_10SGJ5609.tif
10SGJ5610,ca_sierranevada_5_2022_TahoeWest,10,https://prd-tnm.s3.amazonaws.com/StagedProducts/Elevation/OPR/Projects/CA_SierraNevada_B22/CA_SierraNevada_5_2022/TIFF/USGS_OPR_CA_SierraNevada_B22_bh_10SGJ5610.tif
10SGJ5611,ca_sierranevada_5_2022_TahoeWest,10,https://prd-tnm.s3.amazonaws.com/StagedProducts/Elevation/OPR/Projects/CA_SierraNevada_B22/CA_SierraNevada_5_2022/TIFF/USGS_OPR_CA_SierraNevada_B22_bh_10SGJ5611.tif
10SGJ5612,ca_sierranevada_5_2022_TahoeWest,10,https://prd-tnm.s3.amazonaws.com/StagedProducts/Elevation/OPR/Projects/CA_SierraNevada_B22/CA_SierraNevada_5_2022/TIFF/USGS_OPR_CA_SierraNevada_B22_bh_10SGJ5612.tif
10SGJ5613,ca_sierranevada_5_2022_TahoeWest,10,https://prd-tnm.s3.amazonaws.com/StagedProducts/Elevation/OPR/Projects/CA_SierraNevada_B22/CA_SierraNevada_5_2022/TIFF/USGS_OPR_CA_SierraNevada_B22_bh_10SGJ5613.tif
10SGJ5614,ca_sierranevada_5_2022_TahoeWest,10,https://prd-tnm.s3.amazonaws.com/StagedProducts/Elevation/OPR/Projects/CA_SierraNevada_B22/CA_SierraNevada_5_2022/TIFF/USGS_OPR_CA_SierraNevada_B22_bh_10SGJ5614.tif
10SGJ5615,ca_sierranevada_5_2022_TahoeWest,10,https://prd-tnm.s3.amazonaws.com/StagedProducts/Elevation/OPR/Projects/CA_SierraNevada_B22/CA_SierraNevada_5_2022/TIFF/USGS_OPR_CA_SierraNevada_B22_bh_10SGJ5615.tif
10SGJ5616,ca_sierranevada_5_2022_TahoeWest,10,https://prd-tnm.s3.amazonaws.com/StagedProducts/Elevation/OPR/Projects/CA_SierraNevada_B22/CA_SierraNevada_5_2022/TIFF/USGS_OPR_CA_SierraNevada_B22_bh_10SGJ5616.tif
10SGJ5617,ca_sierranevada_5_2022_TahoeWest,10,https://prd-tnm.s3.amazonaws.com/StagedProducts/Elevation/OPR/Projects/CA_SierraNevada_B22/CA_SierraNevada_5_2022/TIFF/USGS_OPR_CA_SierraNevada_B22_bh_10SGJ5617.tif
10SGJ5618,ca_sierranevada_5_2022_TahoeWest,10,https://prd-tnm.s3.amazonaws.com/StagedProducts/Elevation/OPR/Projects/CA_SierraNevada_B22/CA_SierraNevada_5_2022/TIFF/USGS_OPR_CA_SierraNevada_B22_bh_10SGJ5618.tif
10SGJ5619,ca_sierranevada_5_2022_TahoeWest,10,https://prd-tnm.s3.amazonaws.com/StagedProducts/Elevation/OPR/Projects/CA_SierraNevada_B22/CA_SierraNevada_5_2022/TIFF/USGS_OPR_CA_SierraNevada_B22_bh_10SGJ5619.tif
10SGJ5620,ca_sierranevada_5_2022_TahoeWest,10,https://prd-tnm.s3.amazonaws.com/StagedProducts/Elevation/OPR/Projects/CA_SierraNevada_B22/CA_SierraNevada_5_2022/TIFF/USGS_OPR_CA_SierraNevada_B22_bh_10SGJ5620.tif
10SGJ5621,ca_sierranevada_5_2022_TahoeWest,10,https://prd-tnm.s3.amazonaws.com/StagedProducts/Elevation/OPR/Projects/CA_SierraNevada_B22/CA_SierraNevada_5_2022/TIFF/USGS_OPR_CA_SierraNevada_B22_bh_10SGJ5621.tif
10SGJ5622,ca_sierranevada_5_2022_TahoeWest,10,https://prd-tnm.s3.amazonaws.com/StagedProducts/Elevation/OPR/Projects/CA_SierraNevada_B22/CA_SierraNevada_5_2022/TIFF/USGS_OPR_CA_SierraNevada_B22_bh_10SGJ5622.tif
10SGJ5623,ca_sierranevada_5_2022_TahoeWest,10,https://prd-tnm.s3.amazonaws.com/StagedProducts/Elevation/OPR/Projects/CA_SierraNevada_B22/CA_SierraNevada_5_2022/TIFF/USGS_OPR_CA_SierraNevada_B22_bh_10SGJ5623.tif
10SGJ5624,ca_sierranevada_5_2022_TahoeWest,10,https://prd-tnm.s3.amazonaws.com/StagedProducts/Elevation/OPR/Projects/CA_SierraNevada_B22/CA_SierraNevada_5_2022/TIFF/USGS_OPR_CA_SierraNevada_B22_bh_10SGJ5624.tif
10SGJ5625,ca_sierranevada_5_2022_TahoeWest,10,https://prd-tnm.s3.amazonaws.com/StagedProducts/Elevation/OPR/Projects/CA_SierraNevada_B22/CA_SierraNevada_5_2022/TIFF/USGS_OPR_CA_SierraNevada_B22_bh_10SGJ5625.tif
10SGJ5626,ca_sierranevada_5_2022_TahoeWest,10,https://prd-tnm.s3.amazonaws.com/StagedProducts/Elevation/OPR/Projects/CA_SierraNevada_B22/CA_SierraNevada_5_2022/TIFF/USGS_OPR_CA_SierraNevada_B22_bh_10SGJ5626.tif
10SGJ5627,ca_sierranevada_5_2022_TahoeWest,10,https://prd-tnm.s3.amazonaws.com/StagedProducts/Elevation/OPR/Projects/CA_SierraNevada_B22/CA_SierraNevada_5_2022/TIFF/USGS_OPR_CA_SierraNevada_B22_bh_10SGJ5627.tif
10SGJ5628,ca_sierranevada_5_2022_TahoeWest,10,https://prd-tnm.s3.amazonaws.com/StagedProducts/Elevation/OPR/Projects/CA_SierraNevada_B22/CA_SierraNevada_5_2022/TIFF/USGS_OPR_CA_SierraNevada_B22_bh_10SGJ5628.tif
10SGJ5629,ca_sierranevada_5_2022_TahoeWest,10,https://prd-tnm.s3.amazonaws.com/StagedProducts/Elevation/OPR/Projects/CA_SierraNevada_B22/CA_SierraNevada_5_2022/TIFF/USGS_OPR_CA_SierraNevada_B22_bh_10SGJ5629.tif
10SGJ5630,ca_sierranevada_5_2022_TahoeWest,10,https://prd-tnm.s3.amazonaws.com/StagedProducts/Elevation/OPR/Projects/CA_SierraNevada_B22/CA_SierraNevada_5_2022/TIFF/USGS_OPR_CA_SierraNevada_B22_bh_10SGJ5630.tif
10SGJ5631,ca_sierranevada_5_2022_TahoeWest,10,https://prd-tnm.s3.amazonaws.com/StagedProducts/Elevation/OPR/Projects/CA_SierraNevada_B22/CA_SierraNevada_5_2022/TIFF/USGS_OPR_CA_SierraNevada_B22_bh_10SGJ5631.tif
10SGJ5632,ca_sierranevada_5_2022_TahoeWest,10,https://prd-tnm.s3.amazonaws.com/StagedProducts/Elevation/OPR/Projects/CA_SierraNevada_B22/CA_SierraNevada_5_2022/TIFF/USGS_OPR_CA_SierraNevada_B22_bh_10SGJ5632.tif
10SGJ5633,ca_sierranevada_5_2022_TahoeWest,10,https://prd-tnm.s3.amazonaws.com/StagedProducts/Elevation/OPR/Projects/CA_SierraNevada_B22/CA_SierraNevada_5_2022/TIFF/USGS_OPR_CA_SierraNevada_B22_bh_10SGJ5633.tif
10SGJ5634,ca_sierranevada_5_2022_TahoeWest,10,https://prd-tnm.s3.amazonaws.com/StagedProducts/Elevation/OPR/Projects/CA_SierraNevada_B22/CA_SierraNevada_5_2022/TIFF/USGS_OPR_CA_SierraNevada_B22_bh_10SGJ5634.tif
10SGJ5635,ca_sierranevada_5_2022_TahoeWest,10,https://prd-tnm.s3.amazonaws.com/StagedProducts/Elevation/OPR/Projects/CA_SierraNevada_B22/CA_SierraNevada_5_2022/TIFF/USGS_OPR_CA_SierraNevada_B22_bh_10SGJ5635.tif
10SGJ5636,ca_sierranevada_5_2022_TahoeWest,10,https://prd-tnm.s3.amazonaws.com/StagedProducts/Elevation/OPR/Projects/CA_SierraNevada_B22/CA_SierraNevada_5_2022/TIFF/USGS_OPR_CA_SierraNevada_B22_bh_10SGJ5636.tif
10SGJ5637,ca_sierranevada_5_2022_TahoeWest,10,https://prd-tnm.s3.amazonaws.com/StagedProducts/Elevation/OPR/Projects/CA_SierraNevada_B22/CA_SierraNevada_5_2022/TIFF/USGS_OPR_CA_SierraNevada_B22_bh_10SGJ5637.tif
10SGJ5638,ca_sierranevada_5_2022_TahoeWest,10,https://prd-tnm.s3.amazonaws.com/StagedProducts/Elevation/OPR/Projects/CA_SierraNevada_B22/CA_SierraNevada_5_2022/TIFF/USGS_OPR_CA_SierraNevada_B22_bh_10SGJ5638.tif
10SGJ5639,ca_sierranevada_5_2022_TahoeWest,10,https://prd-tnm.s3.amazonaws.com/StagedProducts/Elevation/OPR/Projects/CA_SierraNevada_B22/CA_SierraNevada_5_2022/TIFF/USGS_OPR_CA_SierraNevada_B22_bh_10SGJ5639.tif
10SGJ5640,ca_sierranevada_5_2022_TahoeWest,10,https://prd-tnm.s3.amazonaws.com/StagedProducts/Elevation/OPR/Projects/CA_SierraNevada_B22/CA_SierraNevada_5_2022/TIFF/USGS_OPR_CA_SierraNevada_B22_bh_10SGJ5640.tif
10SGJ5641,ca_sierranevada_5_2022_TahoeWest,10,https://prd-tnm.s3.amazonaws.com/StagedProducts/Elevation/OPR/Projects/CA_SierraNevada_B22/CA_SierraNevada_5_2022/TIFF/USGS_OPR_CA_SierraNevada_B22_bh_10SGJ5641.tif
10SGJ5642,ca_sierranevada_5_2022_TahoeWest,10,https://prd-tnm.s3.amazonaws.com/StagedProducts/Elevation/OPR/Projects/CA_SierraNevada_B22/CA_SierraNevada_5_2022/TIFF/USGS_OPR_CA_SierraNevada_B22_bh_10SGJ5642.tif
10SGJ5643,ca_sierranevada_5_2022_TahoeWest,10,https://prd-tnm.s3.amazonaws.com/StagedProducts/Elevation/OPR/Projects/CA_SierraNevada_B22/CA_SierraNevada_5_2022/TIFF/USGS_OPR_CA_SierraNevada_B22_bh_10SGJ5643.tif
10SGJ5644,ca_sierranevada_5_2022_TahoeWest,10,https://prd-tnm.s3.amazonaws.com/StagedProducts/Elevation/OPR/Projects/CA_SierraNevada_B22/CA_SierraNevada_5_2022/TIFF/USGS_OPR_CA_SierraNevada_B22_bh_10SGJ5644.tif
10SGJ5645,ca_sierranevada_5_2022_TahoeWest,10,https://prd-tnm.s3.amazonaws.com/StagedProducts/Elevation/OPR/Projects/CA_SierraNevada_B22/CA_SierraNevada_5_2022/TIFF/USGS_OPR_CA_SierraNevada_B22_bh_10SGJ5645.tif
10SGJ5646,ca_sierranevada_5_2022_TahoeWest,10,https://prd-tnm.s3.amazonaws.com/StagedProducts/Elevation/OPR/Projects/CA_SierraNevada_B22/CA_SierraNevada_5_2022/TIFF/USGS_OPR_CA_SierraNevada_B22_bh_10SGJ5646.tif
10SGJ5647,ca_sierranevada_5_2022_TahoeWest,10,https://prd-tnm.s3.amazonaws.com/StagedProducts/Elevation/OPR/Projects/CA_SierraNevada_B22/CA_SierraNevada_5_2022/TIFF/USGS_OPR_CA_SierraNevada_B22_bh_10SGJ5647.tif
10SGJ5648,ca_sierranevada_5_2022_TahoeWest,10,https://prd-tnm.s3.amazonaws.com/StagedProducts/Elevation/OPR/Projects/CA_SierraNevada_B22/CA_SierraNevada_5_2022/TIFF/USGS_OPR_CA_SierraNevada_B22_bh_10SGJ5648.tif
10SGJ5649,ca_sierranevada_5_2022_TahoeWest,10,https://prd-tnm.s3.amazonaws.com/StagedProducts/Elevation/OPR/Projects/CA_SierraNevada_B22/CA_SierraNevada_5_2022/TIFF/USGS_OPR_CA_SierraNevada_B22_bh_10SGJ5649.tif
10SGJ5700,ca_sierranevada_5_2022_TahoeWest,10,https://prd-tnm.s3.amazonaws.com/StagedProducts/Elevation/OPR/Projects/CA_SierraNevada_B22/CA_SierraNevada_5_2022/TIFF/USGS_OPR_CA_SierraNevada_B22_bh_10SGJ5700.tif
10SGJ5701,ca_sierranevada_5_2022_TahoeWest,10,https://prd-tnm.s3.amazonaws.com/StagedProducts/Elevation/OPR/Projects/CA_SierraNevada_B22/CA_SierraNevada_5_2022/TIFF/USGS_OPR_CA_SierraNevada_B22_bh_10SGJ5701.tif
10SGJ5702,ca_sierranevada_5_2022_TahoeWest,10,https://prd-tnm.s3.amazonaws.com/StagedProducts/Elevation/OPR/Projects/CA_SierraNevada_B22/CA_SierraNevada_5_2022/TIFF/USGS_OPR_CA_SierraNevada_B22_bh_10SGJ5702.tif
10SGJ5703,ca_sierranevada_5_2022_TahoeWest,10,https://prd-tnm.s3.amazonaws.com/StagedProducts/Elevation/OPR/Projects/CA_SierraNevada_B22/CA_SierraNevada_5_2022/TIFF/USGS_OPR_CA_SierraNevada_B22_bh_10SGJ5703.tif
10SGJ5704,ca_sierranevada_5_2022_TahoeWest,10,https://prd-tnm.s3.amazonaws.com/StagedProducts/Elevation/OPR/Projects/CA_SierraNevada_B22/CA_SierraNevada_5_2022/TIFF/USGS_OPR_CA_SierraNevada_B22_bh_10SGJ5704.tif
10SGJ5705,ca_sierranevada_5_2022_TahoeWest,10,https://prd-tnm.s3.amazonaws.com/StagedProducts/Elevation/OPR/Projects/CA_SierraNevada_B22/CA_SierraNevada_5_2022/TIFF/USGS_OPR_CA_SierraNevada_B22_bh_10SGJ5705.tif
10SGJ5706,ca_sierranevada_5_2022_TahoeWest,10,https://prd-tnm.s3.amazonaws.com/StagedProducts/Elevation/OPR/Projects/CA_SierraNevada_B22/CA_SierraNevada_5_2022/TIFF/USGS_OPR_CA_SierraNevada_B22_bh_10SGJ5706.tif
10SGJ5707,ca_sierranevada_5_2022_TahoeWest,10,https://prd-tnm.s3.amazonaws.com/StagedProducts/Elevation/OPR/Projects/CA_SierraNevada_B22/CA_SierraNevada_5_2022/TIFF/USGS_OPR_CA_SierraNevada_B22_bh_10SGJ5707.tif
10SGJ5708,ca_sierranevada_5_2022_TahoeWest,10,https://prd-tnm.s3.amazonaws.com/StagedProducts/Elevation/OPR/Projects/CA_SierraNevada_B22/CA_SierraNevada_5_2022/TIFF/USGS_OPR_CA_SierraNevada_B22_bh_10SGJ5708.tif
10SGJ5709,ca_sierranevada_5_2022_TahoeWest,10,https://prd-tnm.s3.amazonaws.com/StagedProducts/Elevation/OPR/Projects/CA_SierraNevada_B22/CA_SierraNevada_5_2022/TIFF/USGS_OPR_CA_SierraNevada_B22_bh_10SGJ5709.tif
10SGJ5710,ca_sierranevada_5_2022_TahoeWest,10,https://prd-tnm.s3.amazonaws.com/StagedProducts/Elevation/OPR/Projects/CA_SierraNevada_B22/CA_SierraNevada_5_2022/TIFF/USGS_OPR_CA_SierraNevada_B22_bh_10SGJ5710.tif
10SGJ5711,ca_sierranevada_5_2022_TahoeWest,10,https://prd-tnm.s3.amazonaws.com/StagedProducts/Elevation/OPR/Projects/CA_SierraNevada_B22/CA_SierraNevada_5_2022/TIFF/USGS_OPR_CA_SierraNevada_B22_bh_10SGJ5711.tif
10SGJ5712,ca_sierranevada_5_2022_TahoeWest,10,https://prd-tnm.s3.amazonaws.com/StagedProducts/Elevation/OPR/Projects/CA_SierraNevada_B22/CA_SierraNevada_5_2022/TIFF/USGS_OPR_CA_SierraNevada_B22_bh_10SGJ5712.tif
10SGJ5713,ca_sierranevada_5_2022_TahoeWest,10,https://prd-tnm.s3.amazonaws.com/StagedProducts/Elevation/OPR/Projects/CA_SierraNevada_B22/CA_SierraNevada_5_2022/TIFF/USGS_OPR_CA_SierraNevada_B22_bh_10SGJ5713.tif
10SGJ5714,ca_sierranevada_5_2022_TahoeWest,10,https://prd-tnm.s3.amazonaws.com/StagedProducts/Elevation/OPR/Projects/CA_SierraNevada_B22/CA_SierraNevada_5_2022/TIFF/USGS_OPR_CA_SierraNevada_B22_bh_10SGJ5714.tif
10SGJ5715,ca_sierranevada_5_2022_TahoeWest,10,https://prd-tnm.s3.amazonaws.com/StagedProducts/Elevation/OPR/Projects/CA_SierraNevada_B22/CA_SierraNevada_5_2022/TIFF/USGS_OPR_CA_SierraNevada_B22_bh_10SGJ5715.tif
10SGJ5716,ca_sierranevada_5_2022_TahoeWest,10,https://prd-tnm.s3.amazonaws.com/StagedProducts/Elevation/OPR/Projects/CA_SierraNevada_B22/CA_SierraNevada_5_2022/TIFF/USGS_OPR_CA_SierraNevada_B22_bh_10SGJ5716.tif
10SGJ5717,ca_sierranevada_5_2022_TahoeWest,10,https://prd-tnm.s3.amazonaws.com/StagedProducts/Elevation/OPR/Projects/CA_SierraNevada_B22/CA_SierraNevada_5_2022/TIFF/USGS_OPR_CA_SierraNevada_B22_bh_10SGJ5717.tif
10SGJ5718,ca_sierranevada_5_2022_TahoeWest,10,https://prd-tnm.s3.amazonaws.com/StagedProducts/Elevation/OPR/Projects/CA_SierraNevada_B22/CA_SierraNevada_5_2022/TIFF/USGS_OPR_CA_SierraNevada_B22_bh_10SGJ5718.tif
10SGJ5719,ca_sierranevada_5_2022_TahoeWest,10,https://prd-tnm.s3.amazonaws.com/StagedProducts/Elevation/OPR/Projects/CA_SierraNevada_B22/CA_SierraNevada_5_2022/TIFF/USGS_OPR_CA_SierraNevada_B22_bh_10SGJ5719.tif
10SGJ5720,ca_sierranevada_5_2022_TahoeWest,10,https://prd-tnm.s3.amazonaws.com/StagedProducts/Elevation/OPR/Projects/CA_SierraNevada_B22/CA_SierraNevada_5_2022/TIFF/USGS_OPR_CA_SierraNevada_B22_bh_10SGJ5720.tif
10SGJ5721,ca_sierranevada_5_2022_TahoeWest,10,https://prd-tnm.s3.amazonaws.com/StagedProducts/Elevation/OPR/Projects/CA_SierraNevada_B22/CA_SierraNevada_5_2022/TIFF/USGS_OPR_CA_SierraNevada_B22_bh_10SGJ5721.tif
10SGJ5722,ca_sierranevada_5_2022_TahoeWest,10,https://prd-tnm.s3.amazonaws.com/StagedProducts/Elevation/OPR/Projects/CA_SierraNevada_B22/CA_SierraNevada_5_2022/TIFF/USGS_OPR_CA_SierraNevada_B22_bh_10SGJ5722.tif
10SGJ5723,ca_sierranevada_5_2022_TahoeWest,10,https://prd-tnm.s3.amazonaws.com/StagedProducts/Elevation/OPR/Projects/CA_SierraNevada_B22/CA_SierraNevada_5_2022/TIFF/USGS_OPR_CA_SierraNevada_B22_bh_10SGJ5723.tif
10SGJ5724,ca_sierranevada_5_2022_TahoeWest,10,https://prd-tnm.s3.amazonaws.com/StagedProducts/Elevation/OPR/Projects/CA_SierraNevada_B22/CA_SierraNevada_5_2022/TIFF/USGS_OPR_CA_SierraNevada_B22_bh_10SGJ5724.tif
10SGJ5725,ca_sierranevada_5_2022_TahoeWest,10,https://prd-tnm.s3.amazonaws.com/StagedProducts/Elevation/OPR/Projects/CA_SierraNevada_B22/CA_SierraNevada_5_2022/TIFF/USGS_OPR_CA_SierraNevada_B22_bh_10SGJ5725.tif
10SGJ5726,ca_sierranevada_5_2022_TahoeWest,10,https://prd-tnm.s3.amazonaws.com/StagedProducts/Elevation/OPR/Projects/CA_SierraNevada_B22/CA_SierraNevada_5_2022/TIFF/USGS_OPR_CA_SierraNevada_B22_bh_10SGJ5726.tif
10SGJ5727,ca_sierranevada_5_2022_TahoeWest,10,https://prd-tnm.s3.amazonaws.com/StagedProducts/Elevation/OPR/Projects/CA_SierraNevada_B22/CA_SierraNevada_5_2022/TIFF/USGS_OPR_CA_SierraNevada_B22_bh_10SGJ5727.tif
10SGJ5728,ca_sierranevada_5_2022_TahoeWest,10,https://prd-tnm.s3.amazonaws.com/StagedProducts/Elevation/OPR/Projects/CA_SierraNevada_B22/CA_SierraNevada_5_2022/TIFF/USGS_OPR_CA_SierraNevada_B22_bh_10SGJ5728.tif
10SGJ5729,ca_sierranevada_5_2022_TahoeWest,10,https://prd-tnm.s3.amazonaws.com/StagedProducts/Elevation/OPR/Projects/CA_SierraNevada_B22/CA_SierraNevada_5_2022/TIFF/USGS_OPR_CA_SierraNevada_B22_bh_10SGJ5729.tif
10SGJ5730,ca_sierranevada_5_2022_TahoeWest,10,https://prd-tnm.s3.amazonaws.com/StagedProducts/Elevation/OPR/Projects/CA_SierraNevada_B22/CA_SierraNevada_5_2022/TIFF/USGS_OPR_CA_SierraNevada_B22_bh_10SGJ5730.tif
10SGJ5731,ca_sierranevada_5_2022_TahoeWest,10,https://prd-tnm.s3.amazonaws.com/StagedProducts/Elevation/OPR/Projects/CA_SierraNevada_B22/CA_SierraNevada_5_2022/TIFF/USGS_OPR_CA_SierraNevada_B22_bh_10SGJ5731.tif
10SGJ5732,ca_sierranevada_5_2022_TahoeWest,10,https://prd-tnm.s3.amazonaws.com/StagedProducts/Elevation/OPR/Projects/CA_SierraNevada_B22/CA_SierraNevada_5_2022/TIFF/USGS_OPR_CA_SierraNevada_B22_bh_10SGJ5732.tif
10SGJ5733,ca_sierranevada_5_2022_TahoeWest,10,https://prd-tnm.s3.amazonaws.com/StagedProducts/Elevation/OPR/Projects/CA_SierraNevada_B22/CA_SierraNevada_5_2022/TIFF/USGS_OPR_CA_SierraNevada_B22_bh_10SGJ5733.tif
10SGJ5734,ca_sierranevada_5_2022_TahoeWest,10,https://prd-tnm.s3.amazonaws.com/StagedProducts/Elevation/OPR/Projects/CA_SierraNevada_B22/CA_SierraNevada_5_2022/TIFF/USGS_OPR_CA_SierraNevada_B22_bh_10SGJ5734.tif
10SGJ5735,ca_sierranevada_5_2022_TahoeWest,10,https://prd-tnm.s3.amazonaws.com/StagedProducts/Elevation/OPR/Projects/CA_SierraNevada_B22/CA_SierraNevada_5_2022/TIFF/USGS_OPR_CA_SierraNevada_B22_bh_10SGJ5735.tif
10SGJ5736,ca_sierranevada_5_2022_TahoeWest,10,https://prd-tnm.s3.amazonaws.com/StagedProducts/Elevation/OPR/Projects/CA_SierraNevada_B22/CA_SierraNevada_5_2022/TIFF/USGS_OPR_CA_SierraNevada_B22_bh_10SGJ5736.tif
10SGJ5737,ca_sierranevada_5_2022_TahoeWest,10,https://prd-tnm.s3.amazonaws.com/StagedProducts/Elevation/OPR/Projects/CA_SierraNevada_B22/CA_SierraNevada_5_2022/TIFF/USGS_OPR_CA_SierraNevada_B22_bh_10SGJ5737.tif
10SGJ5738,ca_sierranevada_5_2022_TahoeWest,10,https://prd-tnm.s3.amazonaws.com/StagedProducts/Elevation/OPR/Projects/CA_SierraNevada_B22/CA_SierraNevada_5_2022/TIFF/USGS_OPR_CA_SierraNevada_B22_bh_10SGJ5738.tif
10SGJ5739,ca_sierranevada_5_2022_TahoeWest,10,https://prd-tnm.s3.amazonaws.com/StagedProducts/Elevation/OPR/Projects/CA_SierraNevada_B22/CA_SierraNevada_5_2022/TIFF/USGS_OPR_CA_SierraNevada_B22_bh_10SGJ5739.tif
10SGJ5740,ca_sierranevada_5_2022_TahoeWest,10,https://prd-tnm.s3.amazonaws.com/StagedProducts/Elevation/OPR/Projects/CA_SierraNevada_B22/CA_SierraNevada_5_2022/TIFF/USGS_OPR_CA_SierraNevada_B22_bh_10SGJ5740.tif
10SGJ5741,ca_sierranevada_5_2022_TahoeWest,10,https://prd-tnm.s3.amazonaws.com/StagedProducts/Elevation/OPR/Projects/CA_SierraNevada_B22/CA_SierraNevada_5_2022/TIFF/USGS_OPR_CA_SierraNevada_B22_bh_10SGJ5741.tif
10SGJ5742,ca_sierranevada_5_2022_TahoeWest,10,https://prd-tnm.s3.amazonaws.com/StagedProducts/Elevation/OPR/Projects/CA_SierraNevada_B22/CA_SierraNevada_5_2022/TIFF/USGS_OPR_CA_SierraNevada_B22_bh_10SGJ5742.tif
10SGJ5743,ca_sierranevada_5_2022_TahoeWest,10,https://prd-tnm.s3.amazonaws.com/StagedProducts/Elevation/OPR/Projects/CA_SierraNevada_B22/CA_SierraNevada_5_2022/TIFF/USGS_OPR_CA_SierraNevada_B22_bh_10SGJ5743.tif
10SGJ5744,ca_sierranevada_5_2022_TahoeWest,10,https://prd-tnm.s3.amazonaws.com/StagedProducts/Elevation/OPR/Projects/CA_SierraNevada_B22/CA_SierraNevada_5_2022/TIFF/USGS_OPR_CA_SierraNevada_B22_bh_10SGJ5744.tif
10SGJ5745,ca_sierranevada_5_2022_TahoeWest,10,https://prd-tnm.s3.amazonaws.com/StagedProducts/Elevation/OPR/Projects/CA_SierraNevada_B22/CA_SierraNevada_5_2022/TIFF/USGS_OPR_CA_SierraNevada_B22_bh_10SGJ5745.tif
10SGJ5746,ca_sierranevada_5_2022_TahoeWest,10,https://prd-tnm.s3.amazonaws.com/StagedProducts/Elevation/OPR/Projects/CA_SierraNevada_B22/CA_SierraNevada_5_2022/TIFF/USGS_OPR_CA_SierraNevada_B22_bh_10SGJ5746.tif
10SGJ5747,ca_sierranevada_5_2022_TahoeWest,10,https://prd-tnm.s3.amazonaws.com/StagedProducts/Elevation/OPR/Projects/CA_SierraNevada_B22/CA_SierraNevada_5_2022/TIFF/USGS_OPR_CA_SierraNevada_B22_bh_10SGJ5747.tif
10SGJ5748,ca_sierranevada_5_2022_TahoeWest,10,https://prd-tnm.s3.amazonaws.com/StagedProducts/Elevation/OPR/Projects/CA_SierraNevada_B22/CA_SierraNevada_5_2022/TIFF/USGS_OPR_CA_SierraNevada_B22_bh_10SGJ5748.tif
10SGJ5749,ca_sierranevada_5_2022_TahoeWest,10,https://prd-tnm.s3.amazonaws.com/StagedProducts/Elevation/OPR/Projects/CA_SierraNevada_B22/CA_SierraNevada_5_2022/TIFF/USGS_OPR_CA_SierraNevada_B22_bh_10SGJ5749.tif
10SGJ5800,ca_sierranevada_5_2022_TahoeWest,10,https://prd-tnm.s3.amazonaws.com/StagedProducts/Elevation/OPR/Projects/CA_SierraNevada_B22/CA_SierraNevada_5_2022/TIFF/USGS_OPR_CA_SierraNevada_B22_bh_10SGJ5800.tif
10SGJ5801,ca_sierranevada_5_2022_TahoeWest,10,https://prd-tnm.s3.amazonaws.com/StagedProducts/Elevation/OPR/Projects/CA_SierraNevada_B22/CA_SierraNevada_5_2022/TIFF/USGS_OPR_CA_SierraNevada_B22_bh_10SGJ5801.tif
10SGJ5802,ca_sierranevada_5_2022_TahoeWest,10,https://prd-tnm.s3.amazonaws.com/StagedProducts/Elevation/OPR/Projects/CA_SierraNevada_B22/CA_SierraNevada_5_2022/TIFF/USGS_OPR_CA_SierraNevada_B22_bh_10SGJ5802.tif
10SGJ5803,ca_sierranevada_5_2022_TahoeWest,10,https://prd-tnm.s3.amazonaws.com/StagedProducts/Elevation/OPR/Projects/CA_SierraNevada_B22/CA_SierraNevada_5_2022/TIFF/USGS_OPR_CA_SierraNevada_B22_bh_10SGJ5803.tif
10SGJ5804,ca_sierranevada_5_2022_TahoeWest,10,https://prd-tnm.s3.amazonaws.com/StagedProducts/Elevation/OPR/Projects/CA_SierraNevada_B22/CA_SierraNevada_5_2022/TIFF/USGS_OPR_CA_SierraNevada_B22_bh_10SGJ5804.tif
10SGJ5805,ca_sierranevada_5_2022_TahoeWest,10,https://prd-tnm.s3.amazonaws.com/StagedProducts/Elevation/OPR/Projects/CA_SierraNevada_B22/CA_SierraNevada_5_2022/TIFF/USGS_OPR_CA_SierraNevada_B22_bh_10SGJ5805.tif
10SGJ5806,ca_sierranevada_5_2022_TahoeWest,10,https://prd-tnm.s3.amazonaws.com/StagedProducts/Elevation/OPR/Projects/CA_SierraNevada_B22/CA_SierraNevada_5_2022/TIFF/USGS_OPR_CA_SierraNevada_B22_bh_10SGJ5806.tif
10SGJ5807,ca_sierranevada_5_2022_TahoeWest,10,https://prd-tnm.s3.amazonaws.com/StagedProducts/Elevation/OPR/Projects/CA_SierraNevada_B22/CA_SierraNevada_5_2022/TIFF/USGS_OPR_CA_SierraNevada_B22_bh_10SGJ5807.tif
10SGJ5808,ca_sierranevada_5_2022_TahoeWest,10,https://prd-tnm.s3.amazonaws.com/StagedProducts/Elevation/OPR/Projects/CA_SierraNevada_B22/CA_SierraNevada_5_2022/TIFF/USGS_OPR_CA_SierraNevada_B22_bh_10SGJ5808.tif
10SGJ5809,ca_sierranevada_5_2022_TahoeWest,10,https://prd-tnm.s3.amazonaws.com/StagedProducts/Elevation/OPR/Projects/CA_SierraNevada_B22/CA_SierraNevada_5_2022/TIFF/USGS_OPR_CA_SierraNevada_B22_bh_10SGJ5809.tif
10SGJ5810,ca_sierranevada_5_2022_TahoeWest,10,https://prd-tnm.s3.amazonaws.com/StagedProducts/Elevation/OPR/Projects/CA_SierraNevada_B22/CA_SierraNevada_5_2022/TIFF/USGS_OPR_CA_SierraNevada_B22_bh_10SGJ5810.tif
10SGJ5811,ca_sierranevada_5_2022_TahoeWest,10,https://prd-tnm.s3.amazonaws.com/StagedProducts/Elevation/OPR/Projects/CA_SierraNevada_B22/CA_SierraNevada_5_2022/TIFF/USGS_OPR_CA_SierraNevada_B22_bh_10SGJ5811.tif
10SGJ5812,ca_sierranevada_5_2022_TahoeWest,10,https://prd-tnm.s3.amazonaws.com/StagedProducts/Elevation/OPR/Projects/CA_SierraNevada_B22/CA_SierraNevada_5_2022/TIFF/USGS_OPR_CA_SierraNevada_B22_bh_10SGJ5812.tif
10SGJ5813,ca_sierranevada_5_2022_TahoeWest,10,https://prd-tnm.s3.amazonaws.com/StagedProducts/Elevation/OPR/Projects/CA_SierraNevada_B22/CA_SierraNevada_5_2022/TIFF/USGS_OPR_CA_SierraNevada_B22_bh_10SGJ5813.tif
10SGJ5814,ca_sierranevada_5_2022_TahoeWest,10,https://prd-tnm.s3.amazonaws.com/StagedProducts/Elevation/OPR/Projects/CA_SierraNevada_B22/CA_SierraNevada_5_2022/TIFF/USGS_OPR_CA_SierraNevada_B22_bh_10SGJ5814.tif
10SGJ5815,ca_sierranevada_5_2022_TahoeWest,10,https://prd-tnm.s3.amazonaws.com/StagedProducts/Elevation/OPR/Projects/CA_SierraNevada_B22/CA_SierraNevada_5_2022/TIFF/USGS_OPR_CA_SierraNevada_B22_bh_10SGJ5815.tif
10SGJ5816,ca_sierranevada_5_2022_TahoeWest,10,https://prd-tnm.s3.amazonaws.com/StagedProducts/Elevation/OPR/Projects/CA_SierraNevada_B22/CA_SierraNevada_5_2022/TIFF/USGS_OPR_CA_SierraNevada_B22_bh_10SGJ5816.tif
10SGJ5817,ca_sierranevada_5_2022_TahoeWest,10,https://prd-tnm.s3.amazonaws.com/StagedProducts/Elevation/OPR/Projects/CA_SierraNevada_B22/CA_SierraNevada_5_2022/TIFF/USGS_OPR_CA_SierraNevada_B22_bh_10SGJ5817.tif
10SGJ5818,ca_sierranevada_5_2022_TahoeWest,10,https://prd-tnm.s3.amazonaws.com/StagedProducts/Elevation/OPR/Projects/CA_SierraNevada_B22/CA_SierraNevada_5_2022/TIFF/USGS_OPR_CA_SierraNevada_B22_bh_10SGJ5818.tif
10SGJ5819,ca_sierranevada_5_2022_TahoeWest,10,https://prd-tnm.s3.amazonaws.com/StagedProducts/Elevation/OPR/Projects/CA_SierraNevada_B22/CA_SierraNevada_5_2022/TIFF/USGS_OPR_CA_SierraNevada_B22_bh_10SGJ5819.tif
10SGJ5820,ca_sierranevada_5_2022_TahoeWest,10,https://prd-tnm.s3.amazonaws.com/StagedProducts/Elevation/OPR/Projects/CA_SierraNevada_B22/CA_SierraNevada_5_2022/TIFF/USGS_OPR_CA_SierraNevada_B22_bh_10SGJ5820.tif
10SGJ5821,ca_sierranevada_5_2022_TahoeWest,10,https://prd-tnm.s3.amazonaws.com/StagedProducts/Elevation/OPR/Projects/CA_SierraNevada_B22/CA_SierraNevada_5_2022/TIFF/USGS_OPR_CA_SierraNevada_B22_bh_10SGJ5821.tif
10SGJ5822,ca_sierranevada_5_2022_TahoeWest,10,https://prd-tnm.s3.amazonaws.com/StagedProducts/Elevation/OPR/Projects/CA_SierraNevada_B22/CA_SierraNevada_5_2022/TIFF/USGS_OPR_CA_SierraNevada_B22_bh_10SGJ5822.tif
10SGJ5823,ca_sierranevada_5_2022_TahoeWest,10,https://prd-tnm.s3.amazonaws.com/StagedProducts/Elevation/OPR/Projects/CA_SierraNevada_B22/CA_SierraNevada_5_2022/TIFF/USGS_OPR_CA_SierraNevada_B22_bh_10SGJ5823.tif
10SGJ5824,ca_sierranevada_5_2022_TahoeWest,10,https://prd-tnm.s3.amazonaws.com/StagedProducts/Elevation/OPR/Projects/CA_SierraNevada_B22/CA_SierraNevada_5_2022/TIFF/USGS_OPR_CA_SierraNevada_B22_bh_10SGJ5824.tif
10SGJ5825,ca_sierranevada_5_2022_TahoeWest,10,https://prd-tnm.s3.amazonaws.com/StagedProducts/Elevation/OPR/Projects/CA_SierraNevada_B22/CA_SierraNevada_5_2022/TIFF/USGS_OPR_CA_SierraNevada_B22_bh_10SGJ5825.tif
10SGJ5826,ca_sierranevada_5_2022_TahoeWest,10,https://prd-tnm.s3.amazonaws.com/StagedProducts/Elevation/OPR/Projects/CA_SierraNevada_B22/CA_SierraNevada_5_2022/TIFF/USGS_OPR_CA_SierraNevada_B22_bh_10SGJ5826.tif
10SGJ5827,ca_sierranevada_5_2022_TahoeWest,10,https://prd-tnm.s3.amazonaws.com/StagedProducts/Elevation/OPR/Projects/CA_SierraNevada_B22/CA_SierraNevada_5_2022/TIFF/USGS_OPR_CA_SierraNevada_B22_bh_10SGJ5827.tif
10SGJ5828,ca_sierranevada_5_2022_TahoeWest,10,https://prd-tnm.s3.amazonaws.com/StagedProducts/Elevation/OPR/Projects/CA_SierraNevada_B22/CA_SierraNevada_5_2022/TIFF/USGS_OPR_CA_SierraNevada_B22_bh_10SGJ5828.tif
10SGJ5829,ca_sierranevada_5_2022_TahoeWest,10,https://prd-tnm.s3.amazonaws.com/StagedProducts/Elevation/OPR/Projects/CA_SierraNevada_B22/CA_SierraNevada_5_2022/TIFF/USGS_OPR_CA_SierraNevada_B22_bh_10SGJ5829.tif
10SGJ5830,ca_sierranevada_5_2022_TahoeWest,10,https://prd-tnm.s3.amazonaws.com/StagedProducts/Elevation/OPR/Projects/CA_SierraNevada_B22/CA_SierraNevada_5_2022/TIFF/USGS_OPR_CA_SierraNevada_B22_bh_10SGJ5830.tif
10SGJ5831,ca_sierranevada_5_2022_TahoeWest,10,https://prd-tnm.s3.amazonaws.com/StagedProducts/Elevation/OPR/Projects/CA_SierraNevada_B22/CA_SierraNevada_5_2022/TIFF/USGS_OPR_CA_SierraNevada_B22_bh_10SGJ5831.tif
10SGJ5832,ca_sierranevada_5_2022_TahoeWest,10,https://prd-tnm.s3.amazonaws.com/StagedProducts/Elevation/OPR/Projects/CA_SierraNevada_B22/CA_SierraNevada_5_2022/TIFF/USGS_OPR_CA_SierraNevada_B22_bh_10SGJ5832.tif
10SGJ5833,ca_sierranevada_5_2022_TahoeWest,10,https://prd-tnm.s3.amazonaws.com/StagedProducts/Elevation/OPR/Projects/CA_SierraNevada_B22/CA_SierraNevada_5_2022/TIFF/USGS_OPR_CA_SierraNevada_B22_bh_10SGJ5833.tif
10SGJ5834,ca_sierranevada_5_2022_TahoeWest,10,https://prd-tnm.s3.amazonaws.com/StagedProducts/Elevation/OPR/Projects/CA_SierraNevada_B22/CA_SierraNevada_5_2022/TIFF/USGS_OPR_CA_SierraNevada_B22_bh_10SGJ5834.tif
10SGJ5835,ca_sierranevada_5_2022_TahoeWest,10,https://prd-tnm.s3.amazonaws.com/StagedProducts/Elevation/OPR/Projects/CA_SierraNevada_B22/CA_SierraNevada_5_2022/TIFF/USGS_OPR_CA_SierraNevada_B22_bh_10SGJ5835.tif
10SGJ5836,ca_sierranevada_5_2022_TahoeWest,10,https://prd-tnm.s3.amazonaws.com/StagedProducts/Elevation/OPR/Projects/CA_SierraNevada_B22/CA_SierraNevada_5_2022/TIFF/USGS_OPR_CA_SierraNevada_B22_bh_10SGJ5836.tif
10SGJ5837,ca_sierranevada_5_2022_TahoeWest,10,https://prd-tnm.s3.amazonaws.com/StagedProducts/Elevation/OPR/Projects/CA_SierraNevada_B22/CA_SierraNevada_5_2022/TIFF/USGS_OPR_CA_SierraNevada_B22_bh_10SGJ5837.tif
10SGJ5838,ca_sierranevada_5_2022_TahoeWest,10,https://prd-tnm.s3.amazonaws.com/StagedProducts/Elevation/OPR/Projects/CA_SierraNevada_B22/CA_SierraNevada_5_2022/TIFF/USGS_OPR_CA_SierraNevada_B22_bh_10SGJ5838.tif
10SGJ5839,ca_sierranevada_5_2022_TahoeWest,10,https://prd-tnm.s3.amazonaws.com/StagedProducts/Elevation/OPR/Projects/CA_SierraNevada_B22/CA_SierraNevada_5_2022/TIFF/USGS_OPR_CA_SierraNevada_B22_bh_10SGJ5839.tif
10SGJ5840,ca_sierranevada_5_2022_TahoeWest,10,https://prd-tnm.s3.amazonaws.com/StagedProducts/Elevation/OPR/Projects/CA_SierraNevada_B22/CA_SierraNevada_5_2022/TIFF/USGS_OPR_CA_SierraNevada_B22_bh_10SGJ5840.tif
10SGJ5841,ca_sierranevada_5_2022_TahoeWest,10,https://prd-tnm.s3.amazonaws.com/StagedProducts/Elevation/OPR/Projects/CA_SierraNevada_B22/CA_SierraNevada_5_2022/TIFF/USGS_OPR_CA_SierraNevada_B22_bh_10SGJ5841.tif
10SGJ5842,ca_sierranevada_5_2022_TahoeWest,10,https://prd-tnm.s3.amazonaws.com/StagedProducts/Elevation/OPR/Projects/CA_SierraNevada_B22/CA_SierraNevada_5_2022/TIFF/USGS_OPR_CA_SierraNevada_B22_bh_10SGJ5842.tif
10SGJ5843,ca_sierranevada_5_2022_TahoeWest,10,https://prd-tnm.s3.amazonaws.com/StagedProducts/Elevation/OPR/Projects/CA_SierraNevada_B22/CA_SierraNevada_5_2022/TIFF/USGS_OPR_CA_SierraNevada_B22_bh_10SGJ5843.tif
10SGJ5844,ca_sierranevada_5_2022_TahoeWest,10,https://prd-tnm.s3.amazonaws.com/StagedProducts/Elevation/OPR/Projects/CA_SierraNevada_B22/CA_SierraNevada_5_2022/TIFF/USGS_OPR_CA_SierraNevada_B22_bh_10SGJ5844.tif
10SGJ5845,ca_sierranevada_5_2022_TahoeWest,10,https://prd-tnm.s3.amazonaws.com/StagedProducts/Elevation/OPR/Projects/CA_SierraNevada_B22/CA_SierraNevada_5_2022/TIFF/USGS_OPR_CA_SierraNevada_B22_bh_10SGJ5845.tif
10SGJ5846,ca_sierranevada_5_2022_TahoeWest,10,https://prd-tnm.s3.amazonaws.com/StagedProducts/Elevation/OPR/Projects/CA_SierraNevada_B22/CA_SierraNevada_5_2022/TIFF/USGS_OPR_CA_SierraNevada_B22_bh_10SGJ5846.tif
10SGJ5847,ca_sierranevada_5_2022_TahoeWest,10,https://prd-tnm.s3.amazonaws.com/StagedProducts/Elevation/OPR/Projects/CA_SierraNevada_B22/CA_SierraNevada_5_2022/TIFF/USGS_OPR_CA_SierraNevada_B22_bh_10SGJ5847.tif
10SGJ5848,ca_sierranevada_5_2022_TahoeWest,10,https://prd-tnm.s3.amazonaws.com/StagedProducts/Elevation/OPR/Projects/CA_SierraNevada_B22/CA_SierraNevada_5_2022/TIFF/USGS_OPR_CA_SierraNevada_B22_bh_10SGJ5848.tif
10SGJ5849,ca_sierranevada_5_2022_TahoeWest,10,https://prd-tnm.s3.amazonaws.com/StagedProducts/Elevation/OPR/Projects/CA_SierraNevada_B22/CA_SierraNevada_5_2022/TIFF/USGS_OPR_CA_SierraNevada_B22_bh_10SGJ5849.tif
10SGJ5900,ca_sierranevada_5_2022_TahoeWest,10,https://prd-tnm.s3.amazonaws.com/StagedProducts/Elevation/OPR/Projects/CA_SierraNevada_B22/CA_SierraNevada_5_2022/TIFF/USGS_OPR_CA_SierraNevada_B22_bh_10SGJ5900.tif
10SGJ5901,ca_sierranevada_5_2022_TahoeWest,10,https://prd-tnm.s3.amazonaws.com/StagedProducts/Elevation/OPR/Projects/CA_SierraNevada_B22/CA_SierraNevada_5_2022/TIFF/USGS_OPR_CA_SierraNevada_B22_bh_10SGJ5901.tif
10SGJ5902,ca_sierranevada_5_2022_TahoeWest,10,https://prd-tnm.s3.amazonaws.com/StagedProducts/Elevation/OPR/Projects/CA_SierraNevada_B22/CA_SierraNevada_5_2022/TIFF/USGS_OPR_CA_SierraNevada_B22_bh_10SGJ5902.tif
10SGJ5903,ca_sierranevada_5_2022_TahoeWest,10,https://prd-tnm.s3.amazonaws.com/StagedProducts/Elevation/OPR/Projects/CA_SierraNevada_B22/CA_SierraNevada_5_2022/TIFF/USGS_OPR_CA_SierraNevada_B22_bh_10SGJ5903.tif
10SGJ5904,ca_sierranevada_5_2022_TahoeWest,10,https://prd-tnm.s3.amazonaws.com/StagedProducts/Elevation/OPR/Projects/CA_SierraNevada_B22/CA_SierraNevada_5_2022/TIFF/USGS_OPR_CA_SierraNevada_B22_bh_10SGJ5904.tif
10SGJ5905,ca_sierranevada_5_2022_TahoeWest,10,https://prd-tnm.s3.amazonaws.com/StagedProducts/Elevation/OPR/Projects/CA_SierraNevada_B22/CA_SierraNevada_5_2022/TIFF/USGS_OPR_CA_SierraNevada_B22_bh_10SGJ5905.tif
10SGJ5906,ca_sierranevada_5_2022_TahoeWest,10,https://prd-tnm.s3.amazonaws.com/StagedProducts/Elevation/OPR/Projects/CA_SierraNevada_B22/CA_SierraNevada_5_2022/TIFF/USGS_OPR_CA_SierraNevada_B22_bh_10SGJ5906.tif
10SGJ5907,ca_sierranevada_5_2022_TahoeWest,10,https://prd-tnm.s3.amazonaws.com/StagedProducts/Elevation/OPR/Projects/CA_SierraNevada_B22/CA_SierraNevada_5_2022/TIFF/USGS_OPR_CA_SierraNevada_B22_bh_10SGJ5907.tif
10SGJ5908,ca_sierranevada_5_2022_TahoeWest,10,https://prd-tnm.s3.amazonaws.com/StagedProducts/Elevation/OPR/Projects/CA_SierraNevada_B22/CA_SierraNevada_5_2022/TIFF/USGS_OPR_CA_SierraNevada_B22_bh_10SGJ5908.tif
10SGJ5909,ca_sierranevada_5_2022_TahoeWest,10,https://prd-tnm.s3.amazonaws.com/StagedProducts/Elevation/OPR/Projects/CA_SierraNevada_B22/CA_SierraNevada_5_2022/TIFF/USGS_OPR_CA_SierraNevada_B22_bh_10SGJ5909.tif
10SGJ5910,ca_sierranevada_5_2022_TahoeWest,10,https://prd-tnm.s3.amazonaws.com/StagedProducts/Elevation/OPR/Projects/CA_SierraNevada_B22/CA_SierraNevada_5_2022/TIFF/USGS_OPR_CA_SierraNevada_B22_bh_10SGJ5910.tif
10SGJ5911,ca_sierranevada_5_2022_TahoeWest,10,https://prd-tnm.s3.amazonaws.com/StagedProducts/Elevation/OPR/Projects/CA_SierraNevada_B22/CA_SierraNevada_5_2022/TIFF/USGS_OPR_CA_SierraNevada_B22_bh_10SGJ5911.tif
10SGJ5912,ca_sierranevada_5_2022_TahoeWest,10,https://prd-tnm.s3.amazonaws.com/StagedProducts/Elevation/OPR/Projects/CA_SierraNevada_B22/CA_SierraNevada_5_2022/TIFF/USGS_OPR_CA_SierraNevada_B22_bh_10SGJ5912.tif
10SGJ5913,ca_sierranevada_5_2022_TahoeWest,10,https://prd-tnm.s3.amazonaws.com/StagedProducts/Elevation/OPR/Projects/CA_SierraNevada_B22/CA_SierraNevada_5_2022/TIFF/USGS_OPR_CA_SierraNevada_B22_bh_10SGJ5913.tif
10SGJ5914,ca_sierranevada_5_2022_TahoeWest,10,https://prd-tnm.s3.amazonaws.com/StagedProducts/Elevation/OPR/Projects/CA_SierraNevada_B22/CA_SierraNevada_5_2022/TIFF/USGS_OPR_CA_SierraNevada_B22_bh_10SGJ5914.tif
10SGJ5915,ca_sierranevada_5_2022_TahoeWest,10,https://prd-tnm.s3.amazonaws.com/StagedProducts/Elevation/OPR/Projects/CA_SierraNevada_B22/CA_SierraNevada_5_2022/TIFF/USGS_OPR_CA_SierraNevada_B22_bh_10SGJ5915.tif
10SGJ5916,ca_sierranevada_5_2022_TahoeWest,10,https://prd-tnm.s3.amazonaws.com/StagedProducts/Elevation/OPR/Projects/CA_SierraNevada_B22/CA_SierraNevada_5_2022/TIFF/USGS_OPR_CA_SierraNevada_B22_bh_10SGJ5916.tif
10SGJ5917,ca_sierranevada_5_2022_TahoeWest,10,https://prd-tnm.s3.amazonaws.com/StagedProducts/Elevation/OPR/Projects/CA_SierraNevada_B22/CA_SierraNevada_5_2022/TIFF/USGS_OPR_CA_SierraNevada_B22_bh_10SGJ5917.tif
10SGJ5918,ca_sierranevada_5_2022_TahoeWest,10,https://prd-tnm.s3.amazonaws.com/StagedProducts/Elevation/OPR/Projects/CA_SierraNevada_B22/CA_SierraNevada_5_2022/TIFF/USGS_OPR_CA_SierraNevada_B22_bh_10SGJ5918.tif
10SGJ5919,ca_sierranevada_5_2022_TahoeWest,10,https://prd-tnm.s3.amazonaws.com/StagedProducts/Elevation/OPR/Projects/CA_SierraNevada_B22/CA_SierraNevada_5_2022/TIFF/USGS_OPR_CA_SierraNevada_B22_bh_10SGJ5919.tif
10SGJ5920,ca_sierranevada_5_2022_TahoeWest,10,https://prd-tnm.s3.amazonaws.com/StagedProducts/Elevation/OPR/Projects/CA_SierraNevada_B22/CA_SierraNevada_5_2022/TIFF/USGS_OPR_CA_SierraNevada_B22_bh_10SGJ5920.tif
10SGJ5921,ca_sierranevada_5_2022_TahoeWest,10,https://prd-tnm.s3.amazonaws.com/StagedProducts/Elevation/OPR/Projects/CA_SierraNevada_B22/CA_SierraNevada_5_2022/TIFF/USGS_OPR_CA_SierraNevada_B22_bh_10SGJ5921.tif
10SGJ5922,ca_sierranevada_5_2022_TahoeWest,10,https://prd-tnm.s3.amazonaws.com/StagedProducts/Elevation/OPR/Projects/CA_SierraNevada_B22/CA_SierraNevada_5_2022/TIFF/USGS_OPR_CA_SierraNevada_B22_bh_10SGJ5922.tif
10SGJ5923,ca_sierranevada_5_2022_TahoeWest,10,https://prd-tnm.s3.amazonaws.com/StagedProducts/Elevation/OPR/Projects/CA_SierraNevada_B22/CA_SierraNevada_5_2022/TIFF/USGS_OPR_CA_SierraNevada_B22_bh_10SGJ5923.tif
10SGJ5924,ca_sierranevada_5_2022_TahoeWest,10,https://prd-tnm.s3.amazonaws.com/StagedProducts/Elevation/OPR/Projects/CA_SierraNevada_B22/CA_SierraNevada_5_2022/TIFF/USGS_OPR_CA_SierraNevada_B22_bh_10SGJ5924.tif
10SGJ5925,ca_sierranevada_5_2022_TahoeWest,10,https://prd-tnm.s3.amazonaws.com/StagedProducts/Elevation/OPR/Projects/CA_SierraNevada_B22/CA_SierraNevada_5_2022/TIFF/USGS_OPR_CA_SierraNevada_B22_bh_10SGJ5925.tif
10SGJ5926,ca_sierranevada_5_2022_TahoeWest,10,https://prd-tnm.s3.amazonaws.com/StagedProducts/Elevation/OPR/Projects/CA_SierraNevada_B22/CA_SierraNevada_5_2022/TIFF/USGS_OPR_CA_SierraNevada_B22_bh_10SGJ5926.tif
10SGJ5927,ca_sierranevada_5_2022_TahoeWest,10,https://prd-tnm.s3.amazonaws.com/StagedProducts/Elevation/OPR/Projects/CA_SierraNevada_B22/CA_SierraNevada_5_2022/TIFF/USGS_OPR_CA_SierraNevada_B22_bh_10SGJ5927.tif
10SGJ5928,ca_sierranevada_5_2022_TahoeWest,10,https://prd-tnm.s3.amazonaws.com/StagedProducts/Elevation/OPR/Projects/CA_SierraNevada_B22/CA_SierraNevada_5_2022/TIFF/USGS_OPR_CA_SierraNevada_B22_bh_10SGJ5928.tif
10SGJ5929,ca_sierranevada_5_2022_TahoeWest,10,https://prd-tnm.s3.amazonaws.com/StagedProducts/Elevation/OPR/Projects/CA_SierraNevada_B22/CA_SierraNevada_5_2022/TIFF/USGS_OPR_CA_SierraNevada_B22_bh_10SGJ5929.tif
10SGJ4445,ca_sierranevada_6_2022,10,https://prd-tnm.s3.amazonaws.com/StagedProducts/Elevation/OPR/Projects/CA_SierraNevada_B22/CA_SierraNevada_6_2022/TIFF/USGS_OPR_CA_SierraNevada_B22_bh_10SGJ4445.tif
10SGJ4545,ca_sierranevada_6_2022,10,https://prd-tnm.s3.amazonaws.com/StagedProducts/Elevation/OPR/Projects/CA_SierraNevada_B22/CA_SierraNevada_6_2022/TIFF/USGS_OPR_CA_SierraNevada_B22_bh_10SGJ4545.tif
10SGJ4646,ca_sierranevada_6_2022,10,https://prd-tnm.s3.amazonaws.com/StagedProducts/Elevation/OPR/Projects/CA_SierraNevada_B22/CA_SierraNevada_6_2022/TIFF/USGS_OPR_CA_SierraNevada_B22_bh_10SGJ4646.tif
10SGJ4647,ca_sierranevada_6_2022,10,https://prd-tnm.s3.amazonaws.com/StagedProducts/Elevation/OPR/Projects/CA_SierraNevada_B22/CA_SierraNevada_6_2022/TIFF/USGS_OPR_CA_SierraNevada_B22_bh_10SGJ4647.tif
10SGJ4747,ca_sierranevada_6_2022,10,https://prd-tnm.s3.amazonaws.com/StagedProducts/Elevation/OPR/Projects/CA_SierraNevada_B22/CA_SierraNevada_6_2022/TIFF/USGS_OPR_CA_SierraNevada_B22_bh_10SGJ4747.tif
10SGJ4748,ca_sierranevada_6_2022,10,https://prd-tnm.s3.amazonaws.com/StagedProducts/Elevation/OPR/Projects/CA_SierraNevada_B22/CA_SierraNevada_6_2022/TIFF/USGS_OPR_CA_SierraNevada_B22_bh_10SGJ4748.tif
10SGJ4847,ca_sierranevada_6_2022,10,https://prd-tnm.s3.amazonaws.com/StagedProducts/Elevation/OPR/Projects/CA_SierraNevada_B22/CA_SierraNevada_6_2022/TIFF/USGS_OPR_CA_SierraNevada_B22_bh_10SGJ4847.tif
10SGJ4848,ca_sierranevada_6_2022,10,https://prd-tnm.s3.amazonaws.com/StagedProducts/Elevation/OPR/Projects/CA_SierraNevada_B22/CA_SierraNevada_6_2022/TIFF/USGS_OPR_CA_SierraNevada_B22_bh_10SGJ4848.tif
10SGJ4948,ca_sierranevada_6_2022,10,https://prd-tnm.s3.amazonaws.com/StagedProducts/Elevation/OPR/Projects/CA_SierraNevada_B22/CA_SierraNevada_6_2022/TIFF/USGS_OPR_CA_SierraNevada_B22_bh_10SGJ4948.tif
10SGJ5049,ca_sierranevada_6_2022,10,https://prd-tnm.s3.amazonaws.com/StagedProducts/Elevation/OPR/Projects/CA_SierraNevada_B22/CA_SierraNevada_6_2022/TIFF/USGS_OPR_CA_SierraNevada_B22_bh_10SGJ5049.tif
10SGJ5149,ca_sierranevada_6_2022,10,https://prd-tnm.s3.amazonaws.com/StagedProducts/Elevation/OPR/Projects/CA_SierraNevada_B22/CA_SierraNevada_6_2022/TIFF/USGS_OPR_CA_SierraNevada_B22_bh_10SGJ5149.tif
10SGJ5150,ca_sierranevada_6_2022,10,https://prd-tnm.s3.amazonaws.com/StagedProducts/Elevation/OPR/Projects/CA_SierraNevada_B22/CA_SierraNevada_6_2022/TIFF/USGS_OPR_CA_SierraNevada_B22_bh_10SGJ5150.tif
10SGJ5249,ca_sierranevada_6_2022,10,https://prd-tnm.s3.amazonaws.com/StagedProducts/Elevation/OPR/Projects/CA_SierraNevada_B22/CA_SierraNevada_6_2022/TIFF/USGS_OPR_CA_SierraNevada_B22_bh_10SGJ5249.tif
10SGJ5250,ca_sierranevada_6_2022,10,https://prd-tnm.s3.amazonaws.com/StagedProducts/Elevation/OPR/Projects/CA_SierraNevada_B22/CA_SierraNevada_6_2022/TIFF/USGS_OPR_CA_SierraNevada_B22_bh_10SGJ5250.tif
10SGJ5350,ca_sierranevada_6_2022,10,https://prd-tnm.s3.amazonaws.com/StagedProducts/Elevation/OPR/Projects/CA_SierraNevada_B22/CA_SierraNevada_6_2022/TIFF/USGS_OPR_CA_SierraNevada_B22_bh_10SGJ5350.tif
10SGJ5450,ca_sierranevada_6_2022,10,https://prd-tnm.s3.amazonaws.com/StagedProducts/Elevation/OPR/Projects/CA_SierraNevada_B22/CA_SierraNevada_6_2022/TIFF/USGS_OPR_CA_SierraNevada_B22_bh_10SGJ5450.tif
10SGJ5451,ca_sierranevada_6_2022,10,https://prd-tnm.s3.amazonaws.com/StagedProducts/Elevation/OPR/Projects/CA_SierraNevada_B22/CA_SierraNevada_6_2022/TIFF/USGS_OPR_CA_SierraNevada_B22_bh_10SGJ5451.tif
10SGJ5452,ca_sierranevada_6_2022,10,https://prd-tnm.s3.amazonaws.com/StagedProducts/Elevation/OPR/Projects/CA_SierraNevada_B22/CA_SierraNevada_6_2022/TIFF/USGS_OPR_CA_SierraNevada_B22_bh_10SGJ5452.tif
10SGJ5550,ca_sierranevada_6_2022,10,https://prd-tnm.s3.amazonaws.com/StagedProducts/Elevation/OPR/Projects/CA_SierraNevada_B22/CA_SierraNevada_6_2022/TIFF/USGS_OPR_CA_SierraNevada_B22_bh_10SGJ5550.tif
10SGJ5551,ca_sierranevada_6_2022,10,https://prd-tnm.s3.amazonaws.com/StagedProducts/Elevation/OPR/Projects/CA_SierraNevada_B22/CA_SierraNevada_6_2022/TIFF/USGS_OPR_CA_SierraNevada_B22_bh_10SGJ5551.tif
10SGJ5552,ca_sierranevada_6_2022,10,https://prd-tnm.s3.amazonaws.com/StagedProducts/Elevation/OPR/Projects/CA_SierraNevada_B22/CA_SierraNevada_6_2022/TIFF/USGS_OPR_CA_SierraNevada_B22_bh_10SGJ5552.tif
10SGJ5553,ca_sierranevada_6_2022,10,https://prd-tnm.s3.amazonaws.com/StagedProducts/Elevation/OPR/Projects/CA_SierraNevada_B22/CA_SierraNevada_6_2022/TIFF/USGS_OPR_CA_SierraNevada_B22_bh_10SGJ5553.tif
10SGJ5650,ca_sierranevada_6_2022,10,https://prd-tnm.s3.amazonaws.com/StagedProducts/Elevation/OPR/Projects/CA_SierraNevada_B22/CA_SierraNevada_6_2022/TIFF/USGS_OPR_CA_SierraNevada_B22_bh_10SGJ5650.tif
10SGJ5651,ca_sierranevada_6_2022,10,https://prd-tnm.s3.amazonaws.com/StagedProducts/Elevation/OPR/Projects/CA_SierraNevada_B22/CA_SierraNevada_6_2022/TIFF/USGS_OPR_CA_SierraNevada_B22_bh_10SGJ5651.tif
10SGJ5652,ca_sierranevada_6_2022,10,https://prd-tnm.s3.amazonaws.com/StagedProducts/Elevation/OPR/Projects/CA_SierraNevada_B22/CA_SierraNevada_6_2022/TIFF/USGS_OPR_CA_SierraNevada_B22_bh_10SGJ5652.tif
10SGJ5653,ca_sierranevada_6_2022,10,https://prd-tnm.s3.amazonaws.com/StagedProducts/Elevation/OPR/Projects/CA_SierraNevada_B22/CA_SierraNevada_6_2022/TIFF/USGS_OPR_CA_SierraNevada_B22_bh_10SGJ5653.tif
10SGJ5750,ca_sierranevada_6_2022,10,https://prd-tnm.s3.amazonaws.com/StagedProducts/Elevation/OPR/Projects/CA_SierraNevada_B22/CA_SierraNevada_6_2022/TIFF/USGS_OPR_CA_SierraNevada_B22_bh_10SGJ5750.tif
10SGJ5751,ca_sierranevada_6_2022,10,https://prd-tnm.s3.amazonaws.com/StagedProducts/Elevation/OPR/Projects/CA_SierraNevada_B22/CA_SierraNevada_6_2022/TIFF/USGS_OPR_CA_SierraNevada_B22_bh_10SGJ5751.tif
10SGJ5752,ca_sierranevada_6_2022,10,https://prd-tnm.s3.amazonaws.com/StagedProducts/Elevation/OPR/Projects/CA_SierraNevada_B22/CA_SierraNevada_6_2022/TIFF/USGS_OPR_CA_SierraNevada_B22_bh_10SGJ5752.tif
10SGJ5753,ca_sierranevada_6_2022,10,https://prd-tnm.s3.amazonaws.com/StagedProducts/Elevation/OPR/Projects/CA_SierraNevada_B22/CA_SierraNevada_6_2022/TIFF/USGS_OPR_CA_SierraNevada_B22_bh_10SGJ5753.tif
10SGJ5850,ca_sierranevada_6_2022,10,https://prd-tnm.s3.amazonaws.com/StagedProducts/Elevation/OPR/Projects/CA_SierraNevada_B22/CA_SierraNevada_6_2022/TIFF/USGS_OPR_CA_SierraNevada_B22_bh_10SGJ5850.tif
10SGJ5851,ca_sierranevada_6_2022,10,https://prd-tnm.s3.amazonaws.com/StagedProducts/Elevation/OPR/Projects/CA_SierraNevada_B22/CA_SierraNevada_6_2022/TIFF/USGS_OPR_CA_SierraNevada_B22_bh_10SGJ5851.tif
10SGJ5852,ca_sierranevada_6_2022,10,https://prd-tnm.s3.amazonaws.com/StagedProducts/Elevation/OPR/Projects/CA_SierraNevada_B22/CA_SierraNevada_6_2022/TIFF/USGS_OPR_CA_SierraNevada_B22_bh_10SGJ5852.tif
11SKC3988,ca_sierranevada_8_2022_TahoeEast,11,https://prd-tnm.s3.amazonaws.com/StagedProducts/Elevation/OPR/Projects/CA_SierraNevada_B22/CA_SierraNevada_8_2022/TIFF/USGS_OPR_CA_SierraNevada_B22_11SKC3988.tif
11SKC3989,ca_sierranevada_8_2022_TahoeEast,11,https://prd-tnm.s3.amazonaws.com/StagedProducts/Elevation/OPR/Projects/CA_SierraNevada_B22/CA_SierraNevada_8_2022/TIFF/USGS_OPR_CA_SierraNevada_B22_11SKC3989.tif
11SKC3990,ca_sierranevada_8_2022_TahoeEast,11,https://prd-tnm.s3.amazonaws.com/StagedProducts/Elevation/OPR/Projects/CA_SierraNevada_B22/CA_SierraNevada_8_2022/TIFF/USGS_OPR_CA_SierraNevada_B22_11SKC3990.tif
11SKC3991,ca_sierranevada_8_2022_TahoeEast,11,https://prd-tnm.s3.amazonaws.com/StagedProducts/Elevation/OPR/Projects/CA_SierraNevada_B22/CA_SierraNevada_8_2022/TIFF/USGS_OPR_CA_SierraNevada_B22_11SKC3991.tif
11SKC3992,ca_sierranevada_8_2022_TahoeEast,11,https://prd-tnm.s3.amazonaws.com/StagedProducts/Elevation/OPR/Projects/CA_SierraNevada_B22/CA_SierraNevada_8_2022/TIFF/USGS_OPR_CA_SierraNevada_B22_11SKC3992.tif
11SKC3993,ca_sierranevada_8_2022_TahoeEast,11,https://prd-tnm.s3.amazonaws.com/StagedProducts/Elevation/OPR/Projects/CA_SierraNevada_B22/CA_SierraNevada_8_2022/TIFF/USGS_OPR_CA_SierraNevada_B22_11SKC3993.tif
11SKC3994,ca_sierranevada_8_2022_TahoeEast,11,https://prd-tnm.s3.amazonaws.com/StagedProducts/Elevation/OPR/Projects/CA_SierraNevada_B22/CA_SierraNevada_8_2022/TIFF/USGS_OPR_CA_SierraNevada_B22_11SKC3994.tif
11SKC3995,ca_sierranevada_8_2022_TahoeEast,11,https://prd-tnm.s3.amazonaws.com/StagedProducts/Elevation/OPR/Projects/CA_SierraNevada_B22/CA_SierraNevada_8_2022/TIFF/USGS_OPR_CA_SierraNevada_B22_11SKC3995.tif
11SKC3996,ca_sierranevada_8_2022_TahoeEast,11,https://prd-tnm.s3.amazonaws.com/StagedProducts/Elevation/OPR/Projects/CA_SierraNevada_B22/CA_SierraNevada_8_2022/TIFF/USGS_OPR_CA_SierraNevada_B22_11SKC3996.tif
11SKC3997,ca_sierranevada_8_2022_TahoeEast,11,https://prd-tnm.s3.amazonaws.com/StagedProducts/Elevation/OPR/Projects/CA_SierraNevada_B22/CA_SierraNevada_8_2022/TIFF/USGS_OPR_CA_SierraNevada_B22_11SKC3997.tif
11SKC3998,ca_sierranevada_8_2022_TahoeEast,11,https://prd-tnm.s3.amazonaws.com/StagedProducts/Elevation/OPR/Projects/CA_SierraNevada_B22/CA_SierraNevada_8_2022/TIFF/USGS_OPR_CA_SierraNevada_B22_11SKC3998.tif
11SKC3999,ca_sierranevada_8_2022_TahoeEast,11,https://prd-tnm.s3.amazonaws.com/StagedProducts/Elevation/OPR/Projects/CA_SierraNevada_B22/CA_SierraNevada_8_2022/TIFF/USGS_OPR_CA_SierraNevada_B22_11SKC3999.tif
11SKC4088,ca_sierranevada_8_2022_TahoeEast,11,https://prd-tnm.s3.amazonaws.com/StagedProducts/Elevation/OPR/Projects/CA_SierraNevada_B22/CA_SierraNevada_8_2022/TIFF/USGS_OPR_CA_SierraNevada_B22_11SKC4088.tif
11SKC4089,ca_sierranevada_8_2022_TahoeEast,11,https://prd-tnm.s3.amazonaws.com/StagedProducts/Elevation/OPR/Projects/CA_SierraNevada_B22/CA_SierraNevada_8_2022/TIFF/USGS_OPR_CA_SierraNevada_B22_11SKC4089.tif
11SKC4090,ca_sierranevada_8_2022_TahoeEast,11,https://prd-tnm.s3.amazonaws.com/StagedProducts/Elevation/OPR/Projects/CA_SierraNevada_B22/CA_SierraNevada_8_2022/TIFF/USGS_OPR_CA_SierraNevada_B22_11SKC4090.tif
11SKC4091,ca_sierranevada_8_2022_TahoeEast,11,https://prd-tnm.s3.amazonaws.com/StagedProducts/Elevation/OPR/Projects/CA_SierraNevada_B22/CA_SierraNevada_8_2022/TIFF/USGS_OPR_CA_SierraNevada_B22_11SKC4091.tif
11SKC4092,ca_sierranevada_8_2022_TahoeEast,11,https://prd-tnm.s3.amazonaws.com/StagedProducts/Elevation/OPR/Projects/CA_SierraNevada_B22/CA_SierraNevada_8_2022/TIFF/USGS_OPR_CA_SierraNevada_B22_11SKC4092.tif
11SKC4093,ca_sierranevada_8_2022_TahoeEast,11,https://prd-tnm.s3.amazonaws.com/StagedProducts/Elevation/OPR/Projects/CA_SierraNevada_B22/CA_SierraNevada_8_2022/TIFF/USGS_OPR_CA_SierraNevada_B22_11SKC4093.tif
11SKC4094,ca_sierranevada_8_2022_TahoeEast,11,https://prd-tnm.s3.amazonaws.com/StagedProducts/Elevation/OPR/Projects/CA_SierraNevada_B22/CA_SierraNevada_8_2022/TIFF/USGS_OPR_CA_SierraNevada_B22_11SKC4094.tif
11SKC4095,ca_sierranevada_8_2022_TahoeEast,11,https://prd-tnm.s3.amazonaws.com/StagedProducts/Elevation/OPR/Projects/CA_SierraNevada_B22/CA_SierraNevada_8_2022/TIFF/USGS_OPR_CA_SierraNevada_B22_11SKC4095.tif
11SKC4096,ca_sierranevada_8_2022_TahoeEast,11,https://prd-tnm.s3.amazonaws.com/StagedProducts/Elevation/OPR/Projects/CA_SierraNevada_B22/CA_SierraNevada_8_2022/TIFF/USGS_OPR_CA_SierraNevada_B22_11SKC4096.tif
11SKC4097,ca_sierranevada_8_2022_TahoeEast,11,https://prd-tnm.s3.amazonaws.com/StagedProducts/Elevation/OPR/Projects/CA_SierraNevada_B22/CA_SierraNevada_8_2022/TIFF/USGS_OPR_CA_SierraNevada_B22_11SKC4097.tif
11SKC4098,ca_sierranevada_8_2022_TahoeEast,11,https://prd-tnm.s3.amazonaws.com/StagedProducts/Elevation/OPR/Projects/CA_SierraNevada_B22/CA_SierraNevada_8_2022/TIFF/USGS_OPR_CA_SierraNevada_B22_11SKC4098.tif
11SKC4099,ca_sierranevada_8_2022_TahoeEast,11,https://prd-tnm.s3.amazonaws.com/StagedProducts/Elevation/OPR/Projects/CA_SierraNevada_B22/CA_SierraNevada_8_2022/TIFF/USGS_OPR_CA_SierraNevada_B22_11SKC4099.tif
11SKC4193,ca_sierranevada_8_2022_TahoeEast,11,https://prd-tnm.s3.amazonaws.com/StagedProducts/Elevation/OPR/Projects/CA_SierraNevada_B22/CA_SierraNevada_8_2022/TIFF/USGS_OPR_CA_SierraNevada_B22_11SKC4193.tif
11SKC4194,ca_sierranevada_8_2022_TahoeEast,11,https://prd-tnm.s3.amazonaws.com/StagedProducts/Elevation/OPR/Projects/CA_SierraNevada_B22/CA_SierraNevada_8_2022/TIFF/USGS_OPR_CA_SierraNevada_B22_11SKC4194.tif
11SKC4195,ca_sierranevada_8_2022_TahoeEast,11,https://prd-tnm.s3.amazonaws.com/StagedProducts/Elevation/OPR/Projects/CA_SierraNevada_B22/CA_SierraNevada_8_2022/TIFF/USGS_OPR_CA_SierraNevada_B22_11SKC4195.tif
11SKC4196,ca_sierranevada_8_2022_TahoeEast,11,https://prd-tnm.s3.amazonaws.com/StagedProducts/Elevation/OPR/Projects/CA_SierraNevada_B22/CA_SierraNevada_8_2022/TIFF/USGS_OPR_CA_SierraNevada_B22_11SKC4196.tif
11SKC4197,ca_sierranevada_8_2022_TahoeEast,11,https://prd-tnm.s3.amazonaws.com/StagedProducts/Elevation/OPR/Projects/CA_SierraNevada_B22/CA_SierraNevada_8_2022/TIFF/USGS_OPR_CA_SierraNevada_B22_11SKC4197.tif
11SKC4198,ca_sierranevada_8_2022_TahoeEast,11,https://prd-tnm.s3.amazonaws.com/StagedProducts/Elevation/OPR/Projects/CA_SierraNevada_B22/CA_SierraNevada_8_2022/TIFF/USGS_OPR_CA_SierraNevada_B22_11SKC4198.tif
11SKC4199,ca_sierranevada_8_2022_TahoeEast,11,https://prd-tnm.s3.amazonaws.com/StagedProducts/Elevation/OPR/Projects/CA_SierraNevada_B22/CA_SierraNevada_8_2022/TIFF/USGS_OPR_CA_SierraNevada_B22_11SKC4199.tif
11SKC4294,ca_sierranevada_8_2022_TahoeEast,11,https://prd-tnm.s3.amazonaws.com/StagedProducts/Elevation/OPR/Projects/CA_SierraNevada_B22/CA_SierraNevada_8_2022/TIFF/USGS_OPR_CA_SierraNevada_B22_11SKC4294.tif
11SKC4295,ca_sierranevada_8_2022_TahoeEast,11,https://prd-tnm.s3.amazonaws.com/StagedProducts/Elevation/OPR/Projects/CA_SierraNevada_B22/CA_SierraNevada_8_2022/TIFF/USGS_OPR_CA_SierraNevada_B22_11SKC4295.tif
11SKC4296,ca_sierranevada_8_2022_TahoeEast,11,https://prd-tnm.s3.amazonaws.com/StagedProducts/Elevation/OPR/Projects/CA_SierraNevada_B22/CA_SierraNevada_8_2022/TIFF/USGS_OPR_CA_SierraNevada_B22_11SKC4296.tif
11SKC4297,ca_sierranevada_8_2022_TahoeEast,11,https://prd-tnm.s3.amazonaws.com/StagedProducts/Elevation/OPR/Projects/CA_SierraNevada_B22/CA_SierraNevada_8_2022/TIFF/USGS_OPR_CA_SierraNevada_B22_11SKC4297.tif
11SKC4298,ca_sierranevada_8_2022_TahoeEast,11,https://prd-tnm.s3.amazonaws.com/StagedProducts/Elevation/OPR/Projects/CA_SierraNevada_B22/CA_SierraNevada_8_2022/TIFF/USGS_OPR_CA_SierraNevada_B22_11SKC4298.tif
11SKC4299,ca_sierranevada_8_2022_TahoeEast,11,https://prd-tnm.s3.amazonaws.com/StagedProducts/Elevation/OPR/Projects/CA_SierraNevada_B22/CA_SierraNevada_8_2022/TIFF/USGS_OPR_CA_SierraNevada_B22_11SKC4299.tif
11SKC4396,ca_sierranevada_8_2022_TahoeEast,11,https://prd-tnm.s3.amazonaws.com/StagedProducts/Elevation/OPR/Projects/CA_SierraNevada_B22/CA_SierraNevada_8_2022/TIFF/USGS_OPR_CA_SierraNevada_B22_11SKC4396.tif
11SKC4397,ca_sierranevada_8_2022_TahoeEast,11,https://prd-tnm.s3.amazonaws.com/StagedProducts/Elevation/OPR/Projects/CA_SierraNevada_B22/CA_SierraNevada_8_2022/TIFF/USGS_OPR_CA_SierraNevada_B22_11SKC4397.tif
11SKC4398,ca_sierranevada_8_2022_TahoeEast,11,https://prd-tnm.s3.amazonaws.com/StagedProducts/Elevation/OPR/Projects/CA_SierraNevada_B22/CA_SierraNevada_8_2022/TIFF/USGS_OPR_CA_SierraNevada_B22_11SKC4398.tif
11SKC4399,ca_sierranevada_8_2022_TahoeEast,11,https://prd-tnm.s3.amazonaws.com/StagedProducts/Elevation/OPR/Projects/CA_SierraNevada_B22/CA_SierraNevada_8_2022/TIFF/USGS_OPR_CA_SierraNevada_B22_11SKC4399.tif
11SKC4496,ca_sierranevada_8_2022_TahoeEast,11,https://prd-tnm.s3.amazonaws.com/StagedProducts/Elevation/OPR/Projects/CA_SierraNevada_B22/CA_SierraNevada_8_2022/TIFF/USGS_OPR_CA_SierraNevada_B22_11SKC4496.tif
11SKC4497,ca_sierranevada_8_2022_TahoeEast,11,https://prd-tnm.s3.amazonaws.com/StagedProducts/Elevation/OPR/Projects/CA_SierraNevada_B22/CA_SierraNevada_8_2022/TIFF/USGS_OPR_CA_SierraNevada_B22_11SKC4497.tif
11SKC4498,ca_sierranevada_8_2022_TahoeEast,11,https://prd-tnm.s3.amazonaws.com/StagedProducts/Elevation/OPR/Projects/CA_SierraNevada_B22/CA_SierraNevada_8_2022/TIFF/USGS_OPR_CA_SierraNevada_B22_11SKC4498.tif
11SKC4499,ca_sierranevada_8_2022_TahoeEast,11,https://prd-tnm.s3.amazonaws.com/StagedProducts/Elevation/OPR/Projects/CA_SierraNevada_B22/CA_SierraNevada_8_2022/TIFF/USGS_OPR_CA_SierraNevada_B22_11SKC4499.tif
11SKC4599,ca_sierranevada_8_2022_TahoeEast,11,https://prd-tnm.s3.amazonaws.com/StagedProducts/Elevation/OPR/Projects/CA_SierraNevada_B22/CA_SierraNevada_8_2022/TIFF/USGS_OPR_CA_SierraNevada_B22_11SKC4599.tif
11SKD4000,ca_sierranevada_8_2022_TahoeEast,11,https://prd-tnm.s3.amazonaws.com/StagedProducts/Elevation/OPR/Projects/CA_SierraNevada_B22/CA_SierraNevada_8_2022/TIFF/USGS_OPR_CA_SierraNevada_B22_11SKD4000.tif
11SKD4001,ca_sierranevada_8_2022_TahoeEast,11,https://prd-tnm.s3.amazonaws.com/StagedProducts/Elevation/OPR/Projects/CA_SierraNevada_B22/CA_SierraNevada_8_2022/TIFF/USGS_OPR_CA_SierraNevada_B22_11SKD4001.tif
11SKD4002,ca_sierranevada_8_2022_TahoeEast,11,https://prd-tnm.s3.amazonaws.com/StagedProducts/Elevation/OPR/Projects/CA_SierraNevada_B22/CA_SierraNevada_8_2022/TIFF/USGS_OPR_CA_SierraNevada_B22_11SKD4002.tif
11SKD4003,ca_sierranevada_8_2022_TahoeEast,11,https://prd-tnm.s3.amazonaws.com/StagedProducts/Elevation/OPR/Projects/CA_SierraNevada_B22/CA_SierraNevada_8_2022/TIFF/USGS_OPR_CA_SierraNevada_B22_11SKD4003.tif
11SKD4004,ca_sierranevada_8_2022_TahoeEast,11,https://prd-tnm.s3.amazonaws.com/StagedProducts/Elevation/OPR/Projects/CA_SierraNevada_B22/CA_SierraNevada_8_2022/TIFF/USGS_OPR_CA_SierraNevada_B22_11SKD4004.tif
11SKD4005,ca_sierranevada_8_2022_TahoeEast,11,https://prd-tnm.s3.amazonaws.com/StagedProducts/Elevation/OPR/Projects/CA_SierraNevada_B22/CA_SierraNevada_8_2022/TIFF/USGS_OPR_CA_SierraNevada_B22_11SKD4005.tif
11SKD4006,ca_sierranevada_8_2022_TahoeEast,11,https://prd-tnm.s3.amazonaws.com/StagedProducts/Elevation/OPR/Projects/CA_SierraNevada_B22/CA_SierraNevada_8_2022/TIFF/USGS_OPR_CA_SierraNevada_B22_11SKD4006.tif
11SKD4007,ca_sierranevada_8_2022_TahoeEast,11,https://prd-tnm.s3.amazonaws.com/StagedProducts/Elevation/OPR/Projects/CA_SierraNevada_B22/CA_SierraNevada_8_2022/TIFF/USGS_OPR_CA_SierraNevada_B22_11SKD4007.tif
11SKD4008,ca_sierranevada_8_2022_TahoeEast,11,https://prd-tnm.s3.amazonaws.com/StagedProducts/Elevation/OPR/Projects/CA_SierraNevada_B22/CA_SierraNevada_8_2022/TIFF/USGS_OPR_CA_SierraNevada_B22_11SKD4008.tif
11SKD4009,ca_sierranevada_8_2022_TahoeEast,11,https://prd-tnm.s3.amazonaws.com/StagedProducts/Elevation/OPR/Projects/CA_SierraNevada_B22/CA_SierraNevada_8_2022/TIFF/USGS_OPR_CA_SierraNevada_B22_11SKD4009.tif
11SKD4010,ca_sierranevada_8_2022_TahoeEast,11,https://prd-tnm.s3.amazonaws.com/StagedProducts/Elevation/OPR/Projects/CA_SierraNevada_B22/CA_SierraNevada_8_2022/TIFF/USGS_OPR_CA_SierraNevada_B22_11SKD4010.tif
11SKD4011,ca_sierranevada_8_2022_TahoeEast,11,https://prd-tnm.s3.amazonaws.com/StagedProducts/Elevation/OPR/Projects/CA_SierraNevada_B22/CA_SierraNevada_8_2022/TIFF/USGS_OPR_CA_SierraNevada_B22_11SKD4011.tif
11SKD4012,ca_sierranevada_8_2022_TahoeEast,11,https://prd-tnm.s3.amazonaws.com/StagedProducts/Elevation/OPR/Projects/CA_SierraNevada_B22/CA_SierraNevada_8_2022/TIFF/USGS_OPR_CA_SierraNevada_B22_11SKD4012.tif
11SKD4013,ca_sierranevada_8_2022_TahoeEast,11,https://prd-tnm.s3.amazonaws.com/StagedProducts/Elevation/OPR/Projects/CA_SierraNevada_B22/CA_SierraNevada_8_2022/TIFF/USGS_OPR_CA_SierraNevada_B22_11SKD4013.tif
11SKD4014,ca_sierranevada_8_2022_TahoeEast,11,https://prd-tnm.s3.amazonaws.com/StagedProducts/Elevation/OPR/Projects/CA_SierraNevada_B22/CA_SierraNevada_8_2022/TIFF/USGS_OPR_CA_SierraNevada_B22_11SKD4014.tif
11SKD4015,ca_sierranevada_8_2022_TahoeEast,11,https://prd-tnm.s3.amazonaws.com/StagedProducts/Elevation/OPR/Projects/CA_SierraNevada_B22/CA_SierraNevada_8_2022/TIFF/USGS_OPR_CA_SierraNevada_B22_11SKD4015.tif
11SKD4016,ca_sierranevada_8_2022_TahoeEast,11,https://prd-tnm.s3.amazonaws.com/StagedProducts/Elevation/OPR/Projects/CA_SierraNevada_B22/CA_SierraNevada_8_2022/TIFF/USGS_OPR_CA_SierraNevada_B22_11SKD4016.tif
11SKD4017,ca_sierranevada_8_2022_TahoeEast,11,https://prd-tnm.s3.amazonaws.com/StagedProducts/Elevation/OPR/Projects/CA_SierraNevada_B22/CA_SierraNevada_8_2022/TIFF/USGS_OPR_CA_SierraNevada_B22_11SKD4017.tif
11SKD4018,ca_sierranevada_8_2022_TahoeEast,11,https://prd-tnm.s3.amazonaws.com/StagedProducts/Elevation/OPR/Projects/CA_SierraNevada_B22/CA_SierraNevada_8_2022/TIFF/USGS_OPR_CA_SierraNevada_B22_11SKD4018.tif
11SKD4019,ca_sierranevada_8_2022_TahoeEast,11,https://prd-tnm.s3.amazonaws.com/StagedProducts/Elevation/OPR/Projects/CA_SierraNevada_B22/CA_SierraNevada_8_2022/TIFF/USGS_OPR_CA_SierraNevada_B22_11SKD4019.tif
11SKD4020,ca_sierranevada_8_2022_TahoeEast,11,https://prd-tnm.s3.amazonaws.com/StagedProducts/Elevation/OPR/Projects/CA_SierraNevada_B22/CA_SierraNevada_8_2022/TIFF/USGS_OPR_CA_SierraNevada_B22_11SKD4020.tif
11SKD4021,ca_sierranevada_8_2022_TahoeEast,11,https://prd-tnm.s3.amazonaws.com/StagedProducts/Elevation/OPR/Projects/CA_SierraNevada_B22/CA_SierraNevada_8_2022/TIFF/USGS_OPR_CA_SierraNevada_B22_11SKD4021.tif
11SKD4022,ca_sierranevada_8_2022_TahoeEast,11,https://prd-tnm.s3.amazonaws.com/StagedProducts/Elevation/OPR/Projects/CA_SierraNevada_B22/CA_SierraNevada_8_2022/TIFF/USGS_OPR_CA_SierraNevada_B22_11SKD4022.tif
11SKD4023,ca_sierranevada_8_2022_TahoeEast,11,https://prd-tnm.s3.amazonaws.com/StagedProducts/Elevation/OPR/Projects/CA_SierraNevada_B22/CA_SierraNevada_8_2022/TIFF/USGS_OPR_CA_SierraNevada_B22_11SKD4023.tif
11SKD4024,ca_sierranevada_8_2022_TahoeEast,11,https://prd-tnm.s3.amazonaws.com/StagedProducts/Elevation/OPR/Projects/CA_SierraNevada_B22/CA_SierraNevada_8_2022/TIFF/USGS_OPR_CA_SierraNevada_B22_11SKD4024.tif
11SKD4025,ca_sierranevada_8_2022_TahoeEast,11,https://prd-tnm.s3.amazonaws.com/StagedProducts/Elevation/OPR/Projects/CA_SierraNevada_B22/CA_SierraNevada_8_2022/TIFF/USGS_OPR_CA_SierraNevada_B22_11SKD4025.tif
11SKD4026,ca_sierranevada_8_2022_TahoeEast,11,https://prd-tnm.s3.amazonaws.com/StagedProducts/Elevation/OPR/Projects/CA_SierraNevada_B22/CA_SierraNevada_8_2022/TIFF/USGS_OPR_CA_SierraNevada_B22_11SKD4026.tif
11SKD4027,ca_sierranevada_8_2022_TahoeEast,11,https://prd-tnm.s3.amazonaws.com/StagedProducts/Elevation/OPR/Projects/CA_SierraNevada_B22/CA_SierraNevada_8_2022/TIFF/USGS_OPR_CA_SierraNevada_B22_11SKD4027.tif
11SKD4028,ca_sierranevada_8_2022_TahoeEast,11,https://prd-tnm.s3.amazonaws.com/StagedProducts/Elevation/OPR/Projects/CA_SierraNevada_B22/CA_SierraNevada_8_2022/TIFF/USGS_OPR_CA_SierraNevada_B22_11SKD4028.tif
11SKD4029,ca_sierranevada_8_2022_TahoeEast,11,https://prd-tnm.s3.amazonaws.com/StagedProducts/Elevation/OPR/Projects/CA_SierraNevada_B22/CA_SierraNevada_8_2022/TIFF/USGS_OPR_CA_SierraNevada_B22_11SKD4029.tif
11SKD4100,ca_sierranevada_8_2022_TahoeEast,11,https://prd-tnm.s3.amazonaws.com/StagedProducts/Elevation/OPR/Projects/CA_SierraNevada_B22/CA_SierraNevada_8_2022/TIFF/USGS_OPR_CA_SierraNevada_B22_11SKD4100.tif
11SKD4101,ca_sierranevada_8_2022_TahoeEast,11,https://prd-tnm.s3.amazonaws.com/StagedProducts/Elevation/OPR/Projects/CA_SierraNevada_B22/CA_SierraNevada_8_2022/TIFF/USGS_OPR_CA_SierraNevada_B22_11SKD4101.tif
11SKD4102,ca_sierranevada_8_2022_TahoeEast,11,https://prd-tnm.s3.amazonaws.com/StagedProducts/Elevation/OPR/Projects/CA_SierraNevada_B22/CA_SierraNevada_8_2022/TIFF/USGS_OPR_CA_SierraNevada_B22_11SKD4102.tif
11SKD4103,ca_sierranevada_8_2022_TahoeEast,11,https://prd-tnm.s3.amazonaws.com/StagedProducts/Elevation/OPR/Projects/CA_SierraNevada_B22/CA_SierraNevada_8_2022/TIFF/USGS_OPR_CA_SierraNevada_B22_11SKD4103.tif
11SKD4104,ca_sierranevada_8_2022_TahoeEast,11,https://prd-tnm.s3.amazonaws.com/StagedProducts/Elevation/OPR/Projects/CA_SierraNevada_B22/CA_SierraNevada_8_2022/TIFF/USGS_OPR_CA_SierraNevada_B22_11SKD4104.tif
11SKD4105,ca_sierranevada_8_2022_TahoeEast,11,https://prd-tnm.s3.amazonaws.com/StagedProducts/Elevation/OPR/Projects/CA_SierraNevada_B22/CA_SierraNevada_8_2022/TIFF/USGS_OPR_CA_SierraNevada_B22_11SKD4105.tif
11SKD4106,ca_sierranevada_8_2022_TahoeEast,11,https://prd-tnm.s3.amazonaws.com/StagedProducts/Elevation/OPR/Projects/CA_SierraNevada_B22/CA_SierraNevada_8_2022/TIFF/USGS_OPR_CA_SierraNevada_B22_11SKD4106.tif
11SKD4107,ca_sierranevada_8_2022_TahoeEast,11,https://prd-tnm.s3.amazonaws.com/StagedProducts/Elevation/OPR/Projects/CA_SierraNevada_B22/CA_SierraNevada_8_2022/TIFF/USGS_OPR_CA_SierraNevada_B22_11SKD4107.tif
11SKD4108,ca_sierranevada_8_2022_TahoeEast,11,https://prd-tnm.s3.amazonaws.com/StagedProducts/Elevation/OPR/Projects/CA_SierraNevada_B22/CA_SierraNevada_8_2022/TIFF/USGS_OPR_CA_SierraNevada_B22_11SKD4108.tif
11SKD4109,ca_sierranevada_8_2022_TahoeEast,11,https://prd-tnm.s3.amazonaws.com/StagedProducts/Elevation/OPR/Projects/CA_SierraNevada_B22/CA_SierraNevada_8_2022/TIFF/USGS_OPR_CA_SierraNevada_B22_11SKD4109.tif
11SKD4110,ca_sierranevada_8_2022_TahoeEast,11,https://prd-tnm.s3.amazonaws.com/StagedProducts/Elevation/OPR/Projects/CA_SierraNevada_B22/CA_SierraNevada_8_2022/TIFF/USGS_OPR_CA_SierraNevada_B22_11SKD4110.tif
11SKD4111,ca_sierranevada_8_2022_TahoeEast,11,https://prd-tnm.s3.amazonaws.com/StagedProducts/Elevation/OPR/Projects/CA_SierraNevada_B22/CA_SierraNevada_8_2022/TIFF/USGS_OPR_CA_SierraNevada_B22_11SKD4111.tif
11SKD4112,ca_sierranevada_8_2022_TahoeEast,11,https://prd-tnm.s3.amazonaws.com/StagedProducts/Elevation/OPR/Projects/CA_SierraNevada_B22/CA_SierraNevada_8_2022/TIFF/USGS_OPR_CA_SierraNevada_B22_11SKD4112.tif
11SKD4113,ca_sierranevada_8_2022_TahoeEast,11,https://prd-tnm.s3.amazonaws.com/StagedProducts/Elevation/OPR/Projects/CA_SierraNevada_B22/CA_SierraNevada_8_2022/TIFF/USGS_OPR_CA_SierraNevada_B22_11SKD4113.tif
11SKD4114,ca_sierranevada_8_2022_TahoeEast,11,https://prd-tnm.s3.amazonaws.com/StagedProducts/Elevation/OPR/Projects/CA_SierraNevada_B22/CA_SierraNevada_8_2022/TIFF/USGS_OPR_CA_SierraNevada_B22_11SKD4114.tif
11SKD4115,ca_sierranevada_8_2022_TahoeEast,11,https://prd-tnm.s3.amazonaws.com/StagedProducts/Elevation/OPR/Projects/CA_SierraNevada_B22/CA_SierraNevada_8_2022/TIFF/USGS_OPR_CA_SierraNevada_B22_11SKD4115.tif
11SKD4116,ca_sierranevada_8_2022_TahoeEast,11,https://prd-tnm.s3.amazonaws.com/StagedProducts/Elevation/OPR/Projects/CA_SierraNevada_B22/CA_SierraNevada_8_2022/TIFF/USGS_OPR_CA_SierraNevada_B22_11SKD4116.tif
11SKD4117,ca_sierranevada_8_2022_TahoeEast,11,https://prd-tnm.s3.amazonaws.com/StagedProducts/Elevation/OPR/Projects/CA_SierraNevada_B22/CA_SierraNevada_8_2022/TIFF/USGS_OPR_CA_SierraNevada_B22_11SKD4117.tif
11SKD4118,ca_sierranevada_8_2022_TahoeEast,11,https://prd-tnm.s3.amazonaws.com/StagedProducts/Elevation/OPR/Projects/CA_SierraNevada_B22/CA_SierraNevada_8_2022/TIFF/USGS_OPR_CA_SierraNevada_B22_11SKD4118.tif
11SKD4119,ca_sierranevada_8_2022_TahoeEast,11,https://prd-tnm.s3.amazonaws.com/StagedProducts/Elevation/OPR/Projects/CA_SierraNevada_B22/CA_SierraNevada_8_2022/TIFF/USGS_OPR_CA_SierraNevada_B22_11SKD4119.tif
11SKD4120,ca_sierranevada_8_2022_TahoeEast,11,https://prd-tnm.s3.amazonaws.com/StagedProducts/Elevation/OPR/Projects/CA_SierraNevada_B22/CA_SierraNevada_8_2022/TIFF/USGS_OPR_CA_SierraNevada_B22_11SKD4120.tif
11SKD4121,ca_sierranevada_8_2022_TahoeEast,11,https://prd-tnm.s3.amazonaws.com/StagedProducts/Elevation/OPR/Projects/CA_SierraNevada_B22/CA_SierraNevada_8_2022/TIFF/USGS_OPR_CA_SierraNevada_B22_11SKD4121.tif
11SKD4122,ca_sierranevada_8_2022_TahoeEast,11,https://prd-tnm.s3.amazonaws.com/StagedProducts/Elevation/OPR/Projects/CA_SierraNevada_B22/CA_SierraNevada_8_2022/TIFF/USGS_OPR_CA_SierraNevada_B22_11SKD4122.tif
11SKD4123,ca_sierranevada_8_2022_TahoeEast,11,https://prd-tnm.s3.amazonaws.com/StagedProducts/Elevation/OPR/Projects/CA_SierraNevada_B22/CA_SierraNevada_8_2022/TIFF/USGS_OPR_CA_SierraNevada_B22_11SKD4123.tif
11SKD4124,ca_sierranevada_8_2022_TahoeEast,11,https://prd-tnm.s3.amazonaws.com/StagedProducts/Elevation/OPR/Projects/CA_SierraNevada_B22/CA_SierraNevada_8_2022/TIFF/USGS_OPR_CA_SierraNevada_B22_11SKD4124.tif
11SKD4125,ca_sierranevada_8_2022_TahoeEast,11,https://prd-tnm.s3.amazonaws.com/StagedProducts/Elevation/OPR/Projects/CA_SierraNevada_B22/CA_SierraNevada_8_2022/TIFF/USGS_OPR_CA_SierraNevada_B22_11SKD4125.tif
11SKD4126,ca_sierranevada_8_2022_TahoeEast,11,https://prd-tnm.s3.amazonaws.com/StagedProducts/Elevation/OPR/Projects/CA_SierraNevada_B22/CA_SierraNevada_8_2022/TIFF/USGS_OPR_CA_SierraNevada_B22_11SKD4126.tif
11SKD4127,ca_sierranevada_8_2022_TahoeEast,11,https://prd-tnm.s3.amazonaws.com/StagedProducts/Elevation/OPR/Projects/CA_SierraNevada_B22/CA_SierraNevada_8_2022/TIFF/USGS_OPR_CA_SierraNevada_B22_11SKD4127.tif
11SKD4128,ca_sierranevada_8_2022_TahoeEast,11,https://prd-tnm.s3.amazonaws.com/StagedProducts/Elevation/OPR/Projects/CA_SierraNevada_B22/CA_SierraNevada_8_2022/TIFF/USGS_OPR_CA_SierraNevada_B22_11SKD4128.tif
11SKD4129,ca_sierranevada_8_2022_TahoeEast,11,https://prd-tnm.s3.amazonaws.com/StagedProducts/Elevation/OPR/Projects/CA_SierraNevada_B22/CA_SierraNevada_8_2022/TIFF/USGS_OPR_CA_SierraNevada_B22_11SKD4129.tif
11SKD4130,ca_sierranevada_8_2022_TahoeEast,11,https://prd-tnm.s3.amazonaws.com/StagedProducts/Elevation/OPR/Projects/CA_SierraNevada_B22/CA_SierraNevada_8_2022/TIFF/USGS_OPR_CA_SierraNevada_B22_11SKD4130.tif
11SKD4131,ca_sierranevada_8_2022_TahoeEast,11,https://prd-tnm.s3.amazonaws.com/StagedProducts/Elevation/OPR/Projects/CA_SierraNevada_B22/CA_SierraNevada_8_2022/TIFF/USGS_OPR_CA_SierraNevada_B22_11SKD4131.tif
11SKD4132,ca_sierranevada_8_2022_TahoeEast,11,https://prd-tnm.s3.amazonaws.com/StagedProducts/Elevation/OPR/Projects/CA_SierraNevada_B22/CA_SierraNevada_8_2022/TIFF/USGS_OPR_CA_SierraNevada_B22_11SKD4132.tif
11SKD4133,ca_sierranevada_8_2022_TahoeEast,11,https://prd-tnm.s3.amazonaws.com/StagedProducts/Elevation/OPR/Projects/CA_SierraNevada_B22/CA_SierraNevada_8_2022/TIFF/USGS_OPR_CA_SierraNevada_B22_11SKD4133.tif
11SKD4134,ca_sierranevada_8_2022_TahoeEast,11,https://prd-tnm.s3.amazonaws.com/StagedProducts/Elevation/OPR/Projects/CA_SierraNevada_B22/CA_SierraNevada_8_2022/TIFF/USGS_OPR_CA_SierraNevada_B22_11SKD4134.tif
11SKD4135,ca_sierranevada_8_2022_TahoeEast,11,https://prd-tnm.s3.amazonaws.com/StagedProducts/Elevation/OPR/Projects/CA_SierraNevada_B22/CA_SierraNevada_8_2022/TIFF/USGS_OPR_CA_SierraNevada_B22_11SKD4135.tif
11SKD4136,ca_sierranevada_8_2022_TahoeEast,11,https://prd-tnm.s3.amazonaws.com/StagedProducts/Elevation/OPR/Projects/CA_SierraNevada_B22/CA_SierraNevada_8_2022/TIFF/USGS_OPR_CA_SierraNevada_B22_11SKD4136.tif
11SKD4137,ca_sierranevada_8_2022_TahoeEast,11,https://prd-tnm.s3.amazonaws.com/StagedProducts/Elevation/OPR/Projects/CA_SierraNevada_B22/CA_SierraNevada_8_2022/TIFF/USGS_OPR_CA_SierraNevada_B22_11SKD4137.tif
11SKD4138,ca_sierranevada_8_2022_TahoeEast,11,https://prd-tnm.s3.amazonaws.com/StagedProducts/Elevation/OPR/Projects/CA_SierraNevada_B22/CA_SierraNevada_8_2022/TIFF/USGS_OPR_CA_SierraNevada_B22_11SKD4138.tif
11SKD4139,ca_sierranevada_8_2022_TahoeEast,11,https://prd-tnm.s3.amazonaws.com/StagedProducts/Elevation/OPR/Projects/CA_SierraNevada_B22/CA_SierraNevada_8_2022/TIFF/USGS_OPR_CA_SierraNevada_B22_11SKD4139.tif
11SKD4140,ca_sierranevada_8_2022_TahoeEast,11,https://prd-tnm.s3.amazonaws.com/StagedProducts/Elevation/OPR/Projects/CA_SierraNevada_B22/CA_SierraNevada_8_2022/TIFF/USGS_OPR_CA_SierraNevada_B22_11SKD4140.tif
11SKD4141,ca_sierranevada_8_2022_TahoeEast,11,https://prd-tnm.s3.amazonaws.com/StagedProducts/Elevation/OPR/Projects/CA_SierraNevada_B22/CA_SierraNevada_8_2022/TIFF/USGS_OPR_CA_SierraNevada_B22_11SKD4141.tif
11SKD4142,ca_sierranevada_8_2022_TahoeEast,11,https://prd-tnm.s3.amazonaws.com/StagedProducts/Elevation/OPR/Projects/CA_SierraNevada_B22/CA_SierraNevada_8_2022/TIFF/USGS_OPR_CA_SierraNevada_B22_11SKD4142.tif
11SKD4143,ca_sierranevada_8_2022_TahoeEast,11,https://prd-tnm.s3.amazonaws.com/StagedProducts/Elevation/OPR/Projects/CA_SierraNevada_B22/CA_SierraNevada_8_2022/TIFF/USGS_OPR_CA_SierraNevada_B22_11SKD4143.tif
11SKD4144,ca_sierranevada_8_2022_TahoeEast,11,https://prd-tnm.s3.amazonaws.com/StagedProducts/Elevation/OPR/Projects/CA_SierraNevada_B22/CA_SierraNevada_8_2022/TIFF/USGS_OPR_CA_SierraNevada_B22_11SKD4144.tif
11SKD4145,ca_sierranevada_8_2022_TahoeEast,11,https://prd-tnm.s3.amazonaws.com/StagedProducts/Elevation/OPR/Projects/CA_SierraNevada_B22/CA_SierraNevada_8_2022/TIFF/USGS_OPR_CA_SierraNevada_B22_11SKD4145.tif
11SKD4146,ca_sierranevada_8_2022_TahoeEast,11,https://prd-tnm.s3.amazonaws.com/StagedProducts/Elevation/OPR/Projects/CA_SierraNevada_B22/CA_SierraNevada_8_2022/TIFF/USGS_OPR_CA_SierraNevada_B22_11SKD4146.tif
11SKD4147,ca_sierranevada_8_2022_TahoeEast,11,https://prd-tnm.s3.amazonaws.com/StagedProducts/Elevation/OPR/Projects/CA_SierraNevada_B22/CA_SierraNevada_8_2022/TIFF/USGS_OPR_CA_SierraNevada_B22_11SKD4147.tif
11SKD4148,ca_sierranevada_8_2022_TahoeEast,11,https://prd-tnm.s3.amazonaws.com/StagedProducts/Elevation/OPR/Projects/CA_SierraNevada_B22/CA_SierraNevada_8_2022/TIFF/USGS_OPR_CA_SierraNevada_B22_11SKD4148.tif
11SKD4149,ca_sierranevada_8_2022_TahoeEast,11,https://prd-tnm.s3.amazonaws.com/StagedProducts/Elevation/OPR/Projects/CA_SierraNevada_B22/CA_SierraNevada_8_2022/TIFF/USGS_OPR_CA_SierraNevada_B22_11SKD4149.tif
11SKD4150,ca_sierranevada_8_2022_TahoeEast,11,https://prd-tnm.s3.amazonaws.com/StagedProducts/Elevation/OPR/Projects/CA_SierraNevada_B22/CA_SierraNevada_8_2022/TIFF/USGS_OPR_CA_SierraNevada_B22_11SKD4150.tif
11SKD4151,ca_sierranevada_8_2022_TahoeEast,11,https://prd-tnm.s3.amazonaws.com/StagedProducts/Elevation/OPR/Projects/CA_SierraNevada_B22/CA_SierraNevada_8_2022/TIFF/USGS_OPR_CA_SierraNevada_B22_11SKD4151.tif
11SKD4152,ca_sierranevada_8_2022_TahoeEast,11,https://prd-tnm.s3.amazonaws.com/StagedProducts/Elevation/OPR/Projects/CA_SierraNevada_B22/CA_SierraNevada_8_2022/TIFF/USGS_OPR_CA_SierraNevada_B22_11SKD4152.tif
11SKD4153,ca_sierranevada_8_2022_TahoeEast,11,https://prd-tnm.s3.amazonaws.com/StagedProducts/Elevation/OPR/Projects/CA_SierraNevada_B22/CA_SierraNevada_8_2022/TIFF/USGS_OPR_CA_SierraNevada_B22_11SKD4153.tif
11SKD4200,ca_sierranevada_8_2022_TahoeEast,11,https://prd-tnm.s3.amazonaws.com/StagedProducts/Elevation/OPR/Projects/CA_SierraNevada_B22/CA_SierraNevada_8_2022/TIFF/USGS_OPR_CA_SierraNevada_B22_11SKD4200.tif
11SKD4201,ca_sierranevada_8_2022_TahoeEast,11,https://prd-tnm.s3.amazonaws.com/StagedProducts/Elevation/OPR/Projects/CA_SierraNevada_B22/CA_SierraNevada_8_2022/TIFF/USGS_OPR_CA_SierraNevada_B22_11SKD4201.tif
11SKD4202,ca_sierranevada_8_2022_TahoeEast,11,https://prd-tnm.s3.amazonaws.com/StagedProducts/Elevation/OPR/Projects/CA_SierraNevada_B22/CA_SierraNevada_8_2022/TIFF/USGS_OPR_CA_SierraNevada_B22_11SKD4202.tif
11SKD4203,ca_sierranevada_8_2022_TahoeEast,11,https://prd-tnm.s3.amazonaws.com/StagedProducts/Elevation/OPR/Projects/CA_SierraNevada_B22/CA_SierraNevada_8_2022/TIFF/USGS_OPR_CA_SierraNevada_B22_11SKD4203.tif
11SKD4204,ca_sierranevada_8_2022_TahoeEast,11,https://prd-tnm.s3.amazonaws.com/StagedProducts/Elevation/OPR/Projects/CA_SierraNevada_B22/CA_SierraNevada_8_2022/TIFF/USGS_OPR_CA_SierraNevada_B22_11SKD4204.tif
11SKD4205,ca_sierranevada_8_2022_TahoeEast,11,https://prd-tnm.s3.amazonaws.com/StagedProducts/Elevation/OPR/Projects/CA_SierraNevada_B22/CA_SierraNevada_8_2022/TIFF/USGS_OPR_CA_SierraNevada_B22_11SKD4205.tif
11SKD4206,ca_sierranevada_8_2022_TahoeEast,11,https://prd-tnm.s3.amazonaws.com/StagedProducts/Elevation/OPR/Projects/CA_SierraNevada_B22/CA_SierraNevada_8_2022/TIFF/USGS_OPR_CA_SierraNevada_B22_11SKD4206.tif
11SKD4207,ca_sierranevada_8_2022_TahoeEast,11,https://prd-tnm.s3.amazonaws.com/StagedProducts/Elevation/OPR/Projects/CA_SierraNevada_B22/CA_SierraNevada_8_2022/TIFF/USGS_OPR_CA_SierraNevada_B22_11SKD4207.tif
11SKD4208,ca_sierranevada_8_2022_TahoeEast,11,https://prd-tnm.s3.amazonaws.com/StagedProducts/Elevation/OPR/Projects/CA_SierraNevada_B22/CA_SierraNevada_8_2022/TIFF/USGS_OPR_CA_SierraNevada_B22_11SKD4208.tif
11SKD4209,ca_sierranevada_8_2022_TahoeEast,11,https://prd-tnm.s3.amazonaws.com/StagedProducts/Elevation/OPR/Projects/CA_SierraNevada_B22/CA_SierraNevada_8_2022/TIFF/USGS_OPR_CA_SierraNevada_B22_11SKD4209.tif
11SKD4210,ca_sierranevada_8_2022_TahoeEast,11,https://prd-tnm.s3.amazonaws.com/StagedProducts/Elevation/OPR/Projects/CA_SierraNevada_B22/CA_SierraNevada_8_2022/TIFF/USGS_OPR_CA_SierraNevada_B22_11SKD4210.tif
11SKD4211,ca_sierranevada_8_2022_TahoeEast,11,https://prd-tnm.s3.amazonaws.com/StagedProducts/Elevation/OPR/Projects/CA_SierraNevada_B22/CA_SierraNevada_8_2022/TIFF/USGS_OPR_CA_SierraNevada_B22_11SKD4211.tif
11SKD4212,ca_sierranevada_8_2022_TahoeEast,11,https://prd-tnm.s3.amazonaws.com/StagedProducts/Elevation/OPR/Projects/CA_SierraNevada_B22/CA_SierraNevada_8_2022/TIFF/USGS_OPR_CA_SierraNevada_B22_11SKD4212.tif
11SKD4213,ca_sierranevada_8_2022_TahoeEast,11,https://prd-tnm.s3.amazonaws.com/StagedProducts/Elevation/OPR/Projects/CA_SierraNevada_B22/CA_SierraNevada_8_2022/TIFF/USGS_OPR_CA_SierraNevada_B22_11SKD4213.tif
11SKD4214,ca_sierranevada_8_2022_TahoeEast,11,https://prd-tnm.s3.amazonaws.com/StagedProducts/Elevation/OPR/Projects/CA_SierraNevada_B22/CA_SierraNevada_8_2022/TIFF/USGS_OPR_CA_SierraNevada_B22_11SKD4214.tif
11SKD4215,ca_sierranevada_8_2022_TahoeEast,11,https://prd-tnm.s3.amazonaws.com/StagedProducts/Elevation/OPR/Projects/CA_SierraNevada_B22/CA_SierraNevada_8_2022/TIFF/USGS_OPR_CA_SierraNevada_B22_11SKD4215.tif
11SKD4216,ca_sierranevada_8_2022_TahoeEast,11,https://prd-tnm.s3.amazonaws.com/StagedProducts/Elevation/OPR/Projects/CA_SierraNevada_B22/CA_SierraNevada_8_2022/TIFF/USGS_OPR_CA_SierraNevada_B22_11SKD4216.tif
11SKD4217,ca_sierranevada_8_2022_TahoeEast,11,https://prd-tnm.s3.amazonaws.com/StagedProducts/Elevation/OPR/Projects/CA_SierraNevada_B22/CA_SierraNevada_8_2022/TIFF/USGS_OPR_CA_SierraNevada_B22_11SKD4217.tif
11SKD4218,ca_sierranevada_8_2022_TahoeEast,11,https://prd-tnm.s3.amazonaws.com/StagedProducts/Elevation/OPR/Projects/CA_SierraNevada_B22/CA_SierraNevada_8_2022/TIFF/USGS_OPR_CA_SierraNevada_B22_11SKD4218.tif
11SKD4219,ca_sierranevada_8_2022_TahoeEast,11,https://prd-tnm.s3.amazonaws.com/StagedProducts/Elevation/OPR/Projects/CA_SierraNevada_B22/CA_SierraNevada_8_2022/TIFF/USGS_OPR_CA_SierraNevada_B22_11SKD4219.tif
11SKD4220,ca_sierranevada_8_2022_TahoeEast,11,https://prd-tnm.s3.amazonaws.com/StagedProducts/Elevation/OPR/Projects/CA_SierraNevada_B22/CA_SierraNevada_8_2022/TIFF/USGS_OPR_CA_SierraNevada_B22_11SKD4220.tif
11SKD4221,ca_sierranevada_8_2022_TahoeEast,11,https://prd-tnm.s3.amazonaws.com/StagedProducts/Elevation/OPR/Projects/CA_SierraNevada_B22/CA_SierraNevada_8_2022/TIFF/USGS_OPR_CA_SierraNevada_B22_11SKD4221.tif
11SKD4222,ca_sierranevada_8_2022_TahoeEast,11,https://prd-tnm.s3.amazonaws.com/StagedProducts/Elevation/OPR/Projects/CA_SierraNevada_B22/CA_SierraNevada_8_2022/TIFF/USGS_OPR_CA_SierraNevada_B22_11SKD4222.tif
11SKD4223,ca_sierranevada_8_2022_TahoeEast,11,https://prd-tnm.s3.amazonaws.com/StagedProducts/Elevation/OPR/Projects/CA_SierraNevada_B22/CA_SierraNevada_8_2022/TIFF/USGS_OPR_CA_SierraNevada_B22_11SKD4223.tif
11SKD4224,ca_sierranevada_8_2022_TahoeEast,11,https://prd-tnm.s3.amazonaws.com/StagedProducts/Elevation/OPR/Projects/CA_SierraNevada_B22/CA_SierraNevada_8_2022/TIFF/USGS_OPR_CA_SierraNevada_B22_11SKD4224.tif
11SKD4225,ca_sierranevada_8_2022_TahoeEast,11,https://prd-tnm.s3.amazonaws.com/StagedProducts/Elevation/OPR/Projects/CA_SierraNevada_B22/CA_SierraNevada_8_2022/TIFF/USGS_OPR_CA_SierraNevada_B22_11SKD4225.tif
11SKD4226,ca_sierranevada_8_2022_TahoeEast,11,https://prd-tnm.s3.amazonaws.com/StagedProducts/Elevation/OPR/Projects/CA_SierraNevada_B22/CA_SierraNevada_8_2022/TIFF/USGS_OPR_CA_SierraNevada_B22_11SKD4226.tif
11SKD4227,ca_sierranevada_8_2022_TahoeEast,11,https://prd-tnm.s3.amazonaws.com/StagedProducts/Elevation/OPR/Projects/CA_SierraNevada_B22/CA_SierraNevada_8_2022/TIFF/USGS_OPR_CA_SierraNevada_B22_11SKD4227.tif
11SKD4228,ca_sierranevada_8_2022_TahoeEast,11,https://prd-tnm.s3.amazonaws.com/StagedProducts/Elevation/OPR/Projects/CA_SierraNevada_B22/CA_SierraNevada_8_2022/TIFF/USGS_OPR_CA_SierraNevada_B22_11SKD4228.tif
11SKD4229,ca_sierranevada_8_2022_TahoeEast,11,https://prd-tnm.s3.amazonaws.com/StagedProducts/Elevation/OPR/Projects/CA_SierraNevada_B22/CA_SierraNevada_8_2022/TIFF/USGS_OPR_CA_SierraNevada_B22_11SKD4229.tif
11SKD4230,ca_sierranevada_8_2022_TahoeEast,11,https://prd-tnm.s3.amazonaws.com/StagedProducts/Elevation/OPR/Projects/CA_SierraNevada_B22/CA_SierraNevada_8_2022/TIFF/USGS_OPR_CA_SierraNevada_B22_11SKD4230.tif
11SKD4231,ca_sierranevada_8_2022_TahoeEast,11,https://prd-tnm.s3.amazonaws.com/StagedProducts/Elevation/OPR/Projects/CA_SierraNevada_B22/CA_SierraNevada_8_2022/TIFF/USGS_OPR_CA_SierraNevada_B22_11SKD4231.tif
11SKD4232,ca_sierranevada_8_2022_TahoeEast,11,https://prd-tnm.s3.amazonaws.com/StagedProducts/Elevation/OPR/Projects/CA_SierraNevada_B22/CA_SierraNevada_8_2022/TIFF/USGS_OPR_CA_SierraNevada_B22_11SKD4232.tif
11SKD4233,ca_sierranevada_8_2022_TahoeEast,11,https://prd-tnm.s3.amazonaws.com/StagedProducts/Elevation/OPR/Projects/CA_SierraNevada_B22/CA_SierraNevada_8_2022/TIFF/USGS_OPR_CA_SierraNevada_B22_11SKD4233.tif
11SKD4234,ca_sierranevada_8_2022_TahoeEast,11,https://prd-tnm.s3.amazonaws.com/StagedProducts/Elevation/OPR/Projects/CA_SierraNevada_B22/CA_SierraNevada_8_2022/TIFF/USGS_OPR_CA_SierraNevada_B22_11SKD4234.tif
11SKD4235,ca_sierranevada_8_2022_TahoeEast,11,https://prd-tnm.s3.amazonaws.com/StagedProducts/Elevation/OPR/Projects/CA_SierraNevada_B22/CA_SierraNevada_8_2022/TIFF/USGS_OPR_CA_SierraNevada_B22_11SKD4235.tif
11SKD4236,ca_sierranevada_8_2022_TahoeEast,11,https://prd-tnm.s3.amazonaws.com/StagedProducts/Elevation/OPR/Projects/CA_SierraNevada_B22/CA_SierraNevada_8_2022/TIFF/USGS_OPR_CA_SierraNevada_B22_11SKD4236.tif
11SKD4237,ca_sierranevada_8_2022_TahoeEast,11,https://prd-tnm.s3.amazonaws.com/StagedProducts/Elevation/OPR/Projects/CA_SierraNevada_B22/CA_SierraNevada_8_2022/TIFF/USGS_OPR_CA_SierraNevada_B22_11SKD4237.tif
11SKD4238,ca_sierranevada_8_2022_TahoeEast,11,https://prd-tnm.s3.amazonaws.com/StagedProducts/Elevation/OPR/Projects/CA_SierraNevada_B22/CA_SierraNevada_8_2022/TIFF/USGS_OPR_CA_SierraNevada_B22_11SKD4238.tif
11SKD4239,ca_sierranevada_8_2022_TahoeEast,11,https://prd-tnm.s3.amazonaws.com/StagedProducts/Elevation/OPR/Projects/CA_SierraNevada_B22/CA_SierraNevada_8_2022/TIFF/USGS_OPR_CA_SierraNevada_B22_11SKD4239.tif
11SKD4240,ca_sierranevada_8_2022_TahoeEast,11,https://prd-tnm.s3.amazonaws.com/StagedProducts/Elevation/OPR/Projects/CA_SierraNevada_B22/CA_SierraNevada_8_2022/TIFF/USGS_OPR_CA_SierraNevada_B22_11SKD4240.tif
11SKD4241,ca_sierranevada_8_2022_TahoeEast,11,https://prd-tnm.s3.amazonaws.com/StagedProducts/Elevation/OPR/Projects/CA_SierraNevada_B22/CA_SierraNevada_8_2022/TIFF/USGS_OPR_CA_SierraNevada_B22_11SKD4241.tif
11SKD4242,ca_sierranevada_8_2022_TahoeEast,11,https://prd-tnm.s3.amazonaws.com/StagedProducts/Elevation/OPR/Projects/CA_SierraNevada_B22/CA_SierraNevada_8_2022/TIFF/USGS_OPR_CA_SierraNevada_B22_11SKD4242.tif
11SKD4243,ca_sierranevada_8_2022_TahoeEast,11,https://prd-tnm.s3.amazonaws.com/StagedProducts/Elevation/OPR/Projects/CA_SierraNevada_B22/CA_SierraNevada_8_2022/TIFF/USGS_OPR_CA_SierraNevada_B22_11SKD4243.tif
11SKD4244,ca_sierranevada_8_2022_TahoeEast,11,https://prd-tnm.s3.amazonaws.com/StagedProducts/Elevation/OPR/Projects/CA_SierraNevada_B22/CA_SierraNevada_8_2022/TIFF/USGS_OPR_CA_SierraNevada_B22_11SKD4244.tif
11SKD4245,ca_sierranevada_8_2022_TahoeEast,11,https://prd-tnm.s3.amazonaws.com/StagedProducts/Elevation/OPR/Projects/CA_SierraNevada_B22/CA_SierraNevada_8_2022/TIFF/USGS_OPR_CA_SierraNevada_B22_11SKD4245.tif
11SKD4246,ca_sierranevada_8_2022_TahoeEast,11,https://prd-tnm.s3.amazonaws.com/StagedProducts/Elevation/OPR/Projects/CA_SierraNevada_B22/CA_SierraNevada_8_2022/TIFF/USGS_OPR_CA_SierraNevada_B22_11SKD4246.tif
11SKD4247,ca_sierranevada_8_2022_TahoeEast,11,https://prd-tnm.s3.amazonaws.com/StagedProducts/Elevation/OPR/Projects/CA_SierraNevada_B22/CA_SierraNevada_8_2022/TIFF/USGS_OPR_CA_SierraNevada_B22_11SKD4247.tif
11SKD4248,ca_sierranevada_8_2022_TahoeEast,11,https://prd-tnm.s3.amazonaws.com/StagedProducts/Elevation/OPR/Projects/CA_SierraNevada_B22/CA_SierraNevada_8_2022/TIFF/USGS_OPR_CA_SierraNevada_B22_11SKD4248.tif
11SKD4249,ca_sierranevada_8_2022_TahoeEast,11,https://prd-tnm.s3.amazonaws.com/StagedProducts/Elevation/OPR/Projects/CA_SierraNevada_B22/CA_SierraNevada_8_2022/TIFF/USGS_OPR_CA_SierraNevada_B22_11SKD4249.tif
11SKD4250,ca_sierranevada_8_2022_TahoeEast,11,https://prd-tnm.s3.amazonaws.com/StagedProducts/Elevation/OPR/Projects/CA_SierraNevada_B22/CA_SierraNevada_8_2022/TIFF/USGS_OPR_CA_SierraNevada_B22_11SKD4250.tif
11SKD4251,ca_sierranevada_8_2022_TahoeEast,11,https://prd-tnm.s3.amazonaws.com/StagedProducts/Elevation/OPR/Projects/CA_SierraNevada_B22/CA_SierraNevada_8_2022/TIFF/USGS_OPR_CA_SierraNevada_B22_11SKD4251.tif
11SKD4252,ca_sierranevada_8_2022_TahoeEast,11,https://prd-tnm.s3.amazonaws.com/StagedProducts/Elevation/OPR/Projects/CA_SierraNevada_B22/CA_SierraNevada_8_2022/TIFF/USGS_OPR_CA_SierraNevada_B22_11SKD4252.tif
11SKD4300,ca_sierranevada_8_2022_TahoeEast,11,https://prd-tnm.s3.amazonaws.com/StagedProducts/Elevation/OPR/Projects/CA_SierraNevada_B22/CA_SierraNevada_8_2022/TIFF/USGS_OPR_CA_SierraNevada_B22_11SKD4300.tif
11SKD4301,ca_sierranevada_8_2022_TahoeEast,11,https://prd-tnm.s3.amazonaws.com/StagedProducts/Elevation/OPR/Projects/CA_SierraNevada_B22/CA_SierraNevada_8_2022/TIFF/USGS_OPR_CA_SierraNevada_B22_11SKD4301.tif
11SKD4302,ca_sierranevada_8_2022_TahoeEast,11,https://prd-tnm.s3.amazonaws.com/StagedProducts/Elevation/OPR/Projects/CA_SierraNevada_B22/CA_SierraNevada_8_2022/TIFF/USGS_OPR_CA_SierraNevada_B22_11SKD4302.tif
11SKD4303,ca_sierranevada_8_2022_TahoeEast,11,https://prd-tnm.s3.amazonaws.com/StagedProducts/Elevation/OPR/Projects/CA_SierraNevada_B22/CA_SierraNevada_8_2022/TIFF/USGS_OPR_CA_SierraNevada_B22_11SKD4303.tif
11SKD4304,ca_sierranevada_8_2022_TahoeEast,11,https://prd-tnm.s3.amazonaws.com/StagedProducts/Elevation/OPR/Projects/CA_SierraNevada_B22/CA_SierraNevada_8_2022/TIFF/USGS_OPR_CA_SierraNevada_B22_11SKD4304.tif
11SKD4305,ca_sierranevada_8_2022_TahoeEast,11,https://prd-tnm.s3.amazonaws.com/StagedProducts/Elevation/OPR/Projects/CA_SierraNevada_B22/CA_SierraNevada_8_2022/TIFF/USGS_OPR_CA_SierraNevada_B22_11SKD4305.tif
11SKD4306,ca_sierranevada_8_2022_TahoeEast,11,https://prd-tnm.s3.amazonaws.com/StagedProducts/Elevation/OPR/Projects/CA_SierraNevada_B22/CA_SierraNevada_8_2022/TIFF/USGS_OPR_CA_SierraNevada_B22_11SKD4306.tif
11SKD4307,ca_sierranevada_8_2022_TahoeEast,11,https://prd-tnm.s3.amazonaws.com/StagedProducts/Elevation/OPR/Projects/CA_SierraNevada_B22/CA_SierraNevada_8_2022/TIFF/USGS_OPR_CA_SierraNevada_B22_11SKD4307.tif
11SKD4308,ca_sierranevada_8_2022_TahoeEast,11,https://prd-tnm.s3.amazonaws.com/StagedProducts/Elevation/OPR/Projects/CA_SierraNevada_B22/CA_SierraNevada_8_2022/TIFF/USGS_OPR_CA_SierraNevada_B22_11SKD4308.tif
11SKD4309,ca_sierranevada_8_2022_TahoeEast,11,https://prd-tnm.s3.amazonaws.com/StagedProducts/Elevation/OPR/Projects/CA_SierraNevada_B22/CA_SierraNevada_8_2022/TIFF/USGS_OPR_CA_SierraNevada_B22_11SKD4309.tif
11SKD4310,ca_sierranevada_8_2022_TahoeEast,11,https://prd-tnm.s3.amazonaws.com/StagedProducts/Elevation/OPR/Projects/CA_SierraNevada_B22/CA_SierraNevada_8_2022/TIFF/USGS_OPR_CA_SierraNevada_B22_11SKD4310.tif
11SKD4311,ca_sierranevada_8_2022_TahoeEast,11,https://prd-tnm.s3.amazonaws.com/StagedProducts/Elevation/OPR/Projects/CA_SierraNevada_B22/CA_SierraNevada_8_2022/TIFF/USGS_OPR_CA_SierraNevada_B22_11SKD4311.tif
11SKD4312,ca_sierranevada_8_2022_TahoeEast,11,https://prd-tnm.s3.amazonaws.com/StagedProducts/Elevation/OPR/Projects/CA_SierraNevada_B22/CA_SierraNevada_8_2022/TIFF/USGS_OPR_CA_SierraNevada_B22_11SKD4312.tif
11SKD4313,ca_sierranevada_8_2022_TahoeEast,11,https://prd-tnm.s3.amazonaws.com/StagedProducts/Elevation/OPR/Projects/CA_SierraNevada_B22/CA_SierraNevada_8_2022/TIFF/USGS_OPR_CA_SierraNevada_B22_11SKD4313.tif
11SKD4314,ca_sierranevada_8_2022_TahoeEast,11,https://prd-tnm.s3.amazonaws.com/StagedProducts/Elevation/OPR/Projects/CA_SierraNevada_B22/CA_SierraNevada_8_2022/TIFF/USGS_OPR_CA_SierraNevada_B22_11SKD4314.tif
11SKD4315,ca_sierranevada_8_2022_TahoeEast,11,https://prd-tnm.s3.amazonaws.com/StagedProducts/Elevation/OPR/Projects/CA_SierraNevada_B22/CA_SierraNevada_8_2022/TIFF/USGS_OPR_CA_SierraNevada_B22_11SKD4315.tif
11SKD4316,ca_sierranevada_8_2022_TahoeEast,11,https://prd-tnm.s3.amazonaws.com/StagedProducts/Elevation/OPR/Projects/CA_SierraNevada_B22/CA_SierraNevada_8_2022/TIFF/USGS_OPR_CA_SierraNevada_B22_11SKD4316.tif
11SKD4317,ca_sierranevada_8_2022_TahoeEast,11,https://prd-tnm.s3.amazonaws.com/StagedProducts/Elevation/OPR/Projects/CA_SierraNevada_B22/CA_SierraNevada_8_2022/TIFF/USGS_OPR_CA_SierraNevada_B22_11SKD4317.tif
11SKD4318,ca_sierranevada_8_2022_TahoeEast,11,https://prd-tnm.s3.amazonaws.com/StagedProducts/Elevation/OPR/Projects/CA_SierraNevada_B22/CA_SierraNevada_8_2022/TIFF/USGS_OPR_CA_SierraNevada_B22_11SKD4318.tif
11SKD4319,ca_sierranevada_8_2022_TahoeEast,11,https://prd-tnm.s3.amazonaws.com/StagedProducts/Elevation/OPR/Projects/CA_SierraNevada_B22/CA_SierraNevada_8_2022/TIFF/USGS_OPR_CA_SierraNevada_B22_11SKD4319.tif
11SKD4320,ca_sierranevada_8_2022_TahoeEast,11,https://prd-tnm.s3.amazonaws.com/StagedProducts/Elevation/OPR/Projects/CA_SierraNevada_B22/CA_SierraNevada_8_2022/TIFF/USGS_OPR_CA_SierraNevada_B22_11SKD4320.tif
11SKD4321,ca_sierranevada_8_2022_TahoeEast,11,https://prd-tnm.s3.amazonaws.com/StagedProducts/Elevation/OPR/Projects/CA_SierraNevada_B22/CA_SierraNevada_8_2022/TIFF/USGS_OPR_CA_SierraNevada_B22_11SKD4321.tif
11SKD4322,ca_sierranevada_8_2022_TahoeEast,11,https://prd-tnm.s3.amazonaws.com/StagedProducts/Elevation/OPR/Projects/CA_SierraNevada_B22/CA_SierraNevada_8_2022/TIFF/USGS_OPR_CA_SierraNevada_B22_11SKD4322.tif
11SKD4323,ca_sierranevada_8_2022_TahoeEast,11,https://prd-tnm.s3.amazonaws.com/StagedProducts/Elevation/OPR/Projects/CA_SierraNevada_B22/CA_SierraNevada_8_2022/TIFF/USGS_OPR_CA_SierraNevada_B22_11SKD4323.tif
11SKD4324,ca_sierranevada_8_2022_TahoeEast,11,https://prd-tnm.s3.amazonaws.com/StagedProducts/Elevation/OPR/Projects/CA_SierraNevada_B22/CA_SierraNevada_8_2022/TIFF/USGS_OPR_CA_SierraNevada_B22_11SKD4324.tif
11SKD4325,ca_sierranevada_8_2022_TahoeEast,11,https://prd-tnm.s3.amazonaws.com/StagedProducts/Elevation/OPR/Projects/CA_SierraNevada_B22/CA_SierraNevada_8_2022/TIFF/USGS_OPR_CA_SierraNevada_B22_11SKD4325.tif
11SKD4326,ca_sierranevada_8_2022_TahoeEast,11,https://prd-tnm.s3.amazonaws.com/StagedProducts/Elevation/OPR/Projects/CA_SierraNevada_B22/CA_SierraNevada_8_2022/TIFF/USGS_OPR_CA_SierraNevada_B22_11SKD4326.tif
11SKD4327,ca_sierranevada_8_2022_TahoeEast,11,https://prd-tnm.s3.amazonaws.com/StagedProducts/Elevation/OPR/Projects/CA_SierraNevada_B22/CA_SierraNevada_8_2022/TIFF/USGS_OPR_CA_SierraNevada_B22_11SKD4327.tif
11SKD4328,ca_sierranevada_8_2022_TahoeEast,11,https://prd-tnm.s3.amazonaws.com/StagedProducts/Elevation/OPR/Projects/CA_SierraNevada_B22/CA_SierraNevada_8_2022/TIFF/USGS_OPR_CA_SierraNevada_B22_11SKD4328.tif
11SKD4329,ca_sierranevada_8_2022_TahoeEast,11,https://prd-tnm.s3.amazonaws.com/StagedProducts/Elevation/OPR/Projects/CA_SierraNevada_B22/CA_SierraNevada_8_2022/TIFF/USGS_OPR_CA_SierraNevada_B22_11SKD4329.tif
11SKD4330,ca_sierranevada_8_2022_TahoeEast,11,https://prd-tnm.s3.amazonaws.com/StagedProducts/Elevation/OPR/Projects/CA_SierraNevada_B22/CA_SierraNevada_8_2022/TIFF/USGS_OPR_CA_SierraNevada_B22_11SKD4330.tif
11SKD4331,ca_sierranevada_8_2022_TahoeEast,11,https://prd-tnm.s3.amazonaws.com/StagedProducts/Elevation/OPR/Projects/CA_SierraNevada_B22/CA_SierraNevada_8_2022/TIFF/USGS_OPR_CA_SierraNevada_B22_11SKD4331.tif
11SKD4332,ca_sierranevada_8_2022_TahoeEast,11,https://prd-tnm.s3.amazonaws.com/StagedProducts/Elevation/OPR/Projects/CA_SierraNevada_B22/CA_SierraNevada_8_2022/TIFF/USGS_OPR_CA_SierraNevada_B22_11SKD4332.tif
11SKD4333,ca_sierranevada_8_2022_TahoeEast,11,https://prd-tnm.s3.amazonaws.com/StagedProducts/Elevation/OPR/Projects/CA_SierraNevada_B22/CA_SierraNevada_8_2022/TIFF/USGS_OPR_CA_SierraNevada_B22_11SKD4333.tif
11SKD4334,ca_sierranevada_8_2022_TahoeEast,11,https://prd-tnm.s3.amazonaws.com/StagedProducts/Elevation/OPR/Projects/CA_SierraNevada_B22/CA_SierraNevada_8_2022/TIFF/USGS_OPR_CA_SierraNevada_B22_11SKD4334.tif
11SKD4335,ca_sierranevada_8_2022_TahoeEast,11,https://prd-tnm.s3.amazonaws.com/StagedProducts/Elevation/OPR/Projects/CA_SierraNevada_B22/CA_SierraNevada_8_2022/TIFF/USGS_OPR_CA_SierraNevada_B22_11SKD4335.tif
11SKD4336,ca_sierranevada_8_2022_TahoeEast,11,https://prd-tnm.s3.amazonaws.com/StagedProducts/Elevation/OPR/Projects/CA_SierraNevada_B22/CA_SierraNevada_8_2022/TIFF/USGS_OPR_CA_SierraNevada_B22_11SKD4336.tif
11SKD4337,ca_sierranevada_8_2022_TahoeEast,11,https://prd-tnm.s3.amazonaws.com/StagedProducts/Elevation/OPR/Projects/CA_SierraNevada_B22/CA_SierraNevada_8_2022/TIFF/USGS_OPR_CA_SierraNevada_B22_11SKD4337.tif
11SKD4338,ca_sierranevada_8_2022_TahoeEast,11,https://prd-tnm.s3.amazonaws.com/StagedProducts/Elevation/OPR/Projects/CA_SierraNevada_B22/CA_SierraNevada_8_2022/TIFF/USGS_OPR_CA_SierraNevada_B22_11SKD4338.tif
11SKD4339,ca_sierranevada_8_2022_TahoeEast,11,https://prd-tnm.s3.amazonaws.com/StagedProducts/Elevation/OPR/Projects/CA_SierraNevada_B22/CA_SierraNevada_8_2022/TIFF/USGS_OPR_CA_SierraNevada_B22_11SKD4339.tif
11SKD4340,ca_sierranevada_8_2022_TahoeEast,11,https://prd-tnm.s3.amazonaws.com/StagedProducts/Elevation/OPR/Projects/CA_SierraNevada_B22/CA_SierraNevada_8_2022/TIFF/USGS_OPR_CA_SierraNevada_B22_11SKD4340.tif
11SKD4341,ca_sierranevada_8_2022_TahoeEast,11,https://prd-tnm.s3.amazonaws.com/StagedProducts/Elevation/OPR/Projects/CA_SierraNevada_B22/CA_SierraNevada_8_2022/TIFF/USGS_OPR_CA_SierraNevada_B22_11SKD4341.tif
11SKD4342,ca_sierranevada_8_2022_TahoeEast,11,https://prd-tnm.s3.amazonaws.com/StagedProducts/Elevation/OPR/Projects/CA_SierraNevada_B22/CA_SierraNevada_8_2022/TIFF/USGS_OPR_CA_SierraNevada_B22_11SKD4342.tif
11SKD4343,ca_sierranevada_8_2022_TahoeEast,11,https://prd-tnm.s3.amazonaws.com/StagedProducts/Elevation/OPR/Projects/CA_SierraNevada_B22/CA_SierraNevada_8_2022/TIFF/USGS_OPR_CA_SierraNevada_B22_11SKD4343.tif
11SKD4344,ca_sierranevada_8_2022_TahoeEast,11,https://prd-tnm.s3.amazonaws.com/StagedProducts/Elevation/OPR/Projects/CA_SierraNevada_B22/CA_SierraNevada_8_2022/TIFF/USGS_OPR_CA_SierraNevada_B22_11SKD4344.tif
11SKD4345,ca_sierranevada_8_2022_TahoeEast,11,https://prd-tnm.s3.amazonaws.com/StagedProducts/Elevation/OPR/Projects/CA_SierraNevada_B22/CA_SierraNevada_8_2022/TIFF/USGS_OPR_CA_SierraNevada_B22_11SKD4345.tif
11SKD4346,ca_sierranevada_8_2022_TahoeEast,11,https://prd-tnm.s3.amazonaws.com/StagedProducts/Elevation/OPR/Projects/CA_SierraNevada_B22/CA_SierraNevada_8_2022/TIFF/USGS_OPR_CA_SierraNevada_B22_11SKD4346.tif
11SKD4347,ca_sierranevada_8_2022_TahoeEast,11,https://prd-tnm.s3.amazonaws.com/StagedProducts/Elevation/OPR/Projects/CA_SierraNevada_B22/CA_SierraNevada_8_2022/TIFF/USGS_OPR_CA_SierraNevada_B22_11SKD4347.tif
11SKD4348,ca_sierranevada_8_2022_TahoeEast,11,https://prd-tnm.s3.amazonaws.com/StagedProducts/Elevation/OPR/Projects/CA_SierraNevada_B22/CA_SierraNevada_8_2022/TIFF/USGS_OPR_CA_SierraNevada_B22_11SKD4348.tif
11SKD4349,ca_sierranevada_8_2022_TahoeEast,11,https://prd-tnm.s3.amazonaws.com/StagedProducts/Elevation/OPR/Projects/CA_SierraNevada_B22/CA_SierraNevada_8_2022/TIFF/USGS_OPR_CA_SierraNevada_B22_11SKD4349.tif
11SKD4350,ca_sierranevada_8_2022_TahoeEast,11,https://prd-tnm.s3.amazonaws.com/StagedProducts/Elevation/OPR/Projects/CA_SierraNevada_B22/CA_SierraNevada_8_2022/TIFF/USGS_OPR_CA_SierraNevada_B22_11SKD4350.tif
11SKD4351,ca_sierranevada_8_2022_TahoeEast,11,https://prd-tnm.s3.amazonaws.com/StagedProducts/Elevation/OPR/Projects/CA_SierraNevada_B22/CA_SierraNevada_8_2022/TIFF/USGS_OPR_CA_SierraNevada_B22_11SKD4351.tif
11SKD4352,ca_sierranevada_8_2022_TahoeEast,11,https://prd-tnm.s3.amazonaws.com/StagedProducts/Elevation/OPR/Projects/CA_SierraNevada_B22/CA_SierraNevada_8_2022/TIFF/USGS_OPR_CA_SierraNevada_B22_11SKD4352.tif
11SKD4400,ca_sierranevada_8_2022_TahoeEast,11,https://prd-tnm.s3.amazonaws.com/StagedProducts/Elevation/OPR/Projects/CA_SierraNevada_B22/CA_SierraNevada_8_2022/TIFF/USGS_OPR_CA_SierraNevada_B22_11SKD4400.tif
11SKD4401,ca_sierranevada_8_2022_TahoeEast,11,https://prd-tnm.s3.amazonaws.com/StagedProducts/Elevation/OPR/Projects/CA_SierraNevada_B22/CA_SierraNevada_8_2022/TIFF/USGS_OPR_CA_SierraNevada_B22_11SKD4401.tif
11SKD4402,ca_sierranevada_8_2022_TahoeEast,11,https://prd-tnm.s3.amazonaws.com/StagedProducts/Elevation/OPR/Projects/CA_SierraNevada_B22/CA_SierraNevada_8_2022/TIFF/USGS_OPR_CA_SierraNevada_B22_11SKD4402.tif
11SKD4403,ca_sierranevada_8_2022_TahoeEast,11,https://prd-tnm.s3.amazonaws.com/StagedProducts/Elevation/OPR/Projects/CA_SierraNevada_B22/CA_SierraNevada_8_2022/TIFF/USGS_OPR_CA_SierraNevada_B22_11SKD4403.tif
11SKD4404,ca_sierranevada_8_2022_TahoeEast,11,https://prd-tnm.s3.amazonaws.com/StagedProducts/Elevation/OPR/Projects/CA_SierraNevada_B22/CA_SierraNevada_8_2022/TIFF/USGS_OPR_CA_SierraNevada_B22_11SKD4404.tif
11SKD4405,ca_sierranevada_8_2022_TahoeEast,11,https://prd-tnm.s3.amazonaws.com/StagedProducts/Elevation/OPR/Projects/CA_SierraNevada_B22/CA_SierraNevada_8_2022/TIFF/USGS_OPR_CA_SierraNevada_B22_11SKD4405.tif
11SKD4406,ca_sierranevada_8_2022_TahoeEast,11,https://prd-tnm.s3.amazonaws.com/StagedProducts/Elevation/OPR/Projects/CA_SierraNevada_B22/CA_SierraNevada_8_2022/TIFF/USGS_OPR_CA_SierraNevada_B22_11SKD4406.tif
11SKD4407,ca_sierranevada_8_2022_TahoeEast,11,https://prd-tnm.s3.amazonaws.com/StagedProducts/Elevation/OPR/Projects/CA_SierraNevada_B22/CA_SierraNevada_8_2022/TIFF/USGS_OPR_CA_SierraNevada_B22_11SKD4407.tif
11SKD4408,ca_sierranevada_8_2022_TahoeEast,11,https://prd-tnm.s3.amazonaws.com/StagedProducts/Elevation/OPR/Projects/CA_SierraNevada_B22/CA_SierraNevada_8_2022/TIFF/USGS_OPR_CA_SierraNevada_B22_11SKD4408.tif
11SKD4409,ca_sierranevada_8_2022_TahoeEast,11,https://prd-tnm.s3.amazonaws.com/StagedProducts/Elevation/OPR/Projects/CA_SierraNevada_B22/CA_SierraNevada_8_2022/TIFF/USGS_OPR_CA_SierraNevada_B22_11SKD4409.tif
11SKD4410,ca_sierranevada_8_2022_TahoeEast,11,https://prd-tnm.s3.amazonaws.com/StagedProducts/Elevation/OPR/Projects/CA_SierraNevada_B22/CA_SierraNevada_8_2022/TIFF/USGS_OPR_CA_SierraNevada_B22_11SKD4410.tif
11SKD4411,ca_sierranevada_8_2022_TahoeEast,11,https://prd-tnm.s3.amazonaws.com/StagedProducts/Elevation/OPR/Projects/CA_SierraNevada_B22/CA_SierraNevada_8_2022/TIFF/USGS_OPR_CA_SierraNevada_B22_11SKD4411.tif
11SKD4412,ca_sierranevada_8_2022_TahoeEast,11,https://prd-tnm.s3.amazonaws.com/StagedProducts/Elevation/OPR/Projects/CA_SierraNevada_B22/CA_SierraNevada_8_2022/TIFF/USGS_OPR_CA_SierraNevada_B22_11SKD4412.tif
11SKD4413,ca_sierranevada_8_2022_TahoeEast,11,https://prd-tnm.s3.amazonaws.com/StagedProducts/Elevation/OPR/Projects/CA_SierraNevada_B22/CA_SierraNevada_8_2022/TIFF/USGS_OPR_CA_SierraNevada_B22_11SKD4413.tif
11SKD4414,ca_sierranevada_8_2022_TahoeEast,11,https://prd-tnm.s3.amazonaws.com/StagedProducts/Elevation/OPR/Projects/CA_SierraNevada_B22/CA_SierraNevada_8_2022/TIFF/USGS_OPR_CA_SierraNevada_B22_11SKD4414.tif
11SKD4415,ca_sierranevada_8_2022_TahoeEast,11,https://prd-tnm.s3.amazonaws.com/StagedProducts/Elevation/OPR/Projects/CA_SierraNevada_B22/CA_SierraNevada_8_2022/TIFF/USGS_OPR_CA_SierraNevada_B22_11SKD4415.tif
11SKD4416,ca_sierranevada_8_2022_TahoeEast,11,https://prd-tnm.s3.amazonaws.com/StagedProducts/Elevation/OPR/Projects/CA_SierraNevada_B22/CA_SierraNevada_8_2022/TIFF/USGS_OPR_CA_SierraNevada_B22_11SKD4416.tif
11SKD4417,ca_sierranevada_8_2022_TahoeEast,11,https://prd-tnm.s3.amazonaws.com/StagedProducts/Elevation/OPR/Projects/CA_SierraNevada_B22/CA_SierraNevada_8_2022/TIFF/USGS_OPR_CA_SierraNevada_B22_11SKD4417.tif
11SKD4418,ca_sierranevada_8_2022_TahoeEast,11,https://prd-tnm.s3.amazonaws.com/StagedProducts/Elevation/OPR/Projects/CA_SierraNevada_B22/CA_SierraNevada_8_2022/TIFF/USGS_OPR_CA_SierraNevada_B22_11SKD4418.tif
11SKD4419,ca_sierranevada_8_2022_TahoeEast,11,https://prd-tnm.s3.amazonaws.com/StagedProducts/Elevation/OPR/Projects/CA_SierraNevada_B22/CA_SierraNevada_8_2022/TIFF/USGS_OPR_CA_SierraNevada_B22_11SKD4419.tif
11SKD4420,ca_sierranevada_8_2022_TahoeEast,11,https://prd-tnm.s3.amazonaws.com/StagedProducts/Elevation/OPR/Projects/CA_SierraNevada_B22/CA_SierraNevada_8_2022/TIFF/USGS_OPR_CA_SierraNevada_B22_11SKD4420.tif
11SKD4421,ca_sierranevada_8_2022_TahoeEast,11,https://prd-tnm.s3.amazonaws.com/StagedProducts/Elevation/OPR/Projects/CA_SierraNevada_B22/CA_SierraNevada_8_2022/TIFF/USGS_OPR_CA_SierraNevada_B22_11SKD4421.tif
11SKD4422,ca_sierranevada_8_2022_TahoeEast,11,https://prd-tnm.s3.amazonaws.com/StagedProducts/Elevation/OPR/Projects/CA_SierraNevada_B22/CA_SierraNevada_8_2022/TIFF/USGS_OPR_CA_SierraNevada_B22_11SKD4422.tif
11SKD4423,ca_sierranevada_8_2022_TahoeEast,11,https://prd-tnm.s3.amazonaws.com/StagedProducts/Elevation/OPR/Projects/CA_SierraNevada_B22/CA_SierraNevada_8_2022/TIFF/USGS_OPR_CA_SierraNevada_B22_11SKD4423.tif
11SKD4424,ca_sierranevada_8_2022_TahoeEast,11,https://prd-tnm.s3.amazonaws.com/StagedProducts/Elevation/OPR/Projects/CA_SierraNevada_B22/CA_SierraNevada_8_2022/TIFF/USGS_OPR_CA_SierraNevada_B22_11SKD4424.tif
11SKD4425,ca_sierranevada_8_2022_TahoeEast,11,https://prd-tnm.s3.amazonaws.com/StagedProducts/Elevation/OPR/Projects/CA_SierraNevada_B22/CA_SierraNevada_8_2022/TIFF/USGS_OPR_CA_SierraNevada_B22_11SKD4425.tif
11SKD4426,ca_sierranevada_8_2022_TahoeEast,11,https://prd-tnm.s3.amazonaws.com/StagedProducts/Elevation/OPR/Projects/CA_SierraNevada_B22/CA_SierraNevada_8_2022/TIFF/USGS_OPR_CA_SierraNevada_B22_11SKD4426.tif
11SKD4427,ca_sierranevada_8_2022_TahoeEast,11,https://prd-tnm.s3.amazonaws.com/StagedProducts/Elevation/OPR/Projects/CA_SierraNevada_B22/CA_SierraNevada_8_2022/TIFF/USGS_OPR_CA_SierraNevada_B22_11SKD4427.tif
11SKD4428,ca_sierranevada_8_2022_TahoeEast,11,https://prd-tnm.s3.amazonaws.com/StagedProducts/Elevation/OPR/Projects/CA_SierraNevada_B22/CA_SierraNevada_8_2022/TIFF/USGS_OPR_CA_SierraNevada_B22_11SKD4428.tif
11SKD4429,ca_sierranevada_8_2022_TahoeEast,11,https://prd-tnm.s3.amazonaws.com/StagedProducts/Elevation/OPR/Projects/CA_SierraNevada_B22/CA_SierraNevada_8_2022/TIFF/USGS_OPR_CA_SierraNevada_B22_11SKD4429.tif
11SKD4430,ca_sierranevada_8_2022_TahoeEast,11,https://prd-tnm.s3.amazonaws.com/StagedProducts/Elevation/OPR/Projects/CA_SierraNevada_B22/CA_SierraNevada_8_2022/TIFF/USGS_OPR_CA_SierraNevada_B22_11SKD4430.tif
11SKD4431,ca_sierranevada_8_2022_TahoeEast,11,https://prd-tnm.s3.amazonaws.com/StagedProducts/Elevation/OPR/Projects/CA_SierraNevada_B22/CA_SierraNevada_8_2022/TIFF/USGS_OPR_CA_SierraNevada_B22_11SKD4431.tif
11SKD4432,ca_sierranevada_8_2022_TahoeEast,11,https://prd-tnm.s3.amazonaws.com/StagedProducts/Elevation/OPR/Projects/CA_SierraNevada_B22/CA_SierraNevada_8_2022/TIFF/USGS_OPR_CA_SierraNevada_B22_11SKD4432.tif
11SKD4433,ca_sierranevada_8_2022_TahoeEast,11,https://prd-tnm.s3.amazonaws.com/StagedProducts/Elevation/OPR/Projects/CA_SierraNevada_B22/CA_SierraNevada_8_2022/TIFF/USGS_OPR_CA_SierraNevada_B22_11SKD4433.tif
11SKD4434,ca_sierranevada_8_2022_TahoeEast,11,https://prd-tnm.s3.amazonaws.com/StagedProducts/Elevation/OPR/Projects/CA_SierraNevada_B22/CA_SierraNevada_8_2022/TIFF/USGS_OPR_CA_SierraNevada_B22_11SKD4434.tif
11SKD4435,ca_sierranevada_8_2022_TahoeEast,11,https://prd-tnm.s3.amazonaws.com/StagedProducts/Elevation/OPR/Projects/CA_SierraNevada_B22/CA_SierraNevada_8_2022/TIFF/USGS_OPR_CA_SierraNevada_B22_11SKD4435.tif
11SKD4436,ca_sierranevada_8_2022_TahoeEast,11,https://prd-tnm.s3.amazonaws.com/StagedProducts/Elevation/OPR/Projects/CA_SierraNevada_B22/CA_SierraNevada_8_2022/TIFF/USGS_OPR_CA_SierraNevada_B22_11SKD4436.tif
11SKD4437,ca_sierranevada_8_2022_TahoeEast,11,https://prd-tnm.s3.amazonaws.com/StagedProducts/Elevation/OPR/Projects/CA_SierraNevada_B22/CA_SierraNevada_8_2022/TIFF/USGS_OPR_CA_SierraNevada_B22_11SKD4437.tif
11SKD4438,ca_sierranevada_8_2022_TahoeEast,11,https://prd-tnm.s3.amazonaws.com/StagedProducts/Elevation/OPR/Projects/CA_SierraNevada_B22/CA_SierraNevada_8_2022/TIFF/USGS_OPR_CA_SierraNevada_B22_11SKD4438.tif
11SKD4439,ca_sierranevada_8_2022_TahoeEast,11,https://prd-tnm.s3.amazonaws.com/StagedProducts/Elevation/OPR/Projects/CA_SierraNevada_B22/CA_SierraNevada_8_2022/TIFF/USGS_OPR_CA_SierraNevada_B22_11SKD4439.tif
11SKD4440,ca_sierranevada_8_2022_TahoeEast,11,https://prd-tnm.s3.amazonaws.com/StagedProducts/Elevation/OPR/Projects/CA_SierraNevada_B22/CA_SierraNevada_8_2022/TIFF/USGS_OPR_CA_SierraNevada_B22_11SKD4440.tif
11SKD4441,ca_sierranevada_8_2022_TahoeEast,11,https://prd-tnm.s3.amazonaws.com/StagedProducts/Elevation/OPR/Projects/CA_SierraNevada_B22/CA_SierraNevada_8_2022/TIFF/USGS_OPR_CA_SierraNevada_B22_11SKD4441.tif
11SKD4442,ca_sierranevada_8_2022_TahoeEast,11,https://prd-tnm.s3.amazonaws.com/StagedProducts/Elevation/OPR/Projects/CA_SierraNevada_B22/CA_SierraNevada_8_2022/TIFF/USGS_OPR_CA_SierraNevada_B22_11SKD4442.tif
11SKD4443,ca_sierranevada_8_2022_TahoeEast,11,https://prd-tnm.s3.amazonaws.com/StagedProducts/Elevation/OPR/Projects/CA_SierraNevada_B22/CA_SierraNevada_8_2022/TIFF/USGS_OPR_CA_SierraNevada_B22_11SKD4443.tif
11SKD4444,ca_sierranevada_8_2022_TahoeEast,11,https://prd-tnm.s3.amazonaws.com/StagedProducts/Elevation/OPR/Projects/CA_SierraNevada_B22/CA_SierraNevada_8_2022/TIFF/USGS_OPR_CA_SierraNevada_B22_11SKD4444.tif
11SKD4445,ca_sierranevada_8_2022_TahoeEast,11,https://prd-tnm.s3.amazonaws.com/StagedProducts/Elevation/OPR/Projects/CA_SierraNevada_B22/CA_SierraNevada_8_2022/TIFF/USGS_OPR_CA_SierraNevada_B22_11SKD4445.tif
11SKD4446,ca_sierranevada_8_2022_TahoeEast,11,https://prd-tnm.s3.amazonaws.com/StagedProducts/Elevation/OPR/Projects/CA_SierraNevada_B22/CA_SierraNevada_8_2022/TIFF/USGS_OPR_CA_SierraNevada_B22_11SKD4446.tif
11SKD4447,ca_sierranevada_8_2022_TahoeEast,11,https://prd-tnm.s3.amazonaws.com/StagedProducts/Elevation/OPR/Projects/CA_SierraNevada_B22/CA_SierraNevada_8_2022/TIFF/USGS_OPR_CA_SierraNevada_B22_11SKD4447.tif
11SKD4448,ca_sierranevada_8_2022_TahoeEast,11,https://prd-tnm.s3.amazonaws.com/StagedProducts/Elevation/OPR/Projects/CA_SierraNevada_B22/CA_SierraNevada_8_2022/TIFF/USGS_OPR_CA_SierraNevada_B22_11SKD4448.tif
11SKD4449,ca_sierranevada_8_2022_TahoeEast,11,https://prd-tnm.s3.amazonaws.com/StagedProducts/Elevation/OPR/Projects/CA_SierraNevada_B22/CA_SierraNevada_8_2022/TIFF/USGS_OPR_CA_SierraNevada_B22_11SKD4449.tif
11SKD4450,ca_sierranevada_8_2022_TahoeEast,11,https://prd-tnm.s3.amazonaws.com/StagedProducts/Elevation/OPR/Projects/CA_SierraNevada_B22/CA_SierraNevada_8_2022/TIFF/USGS_OPR_CA_SierraNevada_B22_11SKD4450.tif
11SKD4451,ca_sierranevada_8_2022_TahoeEast,11,https://prd-tnm.s3.amazonaws.com/StagedProducts/Elevation/OPR/Projects/CA_SierraNevada_B22/CA_SierraNevada_8_2022/TIFF/USGS_OPR_CA_SierraNevada_B22_11SKD4451.tif
11SKD4452,ca_sierranevada_8_2022_TahoeEast,11,https://prd-tnm.s3.amazonaws.com/StagedProducts/Elevation/OPR/Projects/CA_SierraNevada_B22/CA_SierraNevada_8_2022/TIFF/USGS_OPR_CA_SierraNevada_B22_11SKD4452.tif
11SKD4453,ca_sierranevada_8_2022_TahoeEast,11,https://prd-tnm.s3.amazonaws.com/StagedProducts/Elevation/OPR/Projects/CA_SierraNevada_B22/CA_SierraNevada_8_2022/TIFF/USGS_OPR_CA_SierraNevada_B22_11SKD4453.tif
11SKD4500,ca_sierranevada_8_2022_TahoeEast,11,https://prd-tnm.s3.amazonaws.com/StagedProducts/Elevation/OPR/Projects/CA_SierraNevada_B22/CA_SierraNevada_8_2022/TIFF/USGS_OPR_CA_SierraNevada_B22_11SKD4500.tif
11SKD4501,ca_sierranevada_8_2022_TahoeEast,11,https://prd-tnm.s3.amazonaws.com/StagedProducts/Elevation/OPR/Projects/CA_SierraNevada_B22/CA_SierraNevada_8_2022/TIFF/USGS_OPR_CA_SierraNevada_B22_11SKD4501.tif
11SKD4502,ca_sierranevada_8_2022_TahoeEast,11,https://prd-tnm.s3.amazonaws.com/StagedProducts/Elevation/OPR/Projects/CA_SierraNevada_B22/CA_SierraNevada_8_2022/TIFF/USGS_OPR_CA_SierraNevada_B22_11SKD4502.tif
11SKD4503,ca_sierranevada_8_2022_TahoeEast,11,https://prd-tnm.s3.amazonaws.com/StagedProducts/Elevation/OPR/Projects/CA_SierraNevada_B22/CA_SierraNevada_8_2022/TIFF/USGS_OPR_CA_SierraNevada_B22_11SKD4503.tif
11SKD4504,ca_sierranevada_8_2022_TahoeEast,11,https://prd-tnm.s3.amazonaws.com/StagedProducts/Elevation/OPR/Projects/CA_SierraNevada_B22/CA_SierraNevada_8_2022/TIFF/USGS_OPR_CA_SierraNevada_B22_11SKD4504.tif
11SKD4505,ca_sierranevada_8_2022_TahoeEast,11,https://prd-tnm.s3.amazonaws.com/StagedProducts/Elevation/OPR/Projects/CA_SierraNevada_B22/CA_SierraNevada_8_2022/TIFF/USGS_OPR_CA_SierraNevada_B22_11SKD4505.tif
11SKD4506,ca_sierranevada_8_2022_TahoeEast,11,https://prd-tnm.s3.amazonaws.com/StagedProducts/Elevation/OPR/Projects/CA_SierraNevada_B22/CA_SierraNevada_8_2022/TIFF/USGS_OPR_CA_SierraNevada_B22_11SKD4506.tif
11SKD4507,ca_sierranevada_8_2022_TahoeEast,11,https://prd-tnm.s3.amazonaws.com/StagedProducts/Elevation/OPR/Projects/CA_SierraNevada_B22/CA_SierraNevada_8_2022/TIFF/USGS_OPR_CA_SierraNevada_B22_11SKD4507.tif
11SKD4508,ca_sierranevada_8_2022_TahoeEast,11,https://prd-tnm.s3.amazonaws.com/StagedProducts/Elevation/OPR/Projects/CA_SierraNevada_B22/CA_SierraNevada_8_2022/TIFF/USGS_OPR_CA_SierraNevada_B22_11SKD4508.tif
11SKD4509,ca_sierranevada_8_2022_TahoeEast,11,https://prd-tnm.s3.amazonaws.com/StagedProducts/Elevation/OPR/Projects/CA_SierraNevada_B22/CA_SierraNevada_8_2022/TIFF/USGS_OPR_CA_SierraNevada_B22_11SKD4509.tif
11SKD4510,ca_sierranevada_8_2022_TahoeEast,11,https://prd-tnm.s3.amazonaws.com/StagedProducts/Elevation/OPR/Projects/CA_SierraNevada_B22/CA_SierraNevada_8_2022/TIFF/USGS_OPR_CA_SierraNevada_B22_11SKD4510.tif
11SKD4511,ca_sierranevada_8_2022_TahoeEast,11,https://prd-tnm.s3.amazonaws.com/StagedProducts/Elevation/OPR/Projects/CA_SierraNevada_B22/CA_SierraNevada_8_2022/TIFF/USGS_OPR_CA_SierraNevada_B22_11SKD4511.tif
11SKD4512,ca_sierranevada_8_2022_TahoeEast,11,https://prd-tnm.s3.amazonaws.com/StagedProducts/Elevation/OPR/Projects/CA_SierraNevada_B22/CA_SierraNevada_8_2022/TIFF/USGS_OPR_CA_SierraNevada_B22_11SKD4512.tif
11SKD4513,ca_sierranevada_8_2022_TahoeEast,11,https://prd-tnm.s3.amazonaws.com/StagedProducts/Elevation/OPR/Projects/CA_SierraNevada_B22/CA_SierraNevada_8_2022/TIFF/USGS_OPR_CA_SierraNevada_B22_11SKD4513.tif
11SKD4514,ca_sierranevada_8_2022_TahoeEast,11,https://prd-tnm.s3.amazonaws.com/StagedProducts/Elevation/OPR/Projects/CA_SierraNevada_B22/CA_SierraNevada_8_2022/TIFF/USGS_OPR_CA_SierraNevada_B22_11SKD4514.tif
11SKD4515,ca_sierranevada_8_2022_TahoeEast,11,https://prd-tnm.s3.amazonaws.com/StagedProducts/Elevation/OPR/Projects/CA_SierraNevada_B22/CA_SierraNevada_8_2022/TIFF/USGS_OPR_CA_SierraNevada_B22_11SKD4515.tif
11SKD4516,ca_sierranevada_8_2022_TahoeEast,11,https://prd-tnm.s3.amazonaws.com/StagedProducts/Elevation/OPR/Projects/CA_SierraNevada_B22/CA_SierraNevada_8_2022/TIFF/USGS_OPR_CA_SierraNevada_B22_11SKD4516.tif
11SKD4517,ca_sierranevada_8_2022_TahoeEast,11,https://prd-tnm.s3.amazonaws.com/StagedProducts/Elevation/OPR/Projects/CA_SierraNevada_B22/CA_SierraNevada_8_2022/TIFF/USGS_OPR_CA_SierraNevada_B22_11SKD4517.tif
11SKD4518,ca_sierranevada_8_2022_TahoeEast,11,https://prd-tnm.s3.amazonaws.com/StagedProducts/Elevation/OPR/Projects/CA_SierraNevada_B22/CA_SierraNevada_8_2022/TIFF/USGS_OPR_CA_SierraNevada_B22_11SKD4518.tif
11SKD4519,ca_sierranevada_8_2022_TahoeEast,11,https://prd-tnm.s3.amazonaws.com/StagedProducts/Elevation/OPR/Projects/CA_SierraNevada_B22/CA_SierraNevada_8_2022/TIFF/USGS_OPR_CA_SierraNevada_B22_11SKD4519.tif
11SKD4520,ca_sierranevada_8_2022_TahoeEast,11,https://prd-tnm.s3.amazonaws.com/StagedProducts/Elevation/OPR/Projects/CA_SierraNevada_B22/CA_SierraNevada_8_2022/TIFF/USGS_OPR_CA_SierraNevada_B22_11SKD4520.tif
11SKD4521,ca_sierranevada_8_2022_TahoeEast,11,https://prd-tnm.s3.amazonaws.com/StagedProducts/Elevation/OPR/Projects/CA_SierraNevada_B22/CA_SierraNevada_8_2022/TIFF/USGS_OPR_CA_SierraNevada_B22_11SKD4521.tif
11SKD4522,ca_sierranevada_8_2022_TahoeEast,11,https://prd-tnm.s3.amazonaws.com/StagedProducts/Elevation/OPR/Projects/CA_SierraNevada_B22/CA_SierraNevada_8_2022/TIFF/USGS_OPR_CA_SierraNevada_B22_11SKD4522.tif
11SKD4523,ca_sierranevada_8_2022_TahoeEast,11,https://prd-tnm.s3.amazonaws.com/StagedProducts/Elevation/OPR/Projects/CA_SierraNevada_B22/CA_SierraNevada_8_2022/TIFF/USGS_OPR_CA_SierraNevada_B22_11SKD4523.tif
11SKD4524,ca_sierranevada_8_2022_TahoeEast,11,https://prd-tnm.s3.amazonaws.com/StagedProducts/Elevation/OPR/Projects/CA_SierraNevada_B22/CA_SierraNevada_8_2022/TIFF/USGS_OPR_CA_SierraNevada_B22_11SKD4524.tif
11SKD4525,ca_sierranevada_8_2022_TahoeEast,11,https://prd-tnm.s3.amazonaws.com/StagedProducts/Elevation/OPR/Projects/CA_SierraNevada_B22/CA_SierraNevada_8_2022/TIFF/USGS_OPR_CA_SierraNevada_B22_11SKD4525.tif
11SKD4526,ca_sierranevada_8_2022_TahoeEast,11,https://prd-tnm.s3.amazonaws.com/StagedProducts/Elevation/OPR/Projects/CA_SierraNevada_B22/CA_SierraNevada_8_2022/TIFF/USGS_OPR_CA_SierraNevada_B22_11SKD4526.tif
11SKD4527,ca_sierranevada_8_2022_TahoeEast,11,https://prd-tnm.s3.amazonaws.com/StagedProducts/Elevation/OPR/Projects/CA_SierraNevada_B22/CA_SierraNevada_8_2022/TIFF/USGS_OPR_CA_SierraNevada_B22_11SKD4527.tif
11SKD4528,ca_sierranevada_8_2022_TahoeEast,11,https://prd-tnm.s3.amazonaws.com/StagedProducts/Elevation/OPR/Projects/CA_SierraNevada_B22/CA_SierraNevada_8_2022/TIFF/USGS_OPR_CA_SierraNevada_B22_11SKD4528.tif
11SKD4529,ca_sierranevada_8_2022_TahoeEast,11,https://prd-tnm.s3.amazonaws.com/StagedProducts/Elevation/OPR/Projects/CA_SierraNevada_B22/CA_SierraNevada_8_2022/TIFF/USGS_OPR_CA_SierraNevada_B22_11SKD4529.tif
11SKD4530,ca_sierranevada_8_2022_TahoeEast,11,https://prd-tnm.s3.amazonaws.com/StagedProducts/Elevation/OPR/Projects/CA_SierraNevada_B22/CA_SierraNevada_8_2022/TIFF/USGS_OPR_CA_SierraNevada_B22_11SKD4530.tif
11SKD4531,ca_sierranevada_8_2022_TahoeEast,11,https://prd-tnm.s3.amazonaws.com/StagedProducts/Elevation/OPR/Projects/CA_SierraNevada_B22/CA_SierraNevada_8_2022/TIFF/USGS_OPR_CA_SierraNevada_B22_11SKD4531.tif
11SKD4532,ca_sierranevada_8_2022_TahoeEast,11,https://prd-tnm.s3.amazonaws.com/StagedProducts/Elevation/OPR/Projects/CA_SierraNevada_B22/CA_SierraNevada_8_2022/TIFF/USGS_OPR_CA_SierraNevada_B22_11SKD4532.tif
11SKD4533,ca_sierranevada_8_2022_TahoeEast,11,https://prd-tnm.s3.amazonaws.com/StagedProducts/Elevation/OPR/Projects/CA_SierraNevada_B22/CA_SierraNevada_8_2022/TIFF/USGS_OPR_CA_SierraNevada_B22_11SKD4533.tif
11SKD4534,ca_sierranevada_8_2022_TahoeEast,11,https://prd-tnm.s3.amazonaws.com/StagedProducts/Elevation/OPR/Projects/CA_SierraNevada_B22/CA_SierraNevada_8_2022/TIFF/USGS_OPR_CA_SierraNevada_B22_11SKD4534.tif
11SKD4535,ca_sierranevada_8_2022_TahoeEast,11,https://prd-tnm.s3.amazonaws.com/StagedProducts/Elevation/OPR/Projects/CA_SierraNevada_B22/CA_SierraNevada_8_2022/TIFF/USGS_OPR_CA_SierraNevada_B22_11SKD4535.tif
11SKD4536,ca_sierranevada_8_2022_TahoeEast,11,https://prd-tnm.s3.amazonaws.com/StagedProducts/Elevation/OPR/Projects/CA_SierraNevada_B22/CA_SierraNevada_8_2022/TIFF/USGS_OPR_CA_SierraNevada_B22_11SKD4536.tif
11SKD4537,ca_sierranevada_8_2022_TahoeEast,11,https://prd-tnm.s3.amazonaws.com/StagedProducts/Elevation/OPR/Projects/CA_SierraNevada_B22/CA_SierraNevada_8_2022/TIFF/USGS_OPR_CA_SierraNevada_B22_11SKD4537.tif
11SKD4538,ca_sierranevada_8_2022_TahoeEast,11,https://prd-tnm.s3.amazonaws.com/StagedProducts/Elevation/OPR/Projects/CA_SierraNevada_B22/CA_SierraNevada_8_2022/TIFF/USGS_OPR_CA_SierraNevada_B22_11SKD4538.tif
11SKD4539,ca_sierranevada_8_2022_TahoeEast,11,https://prd-tnm.s3.amazonaws.com/StagedProducts/Elevation/OPR/Projects/CA_SierraNevada_B22/CA_SierraNevada_8_2022/TIFF/USGS_OPR_CA_SierraNevada_B22_11SKD4539.tif
11SKD4540,ca_sierranevada_8_2022_TahoeEast,11,https://prd-tnm.s3.amazonaws.com/StagedProducts/Elevation/OPR/Projects/CA_SierraNevada_B22/CA_SierraNevada_8_2022/TIFF/USGS_OPR_CA_SierraNevada_B22_11SKD4540.tif
11SKD4541,ca_sierranevada_8_2022_TahoeEast,11,https://prd-tnm.s3.amazonaws.com/StagedProducts/Elevation/OPR/Projects/CA_SierraNevada_B22/CA_SierraNevada_8_2022/TIFF/USGS_OPR_CA_SierraNevada_B22_11SKD4541.tif
11SKD4542,ca_sierranevada_8_2022_TahoeEast,11,https://prd-tnm.s3.amazonaws.com/StagedProducts/Elevation/OPR/Projects/CA_SierraNevada_B22/CA_SierraNevada_8_2022/TIFF/USGS_OPR_CA_SierraNevada_B22_11SKD4542.tif
11SKD4543,ca_sierranevada_8_2022_TahoeEast,11,https://prd-tnm.s3.amazonaws.com/StagedProducts/Elevation/OPR/Projects/CA_SierraNevada_B22/CA_SierraNevada_8_2022/TIFF/USGS_OPR_CA_SierraNevada_B22_11SKD4543.tif
11SKD4544,ca_sierranevada_8_2022_TahoeEast,11,https://prd-tnm.s3.amazonaws.com/StagedProducts/Elevation/OPR/Projects/CA_SierraNevada_B22/CA_SierraNevada_8_2022/TIFF/USGS_OPR_CA_SierraNevada_B22_11SKD4544.tif
11SKD4545,ca_sierranevada_8_2022_TahoeEast,11,https://prd-tnm.s3.amazonaws.com/StagedProducts/Elevation/OPR/Projects/CA_SierraNevada_B22/CA_SierraNevada_8_2022/TIFF/USGS_OPR_CA_SierraNevada_B22_11SKD4545.tif
11SKD4546,ca_sierranevada_8_2022_TahoeEast,11,https://prd-tnm.s3.amazonaws.com/StagedProducts/Elevation/OPR/Projects/CA_SierraNevada_B22/CA_SierraNevada_8_2022/TIFF/USGS_OPR_CA_SierraNevada_B22_11SKD4546.tif
11SKD4547,ca_sierranevada_8_2022_TahoeEast,11,https://prd-tnm.s3.amazonaws.com/StagedProducts/Elevation/OPR/Projects/CA_SierraNevada_B22/CA_SierraNevada_8_2022/TIFF/USGS_OPR_CA_SierraNevada_B22_11SKD4547.tif
11SKD4548,ca_sierranevada_8_2022_TahoeEast,11,https://prd-tnm.s3.amazonaws.com/StagedProducts/Elevation/OPR/Projects/CA_SierraNevada_B22/CA_SierraNevada_8_2022/TIFF/USGS_OPR_CA_SierraNevada_B22_11SKD4548.tif
11SKD4549,ca_sierranevada_8_2022_TahoeEast,11,https://prd-tnm.s3.amazonaws.com/StagedProducts/Elevation/OPR/Projects/CA_SierraNevada_B22/CA_SierraNevada_8_2022/TIFF/USGS_OPR_CA_SierraNevada_B22_11SKD4549.tif
11SKD4550,ca_sierranevada_8_2022_TahoeEast,11,https://prd-tnm.s3.amazonaws.com/StagedProducts/Elevation/OPR/Projects/CA_SierraNevada_B22/CA_SierraNevada_8_2022/TIFF/USGS_OPR_CA_SierraNevada_B22_11SKD4550.tif
11SKD4551,ca_sierranevada_8_2022_TahoeEast,11,https://prd-tnm.s3.amazonaws.com/StagedProducts/Elevation/OPR/Projects/CA_SierraNevada_B22/CA_SierraNevada_8_2022/TIFF/USGS_OPR_CA_SierraNevada_B22_11SKD4551.tif
11SKD4552,ca_sierranevada_8_2022_TahoeEast,11,https://prd-tnm.s3.amazonaws.com/StagedProducts/Elevation/OPR/Projects/CA_SierraNevada_B22/CA_SierraNevada_8_2022/TIFF/USGS_OPR_CA_SierraNevada_B22_11SKD4552.tif
11SKD4553,ca_sierranevada_8_2022_TahoeEast,11,https://prd-tnm.s3.amazonaws.com/StagedProducts/Elevation/OPR/Projects/CA_SierraNevada_B22/CA_SierraNevada_8_2022/TIFF/USGS_OPR_CA_SierraNevada_B22_11SKD4553.tif
11SKD4554,ca_sierranevada_8_2022_TahoeEast,11,https://prd-tnm.s3.amazonaws.com/StagedProducts/Elevation/OPR/Projects/CA_SierraNevada_B22/CA_SierraNevada_8_2022/TIFF/USGS_OPR_CA_SierraNevada_B22_11SKD4554.tif
11SKD4600,ca_sierranevada_8_2022_TahoeEast,11,https://prd-tnm.s3.amazonaws.com/StagedProducts/Elevation/OPR/Projects/CA_SierraNevada_B22/CA_SierraNevada_8_2022/TIFF/USGS_OPR_CA_SierraNevada_B22_11SKD4600.tif
11SKD4601,ca_sierranevada_8_2022_TahoeEast,11,https://prd-tnm.s3.amazonaws.com/StagedProducts/Elevation/OPR/Projects/CA_SierraNevada_B22/CA_SierraNevada_8_2022/TIFF/USGS_OPR_CA_SierraNevada_B22_11SKD4601.tif
11SKD4602,ca_sierranevada_8_2022_TahoeEast,11,https://prd-tnm.s3.amazonaws.com/StagedProducts/Elevation/OPR/Projects/CA_SierraNevada_B22/CA_SierraNevada_8_2022/TIFF/USGS_OPR_CA_SierraNevada_B22_11SKD4602.tif
11SKD4603,ca_sierranevada_8_2022_TahoeEast,11,https://prd-tnm.s3.amazonaws.com/StagedProducts/Elevation/OPR/Projects/CA_SierraNevada_B22/CA_SierraNevada_8_2022/TIFF/USGS_OPR_CA_SierraNevada_B22_11SKD4603.tif
11SKD4604,ca_sierranevada_8_2022_TahoeEast,11,https://prd-tnm.s3.amazonaws.com/StagedProducts/Elevation/OPR/Projects/CA_SierraNevada_B22/CA_SierraNevada_8_2022/TIFF/USGS_OPR_CA_SierraNevada_B22_11SKD4604.tif
11SKD4605,ca_sierranevada_8_2022_TahoeEast,11,https://prd-tnm.s3.amazonaws.com/StagedProducts/Elevation/OPR/Projects/CA_SierraNevada_B22/CA_SierraNevada_8_2022/TIFF/USGS_OPR_CA_SierraNevada_B22_11SKD4605.tif
11SKD4606,ca_sierranevada_8_2022_TahoeEast,11,https://prd-tnm.s3.amazonaws.com/StagedProducts/Elevation/OPR/Projects/CA_SierraNevada_B22/CA_SierraNevada_8_2022/TIFF/USGS_OPR_CA_SierraNevada_B22_11SKD4606.tif
11SKD4607,ca_sierranevada_8_2022_TahoeEast,11,https://prd-tnm.s3.amazonaws.com/StagedProducts/Elevation/OPR/Projects/CA_SierraNevada_B22/CA_SierraNevada_8_2022/TIFF/USGS_OPR_CA_SierraNevada_B22_11SKD4607.tif
11SKD4608,ca_sierranevada_8_2022_TahoeEast,11,https://prd-tnm.s3.amazonaws.com/StagedProducts/Elevation/OPR/Projects/CA_SierraNevada_B22/CA_SierraNevada_8_2022/TIFF/USGS_OPR_CA_SierraNevada_B22_11SKD4608.tif
11SKD4609,ca_sierranevada_8_2022_TahoeEast,11,https://prd-tnm.s3.amazonaws.com/StagedProducts/Elevation/OPR/Projects/CA_SierraNevada_B22/CA_SierraNevada_8_2022/TIFF/USGS_OPR_CA_SierraNevada_B22_11SKD4609.tif
11SKD4610,ca_sierranevada_8_2022_TahoeEast,11,https://prd-tnm.s3.amazonaws.com/StagedProducts/Elevation/OPR/Projects/CA_SierraNevada_B22/CA_SierraNevada_8_2022/TIFF/USGS_OPR_CA_SierraNevada_B22_11SKD4610.tif
11SKD4611,ca_sierranevada_8_2022_TahoeEast,11,https://prd-tnm.s3.amazonaws.com/StagedProducts/Elevation/OPR/Projects/CA_SierraNevada_B22/CA_SierraNevada_8_2022/TIFF/USGS_OPR_CA_SierraNevada_B22_11SKD4611.tif
11SKD4612,ca_sierranevada_8_2022_TahoeEast,11,https://prd-tnm.s3.amazonaws.com/StagedProducts/Elevation/OPR/Projects/CA_SierraNevada_B22/CA_SierraNevada_8_2022/TIFF/USGS_OPR_CA_SierraNevada_B22_11SKD4612.tif
11SKD4613,ca_sierranevada_8_2022_TahoeEast,11,https://prd-tnm.s3.amazonaws.com/StagedProducts/Elevation/OPR/Projects/CA_SierraNevada_B22/CA_SierraNevada_8_2022/TIFF/USGS_OPR_CA_SierraNevada_B22_11SKD4613.tif
11SKD4614,ca_sierranevada_8_2022_TahoeEast,11,https://prd-tnm.s3.amazonaws.com/StagedProducts/Elevation/OPR/Projects/CA_SierraNevada_B22/CA_SierraNevada_8_2022/TIFF/USGS_OPR_CA_SierraNevada_B22_11SKD4614.tif
11SKD4615,ca_sierranevada_8_2022_TahoeEast,11,https://prd-tnm.s3.amazonaws.com/StagedProducts/Elevation/OPR/Projects/CA_SierraNevada_B22/CA_SierraNevada_8_2022/TIFF/USGS_OPR_CA_SierraNevada_B22_11SKD4615.tif
11SKD4616,ca_sierranevada_8_2022_TahoeEast,11,https://prd-tnm.s3.amazonaws.com/StagedProducts/Elevation/OPR/Projects/CA_SierraNevada_B22/CA_SierraNevada_8_2022/TIFF/USGS_OPR_CA_SierraNevada_B22_11SKD4616.tif
11SKD4617,ca_sierranevada_8_2022_TahoeEast,11,https://prd-tnm.s3.amazonaws.com/StagedProducts/Elevation/OPR/Projects/CA_SierraNevada_B22/CA_SierraNevada_8_2022/TIFF/USGS_OPR_CA_SierraNevada_B22_11SKD4617.tif
11SKD4618,ca_sierranevada_8_2022_TahoeEast,11,https://prd-tnm.s3.amazonaws.com/StagedProducts/Elevation/OPR/Projects/CA_SierraNevada_B22/CA_SierraNevada_8_2022/TIFF/USGS_OPR_CA_SierraNevada_B22_11SKD4618.tif
11SKD4619,ca_sierranevada_8_2022_TahoeEast,11,https://prd-tnm.s3.amazonaws.com/StagedProducts/Elevation/OPR/Projects/CA_SierraNevada_B22/CA_SierraNevada_8_2022/TIFF/USGS_OPR_CA_SierraNevada_B22_11SKD4619.tif
11SKD4620,ca_sierranevada_8_2022_TahoeEast,11,https://prd-tnm.s3.amazonaws.com/StagedProducts/Elevation/OPR/Projects/CA_SierraNevada_B22/CA_SierraNevada_8_2022/TIFF/USGS_OPR_CA_SierraNevada_B22_11SKD4620.tif
11SKD4621,ca_sierranevada_8_2022_TahoeEast,11,https://prd-tnm.s3.amazonaws.com/StagedProducts/Elevation/OPR/Projects/CA_SierraNevada_B22/CA_SierraNevada_8_2022/TIFF/USGS_OPR_CA_SierraNevada_B22_11SKD4621.tif
11SKD4622,ca_sierranevada_8_2022_TahoeEast,11,https://prd-tnm.s3.amazonaws.com/StagedProducts/Elevation/OPR/Projects/CA_SierraNevada_B22/CA_SierraNevada_8_2022/TIFF/USGS_OPR_CA_SierraNevada_B22_11SKD4622.tif
11SKD4623,ca_sierranevada_8_2022_TahoeEast,11,https://prd-tnm.s3.amazonaws.com/StagedProducts/Elevation/OPR/Projects/CA_SierraNevada_B22/CA_SierraNevada_8_2022/TIFF/USGS_OPR_CA_SierraNevada_B22_11SKD4623.tif
11SKD4624,ca_sierranevada_8_2022_TahoeEast,11,https://prd-tnm.s3.amazonaws.com/StagedProducts/Elevation/OPR/Projects/CA_SierraNevada_B22/CA_SierraNevada_8_2022/TIFF/USGS_OPR_CA_SierraNevada_B22_11SKD4624.tif
11SKD4625,ca_sierranevada_8_2022_TahoeEast,11,https://prd-tnm.s3.amazonaws.com/StagedProducts/Elevation/OPR/Projects/CA_SierraNevada_B22/CA_SierraNevada_8_2022/TIFF/USGS_OPR_CA_SierraNevada_B22_11SKD4625.tif
11SKD4626,ca_sierranevada_8_2022_TahoeEast,11,https://prd-tnm.s3.amazonaws.com/StagedProducts/Elevation/OPR/Projects/CA_SierraNevada_B22/CA_SierraNevada_8_2022/TIFF/USGS_OPR_CA_SierraNevada_B22_11SKD4626.tif
11SKD4627,ca_sierranevada_8_2022_TahoeEast,11,https://prd-tnm.s3.amazonaws.com/StagedProducts/Elevation/OPR/Projects/CA_SierraNevada_B22/CA_SierraNevada_8_2022/TIFF/USGS_OPR_CA_SierraNevada_B22_11SKD4627.tif
11SKD4628,ca_sierranevada_8_2022_TahoeEast,11,https://prd-tnm.s3.amazonaws.com/StagedProducts/Elevation/OPR/Projects/CA_SierraNevada_B22/CA_SierraNevada_8_2022/TIFF/USGS_OPR_CA_SierraNevada_B22_11SKD4628.tif
11SKD4629,ca_sierranevada_8_2022_TahoeEast,11,https://prd-tnm.s3.amazonaws.com/StagedProducts/Elevation/OPR/Projects/CA_SierraNevada_B22/CA_SierraNevada_8_2022/TIFF/USGS_OPR_CA_SierraNevada_B22_11SKD4629.tif
11SKD4630,ca_sierranevada_8_2022_TahoeEast,11,https://prd-tnm.s3.amazonaws.com/StagedProducts/Elevation/OPR/Projects/CA_SierraNevada_B22/CA_SierraNevada_8_2022/TIFF/USGS_OPR_CA_SierraNevada_B22_11SKD4630.tif
11SKD4631,ca_sierranevada_8_2022_TahoeEast,11,https://prd-tnm.s3.amazonaws.com/StagedProducts/Elevation/OPR/Projects/CA_SierraNevada_B22/CA_SierraNevada_8_2022/TIFF/USGS_OPR_CA_SierraNevada_B22_11SKD4631.tif
11SKD4632,ca_sierranevada_8_2022_TahoeEast,11,https://prd-tnm.s3.amazonaws.com/StagedProducts/Elevation/OPR/Projects/CA_SierraNevada_B22/CA_SierraNevada_8_2022/TIFF/USGS_OPR_CA_SierraNevada_B22_11SKD4632.tif
11SKD4633,ca_sierranevada_8_2022_TahoeEast,11,https://prd-tnm.s3.amazonaws.com/StagedProducts/Elevation/OPR/Projects/CA_SierraNevada_B22/CA_SierraNevada_8_2022/TIFF/USGS_OPR_CA_SierraNevada_B22_11SKD4633.tif
11SKD4634,ca_sierranevada_8_2022_TahoeEast,11,https://prd-tnm.s3.amazonaws.com/StagedProducts/Elevation/OPR/Projects/CA_SierraNevada_B22/CA_SierraNevada_8_2022/TIFF/USGS_OPR_CA_SierraNevada_B22_11SKD4634.tif
11SKD4635,ca_sierranevada_8_2022_TahoeEast,11,https://prd-tnm.s3.amazonaws.com/StagedProducts/Elevation/OPR/Projects/CA_SierraNevada_B22/CA_SierraNevada_8_2022/TIFF/USGS_OPR_CA_SierraNevada_B22_11SKD4635.tif
11SKD4636,ca_sierranevada_8_2022_TahoeEast,11,https://prd-tnm.s3.amazonaws.com/StagedProducts/Elevation/OPR/Projects/CA_SierraNevada_B22/CA_SierraNevada_8_2022/TIFF/USGS_OPR_CA_SierraNevada_B22_11SKD4636.tif
11SKD4637,ca_sierranevada_8_2022_TahoeEast,11,https://prd-tnm.s3.amazonaws.com/StagedProducts/Elevation/OPR/Projects/CA_SierraNevada_B22/CA_SierraNevada_8_2022/TIFF/USGS_OPR_CA_SierraNevada_B22_11SKD4637.tif
11SKD4638,ca_sierranevada_8_2022_TahoeEast,11,https://prd-tnm.s3.amazonaws.com/StagedProducts/Elevation/OPR/Projects/CA_SierraNevada_B22/CA_SierraNevada_8_2022/TIFF/USGS_OPR_CA_SierraNevada_B22_11SKD4638.tif
11SKD4639,ca_sierranevada_8_2022_TahoeEast,11,https://prd-tnm.s3.amazonaws.com/StagedProducts/Elevation/OPR/Projects/CA_SierraNevada_B22/CA_SierraNevada_8_2022/TIFF/USGS_OPR_CA_SierraNevada_B22_11SKD4639.tif
11SKD4640,ca_sierranevada_8_2022_TahoeEast,11,https://prd-tnm.s3.amazonaws.com/StagedProducts/Elevation/OPR/Projects/CA_SierraNevada_B22/CA_SierraNevada_8_2022/TIFF/USGS_OPR_CA_SierraNevada_B22_11SKD4640.tif
11SKD4641,ca_sierranevada_8_2022_TahoeEast,11,https://prd-tnm.s3.amazonaws.com/StagedProducts/Elevation/OPR/Projects/CA_SierraNevada_B22/CA_SierraNevada_8_2022/TIFF/USGS_OPR_CA_SierraNevada_B22_11SKD4641.tif
11SKD4642,ca_sierranevada_8_2022_TahoeEast,11,https://prd-tnm.s3.amazonaws.com/StagedProducts/Elevation/OPR/Projects/CA_SierraNevada_B22/CA_SierraNevada_8_2022/TIFF/USGS_OPR_CA_SierraNevada_B22_11SKD4642.tif
11SKD4643,ca_sierranevada_8_2022_TahoeEast,11,https://prd-tnm.s3.amazonaws.com/StagedProducts/Elevation/OPR/Projects/CA_SierraNevada_B22/CA_SierraNevada_8_2022/TIFF/USGS_OPR_CA_SierraNevada_B22_11SKD4643.tif
11SKD4644,ca_sierranevada_8_2022_TahoeEast,11,https://prd-tnm.s3.amazonaws.com/StagedProducts/Elevation/OPR/Projects/CA_SierraNevada_B22/CA_SierraNevada_8_2022/TIFF/USGS_OPR_CA_SierraNevada_B22_11SKD4644.tif
11SKD4645,ca_sierranevada_8_2022_TahoeEast,11,https://prd-tnm.s3.amazonaws.com/StagedProducts/Elevation/OPR/Projects/CA_SierraNevada_B22/CA_SierraNevada_8_2022/TIFF/USGS_OPR_CA_SierraNevada_B22_11SKD4645.tif
11SKD4646,ca_sierranevada_8_2022_TahoeEast,11,https://prd-tnm.s3.amazonaws.com/StagedProducts/Elevation/OPR/Projects/CA_SierraNevada_B22/CA_SierraNevada_8_2022/TIFF/USGS_OPR_CA_SierraNevada_B22_11SKD4646.tif
11SKD4647,ca_sierranevada_8_2022_TahoeEast,11,https://prd-tnm.s3.amazonaws.com/StagedProducts/Elevation/OPR/Projects/CA_SierraNevada_B22/CA_SierraNevada_8_2022/TIFF/USGS_OPR_CA_SierraNevada_B22_11SKD4647.tif
11SKD4648,ca_sierranevada_8_2022_TahoeEast,11,https://prd-tnm.s3.amazonaws.com/StagedProducts/Elevation/OPR/Projects/CA_SierraNevada_B22/CA_SierraNevada_8_2022/TIFF/USGS_OPR_CA_SierraNevada_B22_11SKD4648.tif
11SKD4649,ca_sierranevada_8_2022_TahoeEast,11,https://prd-tnm.s3.amazonaws.com/StagedProducts/Elevation/OPR/Projects/CA_SierraNevada_B22/CA_SierraNevada_8_2022/TIFF/USGS_OPR_CA_SierraNevada_B22_11SKD4649.tif
11SKD4650,ca_sierranevada_8_2022_TahoeEast,11,https://prd-tnm.s3.amazonaws.com/StagedProducts/Elevation/OPR/Projects/CA_SierraNevada_B22/CA_SierraNevada_8_2022/TIFF/USGS_OPR_CA_SierraNevada_B22_11SKD4650.tif
11SKD4651,ca_sierranevada_8_2022_TahoeEast,11,https://prd-tnm.s3.amazonaws.com/StagedProducts/Elevation/OPR/Projects/CA_SierraNevada_B22/CA_SierraNevada_8_2022/TIFF/USGS_OPR_CA_SierraNevada_B22_11SKD4651.tif
11SKD4652,ca_sierranevada_8_2022_TahoeEast,11,https://prd-tnm.s3.amazonaws.com/StagedProducts/Elevation/OPR/Projects/CA_SierraNevada_B22/CA_SierraNevada_8_2022/TIFF/USGS_OPR_CA_SierraNevada_B22_11SKD4652.tif
11SKD4653,ca_sierranevada_8_2022_TahoeEast,11,https://prd-tnm.s3.amazonaws.com/StagedProducts/Elevation/OPR/Projects/CA_SierraNevada_B22/CA_SierraNevada_8_2022/TIFF/USGS_OPR_CA_SierraNevada_B22_11SKD4653.tif
11SKD4654,ca_sierranevada_8_2022_TahoeEast,11,https://prd-tnm.s3.amazonaws.com/StagedProducts/Elevation/OPR/Projects/CA_SierraNevada_B22/CA_SierraNevada_8_2022/TIFF/USGS_OPR_CA_SierraNevada_B22_11SKD4654.tif
11SKD4655,ca_sierranevada_8_2022_TahoeEast,11,https://prd-tnm.s3.amazonaws.com/StagedProducts/Elevation/OPR/Projects/CA_SierraNevada_B22/CA_SierraNevada_8_2022/TIFF/USGS_OPR_CA_SierraNevada_B22_11SKD4655.tif
11SKD4701,ca_sierranevada_8_2022_TahoeEast,11,https://prd-tnm.s3.amazonaws.com/StagedProducts/Elevation/OPR/Projects/CA_SierraNevada_B22/CA_SierraNevada_8_2022/TIFF/USGS_OPR_CA_SierraNevada_B22_11SKD4701.tif
11SKD4702,ca_sierranevada_8_2022_TahoeEast,11,https://prd-tnm.s3.amazonaws.com/StagedProducts/Elevation/OPR/Projects/CA_SierraNevada_B22/CA_SierraNevada_8_2022/TIFF/USGS_OPR_CA_SierraNevada_B22_11SKD4702.tif
11SKD4703,ca_sierranevada_8_2022_TahoeEast,11,https://prd-tnm.s3.amazonaws.com/StagedProducts/Elevation/OPR/Projects/CA_SierraNevada_B22/CA_SierraNevada_8_2022/TIFF/USGS_OPR_CA_SierraNevada_B22_11SKD4703.tif
11SKD4704,ca_sierranevada_8_2022_TahoeEast,11,https://prd-tnm.s3.amazonaws.com/StagedProducts/Elevation/OPR/Projects/CA_SierraNevada_B22/CA_SierraNevada_8_2022/TIFF/USGS_OPR_CA_SierraNevada_B22_11SKD4704.tif
11SKD4705,ca_sierranevada_8_2022_TahoeEast,11,https://prd-tnm.s3.amazonaws.com/StagedProducts/Elevation/OPR/Projects/CA_SierraNevada_B22/CA_SierraNevada_8_2022/TIFF/USGS_OPR_CA_SierraNevada_B22_11SKD4705.tif
11SKD4706,ca_sierranevada_8_2022_TahoeEast,11,https://prd-tnm.s3.amazonaws.com/StagedProducts/Elevation/OPR/Projects/CA_SierraNevada_B22/CA_SierraNevada_8_2022/TIFF/USGS_OPR_CA_SierraNevada_B22_11SKD4706.tif
11SKD4707,ca_sierranevada_8_2022_TahoeEast,11,https://prd-tnm.s3.amazonaws.com/StagedProducts/Elevation/OPR/Projects/CA_SierraNevada_B22/CA_SierraNevada_8_2022/TIFF/USGS_OPR_CA_SierraNevada_B22_11SKD4707.tif
11SKD4708,ca_sierranevada_8_2022_TahoeEast,11,https://prd-tnm.s3.amazonaws.com/StagedProducts/Elevation/OPR/Projects/CA_SierraNevada_B22/CA_SierraNevada_8_2022/TIFF/USGS_OPR_CA_SierraNevada_B22_11SKD4708.tif
11SKD4709,ca_sierranevada_8_2022_TahoeEast,11,https://prd-tnm.s3.amazonaws.com/StagedProducts/Elevation/OPR/Projects/CA_SierraNevada_B22/CA_SierraNevada_8_2022/TIFF/USGS_OPR_CA_SierraNevada_B22_11SKD4709.tif
11SKD4710,ca_sierranevada_8_2022_TahoeEast,11,https://prd-tnm.s3.amazonaws.com/StagedProducts/Elevation/OPR/Projects/CA_SierraNevada_B22/CA_SierraNevada_8_2022/TIFF/USGS_OPR_CA_SierraNevada_B22_11SKD4710.tif
11SKD4711,ca_sierranevada_8_2022_TahoeEast,11,https://prd-tnm.s3.amazonaws.com/StagedProducts/Elevation/OPR/Projects/CA_SierraNevada_B22/CA_SierraNevada_8_2022/TIFF/USGS_OPR_CA_SierraNevada_B22_11SKD4711.tif
11SKD4712,ca_sierranevada_8_2022_TahoeEast,11,https://prd-tnm.s3.amazonaws.com/StagedProducts/Elevation/OPR/Projects/CA_SierraNevada_B22/CA_SierraNevada_8_2022/TIFF/USGS_OPR_CA_SierraNevada_B22_11SKD4712.tif
11SKD4713,ca_sierranevada_8_2022_TahoeEast,11,https://prd-tnm.s3.amazonaws.com/StagedProducts/Elevation/OPR/Projects/CA_SierraNevada_B22/CA_SierraNevada_8_2022/TIFF/USGS_OPR_CA_SierraNevada_B22_11SKD4713.tif
11SKD4714,ca_sierranevada_8_2022_TahoeEast,11,https://prd-tnm.s3.amazonaws.com/StagedProducts/Elevation/OPR/Projects/CA_SierraNevada_B22/CA_SierraNevada_8_2022/TIFF/USGS_OPR_CA_SierraNevada_B22_11SKD4714.tif
11SKD4715,ca_sierranevada_8_2022_TahoeEast,11,https://prd-tnm.s3.amazonaws.com/StagedProducts/Elevation/OPR/Projects/CA_SierraNevada_B22/CA_SierraNevada_8_2022/TIFF/USGS_OPR_CA_SierraNevada_B22_11SKD4715.tif
11SKD4716,ca_sierranevada_8_2022_TahoeEast,11,https://prd-tnm.s3.amazonaws.com/StagedProducts/Elevation/OPR/Projects/CA_SierraNevada_B22/CA_SierraNevada_8_2022/TIFF/USGS_OPR_CA_SierraNevada_B22_11SKD4716.tif
11SKD4717,ca_sierranevada_8_2022_TahoeEast,11,https://prd-tnm.s3.amazonaws.com/StagedProducts/Elevation/OPR/Projects/CA_SierraNevada_B22/CA_SierraNevada_8_2022/TIFF/USGS_OPR_CA_SierraNevada_B22_11SKD4717.tif
11SKD4718,ca_sierranevada_8_2022_TahoeEast,11,https://prd-tnm.s3.amazonaws.com/StagedProducts/Elevation/OPR/Projects/CA_SierraNevada_B22/CA_SierraNevada_8_2022/TIFF/USGS_OPR_CA_SierraNevada_B22_11SKD4718.tif
11SKD4719,ca_sierranevada_8_2022_TahoeEast,11,https://prd-tnm.s3.amazonaws.com/StagedProducts/Elevation/OPR/Projects/CA_SierraNevada_B22/CA_SierraNevada_8_2022/TIFF/USGS_OPR_CA_SierraNevada_B22_11SKD4719.tif
11SKD4720,ca_sierranevada_8_2022_TahoeEast,11,https://prd-tnm.s3.amazonaws.com/StagedProducts/Elevation/OPR/Projects/CA_SierraNevada_B22/CA_SierraNevada_8_2022/TIFF/USGS_OPR_CA_SierraNevada_B22_11SKD4720.tif
11SKD4721,ca_sierranevada_8_2022_TahoeEast,11,https://prd-tnm.s3.amazonaws.com/StagedProducts/Elevation/OPR/Projects/CA_SierraNevada_B22/CA_SierraNevada_8_2022/TIFF/USGS_OPR_CA_SierraNevada_B22_11SKD4721.tif
11SKD4722,ca_sierranevada_8_2022_TahoeEast,11,https://prd-tnm.s3.amazonaws.com/StagedProducts/Elevation/OPR/Projects/CA_SierraNevada_B22/CA_SierraNevada_8_2022/TIFF/USGS_OPR_CA_SierraNevada_B22_11SKD4722.tif
11SKD4723,ca_sierranevada_8_2022_TahoeEast,11,https://prd-tnm.s3.amazonaws.com/StagedProducts/Elevation/OPR/Projects/CA_SierraNevada_B22/CA_SierraNevada_8_2022/TIFF/USGS_OPR_CA_SierraNevada_B22_11SKD4723.tif
11SKD4724,ca_sierranevada_8_2022_TahoeEast,11,https://prd-tnm.s3.amazonaws.com/StagedProducts/Elevation/OPR/Projects/CA_SierraNevada_B22/CA_SierraNevada_8_2022/TIFF/USGS_OPR_CA_SierraNevada_B22_11SKD4724.tif
11SKD4725,ca_sierranevada_8_2022_TahoeEast,11,https://prd-tnm.s3.amazonaws.com/StagedProducts/Elevation/OPR/Projects/CA_SierraNevada_B22/CA_SierraNevada_8_2022/TIFF/USGS_OPR_CA_SierraNevada_B22_11SKD4725.tif
11SKD4726,ca_sierranevada_8_2022_TahoeEast,11,https://prd-tnm.s3.amazonaws.com/StagedProducts/Elevation/OPR/Projects/CA_SierraNevada_B22/CA_SierraNevada_8_2022/TIFF/USGS_OPR_CA_SierraNevada_B22_11SKD4726.tif
11SKD4727,ca_sierranevada_8_2022_TahoeEast,11,https://prd-tnm.s3.amazonaws.com/StagedProducts/Elevation/OPR/Projects/CA_SierraNevada_B22/CA_SierraNevada_8_2022/TIFF/USGS_OPR_CA_SierraNevada_B22_11SKD4727.tif
11SKD4728,ca_sierranevada_8_2022_TahoeEast,11,https://prd-tnm.s3.amazonaws.com/StagedProducts/Elevation/OPR/Projects/CA_SierraNevada_B22/CA_SierraNevada_8_2022/TIFF/USGS_OPR_CA_SierraNevada_B22_11SKD4728.tif
11SKD4729,ca_sierranevada_8_2022_TahoeEast,11,https://prd-tnm.s3.amazonaws.com/StagedProducts/Elevation/OPR/Projects/CA_SierraNevada_B22/CA_SierraNevada_8_2022/TIFF/USGS_OPR_CA_SierraNevada_B22_11SKD4729.tif
11SKD4730,ca_sierranevada_8_2022_TahoeEast,11,https://prd-tnm.s3.amazonaws.com/StagedProducts/Elevation/OPR/Projects/CA_SierraNevada_B22/CA_SierraNevada_8_2022/TIFF/USGS_OPR_CA_SierraNevada_B22_11SKD4730.tif
11SKD4731,ca_sierranevada_8_2022_TahoeEast,11,https://prd-tnm.s3.amazonaws.com/StagedProducts/Elevation/OPR/Projects/CA_SierraNevada_B22/CA_SierraNevada_8_2022/TIFF/USGS_OPR_CA_SierraNevada_B22_11SKD4731.tif
11SKD4732,ca_sierranevada_8_2022_TahoeEast,11,https://prd-tnm.s3.amazonaws.com/StagedProducts/Elevation/OPR/Projects/CA_SierraNevada_B22/CA_SierraNevada_8_2022/TIFF/USGS_OPR_CA_SierraNevada_B22_11SKD4732.tif
11SKD4733,ca_sierranevada_8_2022_TahoeEast,11,https://prd-tnm.s3.amazonaws.com/StagedProducts/Elevation/OPR/Projects/CA_SierraNevada_B22/CA_SierraNevada_8_2022/TIFF/USGS_OPR_CA_SierraNevada_B22_11SKD4733.tif
11SKD4734,ca_sierranevada_8_2022_TahoeEast,11,https://prd-tnm.s3.amazonaws.com/StagedProducts/Elevation/OPR/Projects/CA_SierraNevada_B22/CA_SierraNevada_8_2022/TIFF/USGS_OPR_CA_SierraNevada_B22_11SKD4734.tif
11SKD4735,ca_sierranevada_8_2022_TahoeEast,11,https://prd-tnm.s3.amazonaws.com/StagedProducts/Elevation/OPR/Projects/CA_SierraNevada_B22/CA_SierraNevada_8_2022/TIFF/USGS_OPR_CA_SierraNevada_B22_11SKD4735.tif
11SKD4736,ca_sierranevada_8_2022_TahoeEast,11,https://prd-tnm.s3.amazonaws.com/StagedProducts/Elevation/OPR/Projects/CA_SierraNevada_B22/CA_SierraNevada_8_2022/TIFF/USGS_OPR_CA_SierraNevada_B22_11SKD4736.tif
11SKD4737,ca_sierranevada_8_2022_TahoeEast,11,https://prd-tnm.s3.amazonaws.com/StagedProducts/Elevation/OPR/Projects/CA_SierraNevada_B22/CA_SierraNevada_8_2022/TIFF/USGS_OPR_CA_SierraNevada_B22_11SKD4737.tif
11SKD4738,ca_sierranevada_8_2022_TahoeEast,11,https://prd-tnm.s3.amazonaws.com/StagedProducts/Elevation/OPR/Projects/CA_SierraNevada_B22/CA_SierraNevada_8_2022/TIFF/USGS_OPR_CA_SierraNevada_B22_11SKD4738.tif
11SKD4739,ca_sierranevada_8_2022_TahoeEast,11,https://prd-tnm.s3.amazonaws.com/StagedProducts/Elevation/OPR/Projects/CA_SierraNevada_B22/CA_SierraNevada_8_2022/TIFF/USGS_OPR_CA_SierraNevada_B22_11SKD4739.tif
11SKD4740,ca_sierranevada_8_2022_TahoeEast,11,https://prd-tnm.s3.amazonaws.com/StagedProducts/Elevation/OPR/Projects/CA_SierraNevada_B22/CA_SierraNevada_8_2022/TIFF/USGS_OPR_CA_SierraNevada_B22_11SKD4740.tif
11SKD4741,ca_sierranevada_8_2022_TahoeEast,11,https://prd-tnm.s3.amazonaws.com/StagedProducts/Elevation/OPR/Projects/CA_SierraNevada_B22/CA_SierraNevada_8_2022/TIFF/USGS_OPR_CA_SierraNevada_B22_11SKD4741.tif
11SKD4742,ca_sierranevada_8_2022_TahoeEast,11,https://prd-tnm.s3.amazonaws.com/StagedProducts/Elevation/OPR/Projects/CA_SierraNevada_B22/CA_SierraNevada_8_2022/TIFF/USGS_OPR_CA_SierraNevada_B22_11SKD4742.tif
11SKD4743,ca_sierranevada_8_2022_TahoeEast,11,https://prd-tnm.s3.amazonaws.com/StagedProducts/Elevation/OPR/Projects/CA_SierraNevada_B22/CA_SierraNevada_8_2022/TIFF/USGS_OPR_CA_SierraNevada_B22_11SKD4743.tif
11SKD4744,ca_sierranevada_8_2022_TahoeEast,11,https://prd-tnm.s3.amazonaws.com/StagedProducts/Elevation/OPR/Projects/CA_SierraNevada_B22/CA_SierraNevada_8_2022/TIFF/USGS_OPR_CA_SierraNevada_B22_11SKD4744.tif
11SKD4745,ca_sierranevada_8_2022_TahoeEast,11,https://prd-tnm.s3.amazonaws.com/StagedProducts/Elevation/OPR/Projects/CA_SierraNevada_B22/CA_SierraNevada_8_2022/TIFF/USGS_OPR_CA_SierraNevada_B22_11SKD4745.tif
11SKD4746,ca_sierranevada_8_2022_TahoeEast,11,https://prd-tnm.s3.amazonaws.com/StagedProducts/Elevation/OPR/Projects/CA_SierraNevada_B22/CA_SierraNevada_8_2022/TIFF/USGS_OPR_CA_SierraNevada_B22_11SKD4746.tif
11SKD4747,ca_sierranevada_8_2022_TahoeEast,11,https://prd-tnm.s3.amazonaws.com/StagedProducts/Elevation/OPR/Projects/CA_SierraNevada_B22/CA_SierraNevada_8_2022/TIFF/USGS_OPR_CA_SierraNevada_B22_11SKD4747.tif
11SKD4748,ca_sierranevada_8_2022_TahoeEast,11,https://prd-tnm.s3.amazonaws.com/StagedProducts/Elevation/OPR/Projects/CA_SierraNevada_B22/CA_SierraNevada_8_2022/TIFF/USGS_OPR_CA_SierraNevada_B22_11SKD4748.tif
11SKD4749,ca_sierranevada_8_2022_TahoeEast,11,https://prd-tnm.s3.amazonaws.com/StagedProducts/Elevation/OPR/Projects/CA_SierraNevada_B22/CA_SierraNevada_8_2022/TIFF/USGS_OPR_CA_SierraNevada_B22_11SKD4749.tif
11SKD4750,ca_sierranevada_8_2022_TahoeEast,11,https://prd-tnm.s3.amazonaws.com/StagedProducts/Elevation/OPR/Projects/CA_SierraNevada_B22/CA_SierraNevada_8_2022/TIFF/USGS_OPR_CA_SierraNevada_B22_11SKD4750.tif
11SKD4751,ca_sierranevada_8_2022_TahoeEast,11,https://prd-tnm.s3.amazonaws.com/StagedProducts/Elevation/OPR/Projects/CA_SierraNevada_B22/CA_SierraNevada_8_2022/TIFF/USGS_OPR_CA_SierraNevada_B22_11SKD4751.tif
11SKD4752,ca_sierranevada_8_2022_TahoeEast,11,https://prd-tnm.s3.amazonaws.com/StagedProducts/Elevation/OPR/Projects/CA_SierraNevada_B22/CA_SierraNevada_8_2022/TIFF/USGS_OPR_CA_SierraNevada_B22_11SKD4752.tif
11SKD4753,ca_sierranevada_8_2022_TahoeEast,11,https://prd-tnm.s3.amazonaws.com/StagedProducts/Elevation/OPR/Projects/CA_SierraNevada_B22/CA_SierraNevada_8_2022/TIFF/USGS_OPR_CA_SierraNevada_B22_11SKD4753.tif
11SKD4754,ca_sierranevada_8_2022_TahoeEast,11,https://prd-tnm.s3.amazonaws.com/StagedProducts/Elevation/OPR/Projects/CA_SierraNevada_B22/CA_SierraNevada_8_2022/TIFF/USGS_OPR_CA_SierraNevada_B22_11SKD4754.tif
11SKD4755,ca_sierranevada_8_2022_TahoeEast,11,https://prd-tnm.s3.amazonaws.com/StagedProducts/Elevation/OPR/Projects/CA_SierraNevada_B22/CA_SierraNevada_8_2022/TIFF/USGS_OPR_CA_SierraNevada_B22_11SKD4755.tif
11SKD4804,ca_sierranevada_8_2022_TahoeEast,11,https://prd-tnm.s3.amazonaws.com/StagedProducts/Elevation/OPR/Projects/CA_SierraNevada_B22/CA_SierraNevada_8_2022/TIFF/USGS_OPR_CA_SierraNevada_B22_11SKD4804.tif
11SKD4805,ca_sierranevada_8_2022_TahoeEast,11,https://prd-tnm.s3.amazonaws.com/StagedProducts/Elevation/OPR/Projects/CA_SierraNevada_B22/CA_SierraNevada_8_2022/TIFF/USGS_OPR_CA_SierraNevada_B22_11SKD4805.tif
11SKD4806,ca_sierranevada_8_2022_TahoeEast,11,https://prd-tnm.s3.amazonaws.com/StagedProducts/Elevation/OPR/Projects/CA_SierraNevada_B22/CA_SierraNevada_8_2022/TIFF/USGS_OPR_CA_SierraNevada_B22_11SKD4806.tif
11SKD4807,ca_sierranevada_8_2022_TahoeEast,11,https://prd-tnm.s3.amazonaws.com/StagedProducts/Elevation/OPR/Projects/CA_SierraNevada_B22/CA_SierraNevada_8_2022/TIFF/USGS_OPR_CA_SierraNevada_B22_11SKD4807.tif
11SKD4808,ca_sierranevada_8_2022_TahoeEast,11,https://prd-tnm.s3.amazonaws.com/StagedProducts/Elevation/OPR/Projects/CA_SierraNevada_B22/CA_SierraNevada_8_2022/TIFF/USGS_OPR_CA_SierraNevada_B22_11SKD4808.tif
11SKD4809,ca_sierranevada_8_2022_TahoeEast,11,https://prd-tnm.s3.amazonaws.com/StagedProducts/Elevation/OPR/Projects/CA_SierraNevada_B22/CA_SierraNevada_8_2022/TIFF/USGS_OPR_CA_SierraNevada_B22_11SKD4809.tif
11SKD4810,ca_sierranevada_8_2022_TahoeEast,11,https://prd-tnm.s3.amazonaws.com/StagedProducts/Elevation/OPR/Projects/CA_SierraNevada_B22/CA_SierraNevada_8_2022/TIFF/USGS_OPR_CA_SierraNevada_B22_11SKD4810.tif
11SKD4811,ca_sierranevada_8_2022_TahoeEast,11,https://prd-tnm.s3.amazonaws.com/StagedProducts/Elevation/OPR/Projects/CA_SierraNevada_B22/CA_SierraNevada_8_2022/TIFF/USGS_OPR_CA_SierraNevada_B22_11SKD4811.tif
11SKD4812,ca_sierranevada_8_2022_TahoeEast,11,https://prd-tnm.s3.amazonaws.com/StagedProducts/Elevation/OPR/Projects/CA_SierraNevada_B22/CA_SierraNevada_8_2022/TIFF/USGS_OPR_CA_SierraNevada_B22_11SKD4812.tif
11SKD4813,ca_sierranevada_8_2022_TahoeEast,11,https://prd-tnm.s3.amazonaws.com/StagedProducts/Elevation/OPR/Projects/CA_SierraNevada_B22/CA_SierraNevada_8_2022/TIFF/USGS_OPR_CA_SierraNevada_B22_11SKD4813.tif
11SKD4815,ca_sierranevada_8_2022_TahoeEast,11,https://prd-tnm.s3.amazonaws.com/StagedProducts/Elevation/OPR/Projects/CA_SierraNevada_B22/CA_SierraNevada_8_2022/TIFF/USGS_OPR_CA_SierraNevada_B22_11SKD4815.tif
11SKD4816,ca_sierranevada_8_2022_TahoeEast,11,https://prd-tnm.s3.amazonaws.com/StagedProducts/Elevation/OPR/Projects/CA_SierraNevada_B22/CA_SierraNevada_8_2022/TIFF/USGS_OPR_CA_SierraNevada_B22_11SKD4816.tif
11SKD4817,ca_sierranevada_8_2022_TahoeEast,11,https://prd-tnm.s3.amazonaws.com/StagedProducts/Elevation/OPR/Projects/CA_SierraNevada_B22/CA_SierraNevada_8_2022/TIFF/USGS_OPR_CA_SierraNevada_B22_11SKD4817.tif
11SKD4818,ca_sierranevada_8_2022_TahoeEast,11,https://prd-tnm.s3.amazonaws.com/StagedProducts/Elevation/OPR/Projects/CA_SierraNevada_B22/CA_SierraNevada_8_2022/TIFF/USGS_OPR_CA_SierraNevada_B22_11SKD4818.tif
11SKD4819,ca_sierranevada_8_2022_TahoeEast,11,https://prd-tnm.s3.amazonaws.com/StagedProducts/Elevation/OPR/Projects/CA_SierraNevada_B22/CA_SierraNevada_8_2022/TIFF/USGS_OPR_CA_SierraNevada_B22_11SKD4819.tif
11SKD4820,ca_sierranevada_8_2022_TahoeEast,11,https://prd-tnm.s3.amazonaws.com/StagedProducts/Elevation/OPR/Projects/CA_SierraNevada_B22/CA_SierraNevada_8_2022/TIFF/USGS_OPR_CA_SierraNevada_B22_11SKD4820.tif
11SKD4821,ca_sierranevada_8_2022_TahoeEast,11,https://prd-tnm.s3.amazonaws.com/StagedProducts/Elevation/OPR/Projects/CA_SierraNevada_B22/CA_SierraNevada_8_2022/TIFF/USGS_OPR_CA_SierraNevada_B22_11SKD4821.tif
11SKD4822,ca_sierranevada_8_2022_TahoeEast,11,https://prd-tnm.s3.amazonaws.com/StagedProducts/Elevation/OPR/Projects/CA_SierraNevada_B22/CA_SierraNevada_8_2022/TIFF/USGS_OPR_CA_SierraNevada_B22_11SKD4822.tif
11SKD4823,ca_sierranevada_8_2022_TahoeEast,11,https://prd-tnm.s3.amazonaws.com/StagedProducts/Elevation/OPR/Projects/CA_SierraNevada_B22/CA_SierraNevada_8_2022/TIFF/USGS_OPR_CA_SierraNevada_B22_11SKD4823.tif
11SKD4824,ca_sierranevada_8_2022_TahoeEast,11,https://prd-tnm.s3.amazonaws.com/StagedProducts/Elevation/OPR/Projects/CA_SierraNevada_B22/CA_SierraNevada_8_2022/TIFF/USGS_OPR_CA_SierraNevada_B22_11SKD4824.tif
11SKD4825,ca_sierranevada_8_2022_TahoeEast,11,https://prd-tnm.s3.amazonaws.com/StagedProducts/Elevation/OPR/Projects/CA_SierraNevada_B22/CA_SierraNevada_8_2022/TIFF/USGS_OPR_CA_SierraNevada_B22_11SKD4825.tif
11SKD4826,ca_sierranevada_8_2022_TahoeEast,11,https://prd-tnm.s3.amazonaws.com/StagedProducts/Elevation/OPR/Projects/CA_SierraNevada_B22/CA_SierraNevada_8_2022/TIFF/USGS_OPR_CA_SierraNevada_B22_11SKD4826.tif
11SKD4827,ca_sierranevada_8_2022_TahoeEast,11,https://prd-tnm.s3.amazonaws.com/StagedProducts/Elevation/OPR/Projects/CA_SierraNevada_B22/CA_SierraNevada_8_2022/TIFF/USGS_OPR_CA_SierraNevada_B22_11SKD4827.tif
11SKD4828,ca_sierranevada_8_2022_TahoeEast,11,https://prd-tnm.s3.amazonaws.com/StagedProducts/Elevation/OPR/Projects/CA_SierraNevada_B22/CA_SierraNevada_8_2022/TIFF/USGS_OPR_CA_SierraNevada_B22_11SKD4828.tif
11SKD4829,ca_sierranevada_8_2022_TahoeEast,11,https://prd-tnm.s3.amazonaws.com/StagedProducts/Elevation/OPR/Projects/CA_SierraNevada_B22/CA_SierraNevada_8_2022/TIFF/USGS_OPR_CA_SierraNevada_B22_11SKD4829.tif
11SKD4830,ca_sierranevada_8_2022_TahoeEast,11,https://prd-tnm.s3.amazonaws.com/StagedProducts/Elevation/OPR/Projects/CA_SierraNevada_B22/CA_SierraNevada_8_2022/TIFF/USGS_OPR_CA_SierraNevada_B22_11SKD4830.tif
11SKD4831,ca_sierranevada_8_2022_TahoeEast,11,https://prd-tnm.s3.amazonaws.com/StagedProducts/Elevation/OPR/Projects/CA_SierraNevada_B22/CA_SierraNevada_8_2022/TIFF/USGS_OPR_CA_SierraNevada_B22_11SKD4831.tif
11SKD4832,ca_sierranevada_8_2022_TahoeEast,11,https://prd-tnm.s3.amazonaws.com/StagedProducts/Elevation/OPR/Projects/CA_SierraNevada_B22/CA_SierraNevada_8_2022/TIFF/USGS_OPR_CA_SierraNevada_B22_11SKD4832.tif
11SKD4833,ca_sierranevada_8_2022_TahoeEast,11,https://prd-tnm.s3.amazonaws.com/StagedProducts/Elevation/OPR/Projects/CA_SierraNevada_B22/CA_SierraNevada_8_2022/TIFF/USGS_OPR_CA_SierraNevada_B22_11SKD4833.tif
11SKD4834,ca_sierranevada_8_2022_TahoeEast,11,https://prd-tnm.s3.amazonaws.com/StagedProducts/Elevation/OPR/Projects/CA_SierraNevada_B22/CA_SierraNevada_8_2022/TIFF/USGS_OPR_CA_SierraNevada_B22_11SKD4834.tif
11SKD4835,ca_sierranevada_8_2022_TahoeEast,11,https://prd-tnm.s3.amazonaws.com/StagedProducts/Elevation/OPR/Projects/CA_SierraNevada_B22/CA_SierraNevada_8_2022/TIFF/USGS_OPR_CA_SierraNevada_B22_11SKD4835.tif
11SKD4836,ca_sierranevada_8_2022_TahoeEast,11,https://prd-tnm.s3.amazonaws.com/StagedProducts/Elevation/OPR/Projects/CA_SierraNevada_B22/CA_SierraNevada_8_2022/TIFF/USGS_OPR_CA_SierraNevada_B22_11SKD4836.tif
11SKD4837,ca_sierranevada_8_2022_TahoeEast,11,https://prd-tnm.s3.amazonaws.com/StagedProducts/Elevation/OPR/Projects/CA_SierraNevada_B22/CA_SierraNevada_8_2022/TIFF/USGS_OPR_CA_SierraNevada_B22_11SKD4837.tif
11SKD4838,ca_sierranevada_8_2022_TahoeEast,11,https://prd-tnm.s3.amazonaws.com/StagedProducts/Elevation/OPR/Projects/CA_SierraNevada_B22/CA_SierraNevada_8_2022/TIFF/USGS_OPR_CA_SierraNevada_B22_11SKD4838.tif
11SKD4839,ca_sierranevada_8_2022_TahoeEast,11,https://prd-tnm.s3.amazonaws.com/StagedProducts/Elevation/OPR/Projects/CA_SierraNevada_B22/CA_SierraNevada_8_2022/TIFF/USGS_OPR_CA_SierraNevada_B22_11SKD4839.tif
11SKD4840,ca_sierranevada_8_2022_TahoeEast,11,https://prd-tnm.s3.amazonaws.com/StagedProducts/Elevation/OPR/Projects/CA_SierraNevada_B22/CA_SierraNevada_8_2022/TIFF/USGS_OPR_CA_SierraNevada_B22_11SKD4840.tif
11SKD4841,ca_sierranevada_8_2022_TahoeEast,11,https://prd-tnm.s3.amazonaws.com/StagedProducts/Elevation/OPR/Projects/CA_SierraNevada_B22/CA_SierraNevada_8_2022/TIFF/USGS_OPR_CA_SierraNevada_B22_11SKD4841.tif
11SKD4842,ca_sierranevada_8_2022_TahoeEast,11,https://prd-tnm.s3.amazonaws.com/StagedProducts/Elevation/OPR/Projects/CA_SierraNevada_B22/CA_SierraNevada_8_2022/TIFF/USGS_OPR_CA_SierraNevada_B22_11SKD4842.tif
11SKD4843,ca_sierranevada_8_2022_TahoeEast,11,https://prd-tnm.s3.amazonaws.com/StagedProducts/Elevation/OPR/Projects/CA_SierraNevada_B22/CA_SierraNevada_8_2022/TIFF/USGS_OPR_CA_SierraNevada_B22_11SKD4843.tif
11SKD4844,ca_sierranevada_8_2022_TahoeEast,11,https://prd-tnm.s3.amazonaws.com/StagedProducts/Elevation/OPR/Projects/CA_SierraNevada_B22/CA_SierraNevada_8_2022/TIFF/USGS_OPR_CA_SierraNevada_B22_11SKD4844.tif
11SKD4845,ca_sierranevada_8_2022_TahoeEast,11,https://prd-tnm.s3.amazonaws.com/StagedProducts/Elevation/OPR/Projects/CA_SierraNevada_B22/CA_SierraNevada_8_2022/TIFF/USGS_OPR_CA_SierraNevada_B22_11SKD4845.tif
11SKD4846,ca_sierranevada_8_2022_TahoeEast,11,https://prd-tnm.s3.amazonaws.com/StagedProducts/Elevation/OPR/Projects/CA_SierraNevada_B22/CA_SierraNevada_8_2022/TIFF/USGS_OPR_CA_SierraNevada_B22_11SKD4846.tif
11SKD4847,ca_sierranevada_8_2022_TahoeEast,11,https://prd-tnm.s3.amazonaws.com/StagedProducts/Elevation/OPR/Projects/CA_SierraNevada_B22/CA_SierraNevada_8_2022/TIFF/USGS_OPR_CA_SierraNevada_B22_11SKD4847.tif
11SKD4848,ca_sierranevada_8_2022_TahoeEast,11,https://prd-tnm.s3.amazonaws.com/StagedProducts/Elevation/OPR/Projects/CA_SierraNevada_B22/CA_SierraNevada_8_2022/TIFF/USGS_OPR_CA_SierraNevada_B22_11SKD4848.tif
11SKD4849,ca_sierranevada_8_2022_TahoeEast,11,https://prd-tnm.s3.amazonaws.com/StagedProducts/Elevation/OPR/Projects/CA_SierraNevada_B22/CA_SierraNevada_8_2022/TIFF/USGS_OPR_CA_SierraNevada_B22_11SKD4849.tif
11SKD4850,ca_sierranevada_8_2022_TahoeEast,11,https://prd-tnm.s3.amazonaws.com/StagedProducts/Elevation/OPR/Projects/CA_SierraNevada_B22/CA_SierraNevada_8_2022/TIFF/USGS_OPR_CA_SierraNevada_B22_11SKD4850.tif
11SKD4851,ca_sierranevada_8_2022_TahoeEast,11,https://prd-tnm.s3.amazonaws.com/StagedProducts/Elevation/OPR/Projects/CA_SierraNevada_B22/CA_SierraNevada_8_2022/TIFF/USGS_OPR_CA_SierraNevada_B22_11SKD4851.tif
11SKD4852,ca_sierranevada_8_2022_TahoeEast,11,https://prd-tnm.s3.amazonaws.com/StagedProducts/Elevation/OPR/Projects/CA_SierraNevada_B22/CA_SierraNevada_8_2022/TIFF/USGS_OPR_CA_SierraNevada_B22_11SKD4852.tif
11SKD4904,ca_sierranevada_8_2022_TahoeEast,11,https://prd-tnm.s3.amazonaws.com/StagedProducts/Elevation/OPR/Projects/CA_SierraNevada_B22/CA_SierraNevada_8_2022/TIFF/USGS_OPR_CA_SierraNevada_B22_11SKD4904.tif
11SKD4905,ca_sierranevada_8_2022_TahoeEast,11,https://prd-tnm.s3.amazonaws.com/StagedProducts/Elevation/OPR/Projects/CA_SierraNevada_B22/CA_SierraNevada_8_2022/TIFF/USGS_OPR_CA_SierraNevada_B22_11SKD4905.tif
11SKD4906,ca_sierranevada_8_2022_TahoeEast,11,https://prd-tnm.s3.amazonaws.com/StagedProducts/Elevation/OPR/Projects/CA_SierraNevada_B22/CA_SierraNevada_8_2022/TIFF/USGS_OPR_CA_SierraNevada_B22_11SKD4906.tif
11SKD4907,ca_sierranevada_8_2022_TahoeEast,11,https://prd-tnm.s3.amazonaws.com/StagedProducts/Elevation/OPR/Projects/CA_SierraNevada_B22/CA_SierraNevada_8_2022/TIFF/USGS_OPR_CA_SierraNevada_B22_11SKD4907.tif
11SKD4908,ca_sierranevada_8_2022_TahoeEast,11,https://prd-tnm.s3.amazonaws.com/StagedProducts/Elevation/OPR/Projects/CA_SierraNevada_B22/CA_SierraNevada_8_2022/TIFF/USGS_OPR_CA_SierraNevada_B22_11SKD4908.tif
11SKD4909,ca_sierranevada_8_2022_TahoeEast,11,https://prd-tnm.s3.amazonaws.com/StagedProducts/Elevation/OPR/Projects/CA_SierraNevada_B22/CA_SierraNevada_8_2022/TIFF/USGS_OPR_CA_SierraNevada_B22_11SKD4909.tif
11SKD4910,ca_sierranevada_8_2022_TahoeEast,11,https://prd-tnm.s3.amazonaws.com/StagedProducts/Elevation/OPR/Projects/CA_SierraNevada_B22/CA_SierraNevada_8_2022/TIFF/USGS_OPR_CA_SierraNevada_B22_11SKD4910.tif
11SKD4911,ca_sierranevada_8_2022_TahoeEast,11,https://prd-tnm.s3.amazonaws.com/StagedProducts/Elevation/OPR/Projects/CA_SierraNevada_B22/CA_SierraNevada_8_2022/TIFF/USGS_OPR_CA_SierraNevada_B22_11SKD4911.tif
11SKD4912,ca_sierranevada_8_2022_TahoeEast,11,https://prd-tnm.s3.amazonaws.com/StagedProducts/Elevation/OPR/Projects/CA_SierraNevada_B22/CA_SierraNevada_8_2022/TIFF/USGS_OPR_CA_SierraNevada_B22_11SKD4912.tif
11SKD4916,ca_sierranevada_8_2022_TahoeEast,11,https://prd-tnm.s3.amazonaws.com/StagedProducts/Elevation/OPR/Projects/CA_SierraNevada_B22/CA_SierraNevada_8_2022/TIFF/USGS_OPR_CA_SierraNevada_B22_11SKD4916.tif
11SKD4917,ca_sierranevada_8_2022_TahoeEast,11,https://prd-tnm.s3.amazonaws.com/StagedProducts/Elevation/OPR/Projects/CA_SierraNevada_B22/CA_SierraNevada_8_2022/TIFF/USGS_OPR_CA_SierraNevada_B22_11SKD4917.tif
11SKD4918,ca_sierranevada_8_2022_TahoeEast,11,https://prd-tnm.s3.amazonaws.com/StagedProducts/Elevation/OPR/Projects/CA_SierraNevada_B22/CA_SierraNevada_8_2022/TIFF/USGS_OPR_CA_SierraNevada_B22_11SKD4918.tif
11SKD4919,ca_sierranevada_8_2022_TahoeEast,11,https://prd-tnm.s3.amazonaws.com/StagedProducts/Elevation/OPR/Projects/CA_SierraNevada_B22/CA_SierraNevada_8_2022/TIFF/USGS_OPR_CA_SierraNevada_B22_11SKD4919.tif
11SKD4920,ca_sierranevada_8_2022_TahoeEast,11,https://prd-tnm.s3.amazonaws.com/StagedProducts/Elevation/OPR/Projects/CA_SierraNevada_B22/CA_SierraNevada_8_2022/TIFF/USGS_OPR_CA_SierraNevada_B22_11SKD4920.tif
11SKD4921,ca_sierranevada_8_2022_TahoeEast,11,https://prd-tnm.s3.amazonaws.com/StagedProducts/Elevation/OPR/Projects/CA_SierraNevada_B22/CA_SierraNevada_8_2022/TIFF/USGS_OPR_CA_SierraNevada_B22_11SKD4921.tif
11SKD4922,ca_sierranevada_8_2022_TahoeEast,11,https://prd-tnm.s3.amazonaws.com/StagedProducts/Elevation/OPR/Projects/CA_SierraNevada_B22/CA_SierraNevada_8_2022/TIFF/USGS_OPR_CA_SierraNevada_B22_11SKD4922.tif
11SKD4923,ca_sierranevada_8_2022_TahoeEast,11,https://prd-tnm.s3.amazonaws.com/StagedProducts/Elevation/OPR/Projects/CA_SierraNevada_B22/CA_SierraNevada_8_2022/TIFF/USGS_OPR_CA_SierraNevada_B22_11SKD4923.tif
11SKD4924,ca_sierranevada_8_2022_TahoeEast,11,https://prd-tnm.s3.amazonaws.com/StagedProducts/Elevation/OPR/Projects/CA_SierraNevada_B22/CA_SierraNevada_8_2022/TIFF/USGS_OPR_CA_SierraNevada_B22_11SKD4924.tif
11SKD4925,ca_sierranevada_8_2022_TahoeEast,11,https://prd-tnm.s3.amazonaws.com/StagedProducts/Elevation/OPR/Projects/CA_SierraNevada_B22/CA_SierraNevada_8_2022/TIFF/USGS_OPR_CA_SierraNevada_B22_11SKD4925.tif
11SKD4926,ca_sierranevada_8_2022_TahoeEast,11,https://prd-tnm.s3.amazonaws.com/StagedProducts/Elevation/OPR/Projects/CA_SierraNevada_B22/CA_SierraNevada_8_2022/TIFF/USGS_OPR_CA_SierraNevada_B22_11SKD4926.tif
11SKD4927,ca_sierranevada_8_2022_TahoeEast,11,https://prd-tnm.s3.amazonaws.com/StagedProducts/Elevation/OPR/Projects/CA_SierraNevada_B22/CA_SierraNevada_8_2022/TIFF/USGS_OPR_CA_SierraNevada_B22_11SKD4927.tif
11SKD4928,ca_sierranevada_8_2022_TahoeEast,11,https://prd-tnm.s3.amazonaws.com/StagedProducts/Elevation/OPR/Projects/CA_SierraNevada_B22/CA_SierraNevada_8_2022/TIFF/USGS_OPR_CA_SierraNevada_B22_11SKD4928.tif
11SKD4929,ca_sierranevada_8_2022_TahoeEast,11,https://prd-tnm.s3.amazonaws.com/StagedProducts/Elevation/OPR/Projects/CA_SierraNevada_B22/CA_SierraNevada_8_2022/TIFF/USGS_OPR_CA_SierraNevada_B22_11SKD4929.tif
11SKD4930,ca_sierranevada_8_2022_TahoeEast,11,https://prd-tnm.s3.amazonaws.com/StagedProducts/Elevation/OPR/Projects/CA_SierraNevada_B22/CA_SierraNevada_8_2022/TIFF/USGS_OPR_CA_SierraNevada_B22_11SKD4930.tif
11SKD4931,ca_sierranevada_8_2022_TahoeEast,11,https://prd-tnm.s3.amazonaws.com/StagedProducts/Elevation/OPR/Projects/CA_SierraNevada_B22/CA_SierraNevada_8_2022/TIFF/USGS_OPR_CA_SierraNevada_B22_11SKD4931.tif
11SKD4932,ca_sierranevada_8_2022_TahoeEast,11,https://prd-tnm.s3.amazonaws.com/StagedProducts/Elevation/OPR/Projects/CA_SierraNevada_B22/CA_SierraNevada_8_2022/TIFF/USGS_OPR_CA_SierraNevada_B22_11SKD4932.tif
11SKD4933,ca_sierranevada_8_2022_TahoeEast,11,https://prd-tnm.s3.amazonaws.com/StagedProducts/Elevation/OPR/Projects/CA_SierraNevada_B22/CA_SierraNevada_8_2022/TIFF/USGS_OPR_CA_SierraNevada_B22_11SKD4933.tif
11SKD4934,ca_sierranevada_8_2022_TahoeEast,11,https://prd-tnm.s3.amazonaws.com/StagedProducts/Elevation/OPR/Projects/CA_SierraNevada_B22/CA_SierraNevada_8_2022/TIFF/USGS_OPR_CA_SierraNevada_B22_11SKD4934.tif
11SKD4935,ca_sierranevada_8_2022_TahoeEast,11,https://prd-tnm.s3.amazonaws.com/StagedProducts/Elevation/OPR/Projects/CA_SierraNevada_B22/CA_SierraNevada_8_2022/TIFF/USGS_OPR_CA_SierraNevada_B22_11SKD4935.tif
11SKD4936,ca_sierranevada_8_2022_TahoeEast,11,https://prd-tnm.s3.amazonaws.com/StagedProducts/Elevation/OPR/Projects/CA_SierraNevada_B22/CA_SierraNevada_8_2022/TIFF/USGS_OPR_CA_SierraNevada_B22_11SKD4936.tif
11SKD4937,ca_sierranevada_8_2022_TahoeEast,11,https://prd-tnm.s3.amazonaws.com/StagedProducts/Elevation/OPR/Projects/CA_SierraNevada_B22/CA_SierraNevada_8_2022/TIFF/USGS_OPR_CA_SierraNevada_B22_11SKD4937.tif
11SKD4938,ca_sierranevada_8_2022_TahoeEast,11,https://prd-tnm.s3.amazonaws.com/StagedProducts/Elevation/OPR/Projects/CA_SierraNevada_B22/CA_SierraNevada_8_2022/TIFF/USGS_OPR_CA_SierraNevada_B22_11SKD4938.tif
11SKD4939,ca_sierranevada_8_2022_TahoeEast,11,https://prd-tnm.s3.amazonaws.com/StagedProducts/Elevation/OPR/Projects/CA_SierraNevada_B22/CA_SierraNevada_8_2022/TIFF/USGS_OPR_CA_SierraNevada_B22_11SKD4939.tif
11SKD4940,ca_sierranevada_8_2022_TahoeEast,11,https://prd-tnm.s3.amazonaws.com/StagedProducts/Elevation/OPR/Projects/CA_SierraNevada_B22/CA_SierraNevada_8_2022/TIFF/USGS_OPR_CA_SierraNevada_B22_11SKD4940.tif
11SKD4941,ca_sierranevada_8_2022_TahoeEast,11,https://prd-tnm.s3.amazonaws.com/StagedProducts/Elevation/OPR/Projects/CA_SierraNevada_B22/CA_SierraNevada_8_2022/TIFF/USGS_OPR_CA_SierraNevada_B22_11SKD4941.tif
11SKD4945,ca_sierranevada_8_2022_TahoeEast,11,https://prd-tnm.s3.amazonaws.com/StagedProducts/Elevation/OPR/Projects/CA_SierraNevada_B22/CA_SierraNevada_8_2022/TIFF/USGS_OPR_CA_SierraNevada_B22_11SKD4945.tif
11SKD4946,ca_sierranevada_8_2022_TahoeEast,11,https://prd-tnm.s3.amazonaws.com/StagedProducts/Elevation/OPR/Projects/CA_SierraNevada_B22/CA_SierraNevada_8_2022/TIFF/USGS_OPR_CA_SierraNevada_B22_11SKD4946.tif
11SKD4947,ca_sierranevada_8_2022_TahoeEast,11,https://prd-tnm.s3.amazonaws.com/StagedProducts/Elevation/OPR/Projects/CA_SierraNevada_B22/CA_SierraNevada_8_2022/TIFF/USGS_OPR_CA_SierraNevada_B22_11SKD4947.tif
11SKD4949,ca_sierranevada_8_2022_TahoeEast,11,https://prd-tnm.s3.amazonaws.com/StagedProducts/Elevation/OPR/Projects/CA_SierraNevada_B22/CA_SierraNevada_8_2022/TIFF/USGS_OPR_CA_SierraNevada_B22_11SKD4949.tif
11SKD4950,ca_sierranevada_8_2022_TahoeEast,11,https://prd-tnm.s3.amazonaws.com/StagedProducts/Elevation/OPR/Projects/CA_SierraNevada_B22/CA_SierraNevada_8_2022/TIFF/USGS_OPR_CA_SierraNevada_B22_11SKD4950.tif
11SKD4951,ca_sierranevada_8_2022_TahoeEast,11,https://prd-tnm.s3.amazonaws.com/StagedProducts/Elevation/OPR/Projects/CA_SierraNevada_B22/CA_SierraNevada_8_2022/TIFF/USGS_OPR_CA_SierraNevada_B22_11SKD4951.tif
11SKD4952,ca_sierranevada_8_2022_TahoeEast,11,https://prd-tnm.s3.amazonaws.com/StagedProducts/Elevation/OPR/Projects/CA_SierraNevada_B22/CA_SierraNevada_8_2022/TIFF/USGS_OPR_CA_SierraNevada_B22_11SKD4952.tif
11SKD5005,ca_sierranevada_8_2022_TahoeEast,11,https://prd-tnm.s3.amazonaws.com/StagedProducts/Elevation/OPR/Projects/CA_SierraNevada_B22/CA_SierraNevada_8_2022/TIFF/USGS_OPR_CA_SierraNevada_B22_11SKD5005.tif
11SKD5006,ca_sierranevada_8_2022_TahoeEast,11,https://prd-tnm.s3.amazonaws.com/StagedProducts/Elevation/OPR/Projects/CA_SierraNevada_B22/CA_SierraNevada_8_2022/TIFF/USGS_OPR_CA_SierraNevada_B22_11SKD5006.tif
11SKD5007,ca_sierranevada_8_2022_TahoeEast,11,https://prd-tnm.s3.amazonaws.com/StagedProducts/Elevation/OPR/Projects/CA_SierraNevada_B22/CA_SierraNevada_8_2022/TIFF/USGS_OPR_CA_SierraNevada_B22_11SKD5007.tif
11SKD5008,ca_sierranevada_8_2022_TahoeEast,11,https://prd-tnm.s3.amazonaws.com/StagedProducts/Elevation/OPR/Projects/CA_SierraNevada_B22/CA_SierraNevada_8_2022/TIFF/USGS_OPR_CA_SierraNevada_B22_11SKD5008.tif
11SKD5009,ca_sierranevada_8_2022_TahoeEast,11,https://prd-tnm.s3.amazonaws.com/StagedProducts/Elevation/OPR/Projects/CA_SierraNevada_B22/CA_SierraNevada_8_2022/TIFF/USGS_OPR_CA_SierraNevada_B22_11SKD5009.tif
11SKD5010,ca_sierranevada_8_2022_TahoeEast,11,https://prd-tnm.s3.amazonaws.com/StagedProducts/Elevation/OPR/Projects/CA_SierraNevada_B22/CA_SierraNevada_8_2022/TIFF/USGS_OPR_CA_SierraNevada_B22_11SKD5010.tif
11SKD5011,ca_sierranevada_8_2022_TahoeEast,11,https://prd-tnm.s3.amazonaws.com/StagedProducts/Elevation/OPR/Projects/CA_SierraNevada_B22/CA_SierraNevada_8_2022/TIFF/USGS_OPR_CA_SierraNevada_B22_11SKD5011.tif
11SKD5035,ca_sierranevada_8_2022_TahoeEast,11,https://prd-tnm.s3.amazonaws.com/StagedProducts/Elevation/OPR/Projects/CA_SierraNevada_B22/CA_SierraNevada_8_2022/TIFF/USGS_OPR_CA_SierraNevada_B22_11SKD5035.tif
11SKD5036,ca_sierranevada_8_2022_TahoeEast,11,https://prd-tnm.s3.amazonaws.com/StagedProducts/Elevation/OPR/Projects/CA_SierraNevada_B22/CA_SierraNevada_8_2022/TIFF/USGS_OPR_CA_SierraNevada_B22_11SKD5036.tif
11SKD5037,ca_sierranevada_8_2022_TahoeEast,11,https://prd-tnm.s3.amazonaws.com/StagedProducts/Elevation/OPR/Projects/CA_SierraNevada_B22/CA_SierraNevada_8_2022/TIFF/USGS_OPR_CA_SierraNevada_B22_11SKD5037.tif
11SKD5038,ca_sierranevada_8_2022_TahoeEast,11,https://prd-tnm.s3.amazonaws.com/StagedProducts/Elevation/OPR/Projects/CA_SierraNevada_B22/CA_SierraNevada_8_2022/TIFF/USGS_OPR_CA_SierraNevada_B22_11SKD5038.tif
